,ST_CASE,FATALS,PERSONS,MONTH,MAN_COLL,VSPD_LIM,LGT_COND,WEATHER,VSURCOND,STATE,DRUNK_DR,rate,rate_numerical,arrival_time
804,20022,1,1,5,0,65,1,10,1,2,0,high,1.0,18.0
805,20023,1,1,6,0,40,1,1,1,2,1,high,1.0,8.0
806,20024,1,1,6,0,25,1,1,11,2,1,high,1.0,5.0
807,20025,1,1,6,0,45,1,10,1,2,0,high,1.0,46.0
808,20026,1,1,6,0,55,1,1,1,2,0,high,1.0,10.0
809,20027,1,6,7,1,65,1,1,1,2,1,low,0.16666666666666666,16.0
810,20028,1,5,7,1,45,3,1,1,2,1,low,0.2,28.0
811,20029,1,1,7,0,45,3,10,1,2,0,high,1.0,9.0
812,20030,1,2,6,2,50,1,10,1,2,0,low,0.5,18.0
813,20031,2,5,7,6,55,5,1,1,2,0,low,0.4,11.0
814,20032,1,1,7,0,45,2,10,1,2,0,high,1.0,5.0
815,20033,1,1,7,0,30,3,1,1,2,0,high,1.0,2.0
816,20034,1,3,7,6,45,5,1,1,2,0,low,0.3333333333333333,7.0
817,20035,1,18,7,1,55,1,1,1,2,0,low,0.05555555555555555,11.0
818,20036,2,4,8,2,55,1,1,1,2,0,low,0.5,4.0
819,20037,1,6,8,0,55,3,5,1,2,0,low,0.16666666666666666,2.0
820,20038,1,6,7,0,45,1,10,1,2,0,low,0.16666666666666666,10.0
821,20039,1,1,8,0,25,5,1,1,2,1,high,1.0,3.0
822,20040,1,2,8,2,55,1,1,1,2,0,low,0.5,6.0
823,20041,1,1,9,0,65,3,10,1,2,1,high,1.0,12.0
824,20042,1,3,9,0,40,2,1,1,2,0,low,0.3333333333333333,4.0
825,20043,1,1,10,0,99,3,2,2,2,0,high,1.0,42.0
826,20044,1,3,9,6,45,1,12,6,2,0,low,0.3333333333333333,55.0
827,20045,1,1,10,0,55,1,10,2,2,1,high,1.0,5.0
828,20046,1,1,7,0,20,1,1,1,2,1,high,1.0,30.0
829,20047,1,2,9,0,65,1,10,1,2,0,low,0.5,10.0
830,20048,1,1,10,0,40,3,2,2,2,1,high,1.0,7.0
831,20049,1,1,10,0,60,3,1,1,2,1,high,1.0,12.0
832,20050,1,2,10,2,55,1,2,2,2,0,low,0.5,10.0
833,20051,1,2,10,0,30,1,10,1,2,0,low,0.5,3.0
834,20052,1,2,11,2,55,1,4,4,2,0,low,0.5,4.0
835,20053,1,2,11,0,65,3,10,2,2,1,low,0.5,7.0
836,20054,1,3,11,2,65,4,10,4,2,0,low,0.3333333333333333,13.0
837,20055,3,4,12,6,55,2,1,1,2,0,high,0.75,34.0
838,20056,1,1,12,0,25,6,4,3,2,1,high,1.0,9.0
839,20057,1,1,12,0,55,2,1,4,2,0,high,1.0,9.0
840,20058,1,1,12,0,45,3,1,1,2,0,high,1.0,6.0
841,20059,1,2,11,0,25,2,4,3,2,0,low,0.5,19.0
842,20060,1,2,12,8,55,2,10,1,2,1,low,0.5,5.0
843,40001,1,1,1,0,65,2,2,2,4,0,high,1.0,13.0
844,40002,1,5,1,0,65,1,10,4,4,0,low,0.2,2.0
845,40003,1,1,1,0,45,1,1,1,4,0,high,1.0,2.0
846,40004,1,3,1,0,65,2,1,1,4,1,low,0.3333333333333333,4.0
847,40005,1,2,1,6,35,4,1,1,4,0,low,0.5,7.0
848,40006,1,2,1,2,65,1,1,1,4,0,low,0.5,6.0
849,40007,1,1,1,0,65,1,1,1,4,0,high,1.0,8.0
850,40008,1,3,1,0,45,2,1,1,4,0,low,0.3333333333333333,5.0
851,40009,1,3,1,0,50,2,1,1,4,1,low,0.3333333333333333,5.0
852,40010,2,2,1,0,98,2,1,1,4,0,high,1.0,4.0
853,40011,1,2,1,0,35,1,10,1,4,1,low,0.5,3.0
854,40012,1,1,1,0,75,2,10,1,4,1,high,1.0,5.0
855,40013,2,5,1,6,35,4,5,1,4,0,low,0.4,5.0
856,40014,1,1,1,0,0,1,1,1,4,0,high,1.0,9.0
857,40015,1,6,1,7,65,1,1,1,4,0,low,0.16666666666666666,7.0
858,40016,1,6,1,0,35,3,1,1,4,0,low,0.16666666666666666,4.0
859,40017,1,4,1,6,50,1,1,1,4,0,low,0.25,17.0
860,40018,1,3,1,0,30,1,1,1,4,0,low,0.3333333333333333,3.0
861,40019,1,3,1,6,98,1,1,1,4,0,low,0.3333333333333333,6.0
862,40022,1,1,1,0,45,3,1,1,4,1,high,1.0,7.0
863,40023,1,2,1,6,35,1,1,1,4,0,low,0.5,10.0
864,40024,1,4,1,1,65,3,1,1,4,1,low,0.25,15.0
865,40025,1,1,1,0,40,3,1,1,4,1,high,1.0,2.0
866,40026,1,4,1,8,55,3,10,1,4,1,low,0.25,4.0
867,40027,1,2,1,2,65,1,1,1,4,1,low,0.5,8.0
868,40028,1,3,1,6,45,1,1,1,4,1,low,0.3333333333333333,8.0
869,40029,2,2,1,2,65,1,10,1,4,0,high,1.0,5.0
870,40030,3,8,1,2,65,4,2,2,4,0,low,0.375,29.0
871,40031,2,2,1,0,75,1,2,6,4,0,high,1.0,11.0
872,40032,1,4,1,0,30,2,2,2,4,0,low,0.25,37.0
873,40033,1,4,1,2,55,2,1,1,4,0,low,0.25,12.0
874,40034,1,3,1,0,75,2,1,1,4,0,low,0.3333333333333333,5.0
875,40036,1,8,1,1,65,1,1,1,4,0,low,0.125,54.0
876,40037,1,1,1,0,35,2,1,1,4,1,high,1.0,8.0
877,40038,1,3,1,1,50,4,10,1,4,0,low,0.3333333333333333,18.0
878,40039,1,2,1,6,45,3,1,1,4,2,low,0.5,11.0
879,40040,1,2,1,0,75,2,1,1,4,1,low,0.5,4.0
880,40041,1,2,1,0,35,1,10,2,4,1,low,0.5,5.0
881,40042,1,2,1,1,45,3,1,1,4,1,low,0.5,47.0
882,40043,1,3,1,99,45,1,1,1,4,0,low,0.3333333333333333,8.0
883,40044,1,1,1,0,75,2,1,1,4,0,high,1.0,5.0
884,40045,1,5,1,1,65,3,1,1,4,0,low,0.2,14.0
885,40046,1,5,1,1,75,1,1,1,4,1,low,0.2,4.0
886,40047,1,4,1,6,0,5,10,0,4,0,low,0.25,13.0
887,40048,1,1,1,0,25,3,1,1,4,1,high,1.0,5.0
888,40049,1,6,1,2,50,1,10,2,4,0,low,0.16666666666666666,1.0
889,40050,1,1,1,0,65,2,2,2,4,0,high,1.0,3.0
890,40051,1,1,1,0,25,3,10,1,4,1,high,1.0,6.0
891,40052,1,6,1,0,40,2,1,1,4,1,low,0.16666666666666666,8.0
892,40053,1,2,1,6,45,1,1,1,4,0,low,0.5,22.0
893,40054,1,2,1,0,45,1,10,1,4,0,low,0.5,5.0
894,40055,1,2,1,6,40,3,1,1,4,1,low,0.5,16.0
895,40056,1,1,1,0,99,9,99,99,4,0,high,1.0,7.0
896,40057,1,3,1,6,99,1,99,99,4,0,low,0.3333333333333333,4.0
897,40058,1,4,1,1,45,2,1,1,4,0,low,0.25,5.0
898,40059,1,1,1,0,45,3,1,1,4,0,high,1.0,19.0
899,40060,1,1,1,0,35,3,1,1,4,1,high,1.0,3.0
900,40061,1,1,1,0,40,3,1,1,4,1,high,1.0,9.0
901,40062,1,1,1,0,99,9,99,99,4,0,high,1.0,5.0
902,40063,1,1,1,0,45,2,1,1,4,0,high,1.0,5.0
903,40064,1,4,2,1,45,1,1,1,4,0,low,0.25,2.0
904,40065,1,1,2,0,35,2,1,1,4,0,high,1.0,7.0
905,40066,1,6,2,0,65,1,1,1,4,0,low,0.16666666666666666,3.0
906,40067,1,3,2,6,0,1,1,0,4,0,low,0.3333333333333333,20.0
907,40068,1,2,2,0,45,1,1,1,4,0,low,0.5,41.0
908,40069,4,4,2,2,55,2,1,1,4,1,high,1.0,8.0
909,40070,1,3,2,6,65,1,1,1,4,0,low,0.3333333333333333,7.0
910,40071,1,2,2,0,35,1,1,1,4,0,low,0.5,8.0
911,40072,1,2,2,1,35,2,1,1,4,0,low,0.5,14.0
912,40073,1,6,2,0,40,1,1,1,4,1,low,0.16666666666666666,11.0
913,40074,1,1,2,0,40,2,1,1,4,0,high,1.0,2.0
914,40075,1,3,2,1,75,2,1,1,4,0,low,0.3333333333333333,5.0
915,40076,1,2,2,0,75,2,1,1,4,0,low,0.5,5.0
916,40077,1,1,2,0,25,1,1,1,4,0,high,1.0,2.0
917,40078,1,4,2,8,65,2,1,1,4,0,low,0.25,5.0
918,40079,1,1,2,0,40,2,1,1,4,0,high,1.0,6.0
919,40080,1,1,2,0,65,3,1,1,4,0,high,1.0,31.0
920,40081,1,1,2,0,50,1,1,1,4,0,high,1.0,0.0
921,40082,1,1,2,0,40,2,1,1,4,0,high,1.0,6.0
922,40083,1,3,2,6,40,4,1,1,4,0,low,0.3333333333333333,23.0
923,40084,1,1,2,0,45,1,1,1,4,0,high,1.0,6.0
924,40085,1,1,2,0,75,1,1,1,4,0,high,1.0,4.0
925,40086,1,3,2,6,45,2,1,1,4,0,low,0.3333333333333333,11.0
926,40087,1,1,2,0,65,1,1,1,4,0,high,1.0,2.0
927,40088,3,4,2,0,75,1,1,1,4,0,high,0.75,4.0
928,40089,1,1,2,0,65,1,10,1,4,0,high,1.0,6.0
929,40090,1,3,2,1,40,2,1,1,4,1,low,0.3333333333333333,26.0
930,40091,1,4,2,0,40,1,1,1,4,1,low,0.25,5.0
931,40092,1,3,2,6,65,4,10,1,4,0,low,0.3333333333333333,8.0
932,40093,1,3,2,9,65,1,1,1,4,0,low,0.3333333333333333,8.0
933,40094,1,1,2,0,55,2,1,1,4,0,high,1.0,43.0
934,40095,1,1,2,0,65,1,1,1,4,0,high,1.0,3.0
935,40096,1,2,1,2,40,3,2,2,4,0,low,0.5,9.0
936,40097,1,1,2,0,65,2,10,1,4,0,high,1.0,6.0
937,40098,1,1,1,0,55,1,10,2,4,1,high,1.0,20.0
938,40099,1,1,2,0,45,1,1,1,4,0,high,1.0,6.0
939,40100,1,1,2,0,98,2,1,1,4,0,high,1.0,13.0
940,40102,1,1,2,0,99,9,99,99,4,0,high,1.0,5.0
941,40103,1,1,2,0,40,5,1,1,4,0,high,1.0,10.0
942,40104,1,1,2,0,35,1,1,1,4,0,high,1.0,28.0
943,40105,2,8,2,7,45,1,1,1,4,0,low,0.25,21.0
944,40106,1,1,2,0,40,3,1,1,4,0,high,1.0,19.0
945,40108,1,2,2,0,25,5,1,1,4,0,low,0.5,6.0
946,40109,1,4,2,2,99,6,99,99,4,1,low,0.25,6.0
947,40110,1,4,2,0,45,3,1,1,4,1,low,0.25,11.0
948,40111,1,2,2,6,30,1,1,1,4,0,low,0.5,14.0
949,40112,1,1,2,0,40,2,1,1,4,0,high,1.0,6.0
950,40113,1,2,2,6,25,1,1,1,4,0,low,0.5,6.0
951,40114,1,1,2,0,50,2,1,1,4,1,high,1.0,7.0
952,40115,1,1,2,0,99,9,99,99,4,0,high,1.0,15.0
953,40116,1,2,2,99,99,9,99,99,4,0,low,0.5,12.0
954,40117,1,1,2,0,35,3,1,1,4,1,high,1.0,4.0
955,40118,1,4,2,6,40,3,1,1,4,1,low,0.25,14.0
956,40119,1,1,2,0,45,5,1,1,4,1,high,1.0,17.0
957,40120,1,1,2,0,99,6,99,99,4,0,high,1.0,5.0
958,40121,1,2,2,0,99,9,99,99,4,0,low,0.5,29.0
959,40122,1,3,2,6,50,1,1,1,4,0,low,0.3333333333333333,4.0
960,40123,1,4,2,0,99,9,99,99,4,1,low,0.25,18.0
961,40124,1,2,2,99,45,1,1,1,4,0,low,0.5,3.0
962,40125,1,2,2,0,40,1,10,1,4,0,low,0.5,6.0
963,40126,1,1,2,0,45,3,1,1,4,1,high,1.0,8.0
964,40127,1,2,2,6,40,4,1,1,4,0,low,0.5,4.0
965,40128,1,1,2,0,40,3,1,1,4,1,high,1.0,65.0
966,40129,1,1,2,0,35,5,1,1,4,0,high,1.0,40.0
967,40130,1,7,3,1,65,1,2,2,4,0,low,0.14285714285714285,8.0
968,40131,1,2,3,0,25,1,10,1,4,0,low,0.5,4.0
969,40132,1,1,3,0,35,1,1,1,4,1,high,1.0,28.0
970,40133,1,6,3,6,35,1,1,1,4,0,low,0.16666666666666666,5.0
971,40134,1,1,3,0,40,1,1,1,4,0,high,1.0,3.0
972,40135,1,1,3,0,55,3,1,1,4,1,high,1.0,65.0
973,40136,1,1,3,0,45,2,1,1,4,0,high,1.0,17.0
974,40137,1,1,3,0,65,2,1,1,4,0,high,1.0,11.0
975,40138,2,5,3,6,45,3,1,1,4,1,low,0.4,13.0
976,40139,1,5,3,6,35,3,1,1,4,0,low,0.2,13.0
977,40140,1,2,3,0,45,2,1,1,4,1,low,0.5,4.0
978,40141,2,3,3,0,45,4,1,1,4,1,high,0.6666666666666666,8.0
979,40142,1,4,3,6,45,3,1,1,4,0,low,0.25,7.0
980,40143,1,1,3,0,45,3,1,1,4,0,high,1.0,6.0
981,40144,1,2,3,0,35,2,1,1,4,1,low,0.5,18.0
982,40145,1,2,3,1,65,1,1,1,4,0,low,0.5,7.0
983,40146,1,2,3,6,98,1,10,1,4,0,low,0.5,4.0
984,40147,1,1,3,0,45,2,10,1,4,0,high,1.0,10.0
985,40148,1,2,3,9,55,2,10,1,4,1,low,0.5,5.0
986,40149,1,1,3,0,40,3,1,1,4,0,high,1.0,8.0
987,40150,1,2,3,6,25,2,1,1,4,0,low,0.5,5.0
988,40151,1,2,3,1,40,2,1,1,4,1,low,0.5,3.0
989,40152,1,2,3,0,25,1,1,1,4,0,low,0.5,11.0
990,40153,1,1,3,0,25,5,1,1,4,1,high,1.0,18.0
991,40154,1,1,3,0,65,3,1,1,4,0,high,1.0,21.0
992,40155,1,1,3,0,35,1,1,1,4,0,high,1.0,17.0
993,40156,1,5,3,7,45,5,1,1,4,1,low,0.2,28.0
994,40157,1,1,3,0,55,2,1,1,4,0,high,1.0,5.0
995,40158,1,6,3,0,75,2,1,1,4,0,low,0.16666666666666666,6.0
996,40159,1,2,3,99,75,2,1,1,4,0,low,0.5,4.0
997,40160,1,1,3,0,50,1,1,1,4,1,high,1.0,3.0
998,40161,1,7,3,99,75,2,1,1,4,0,low,0.14285714285714285,31.0
999,40163,1,2,3,6,45,1,10,1,4,0,low,0.5,3.0
1000,40164,1,2,3,2,50,2,1,1,4,1,low,0.5,7.0
1001,40165,1,4,3,0,40,1,1,1,4,0,low,0.25,6.0
1002,40166,1,1,3,0,45,1,1,1,4,1,high,1.0,21.0
1003,40167,1,1,3,0,35,2,10,1,4,1,high,1.0,1.0
1004,40168,1,3,3,1,75,1,1,1,4,0,low,0.3333333333333333,26.0
1005,40169,1,3,3,2,75,1,1,1,4,1,low,0.3333333333333333,6.0
1006,40170,1,5,3,0,65,2,1,1,4,0,low,0.2,8.0
1007,40171,1,3,3,6,35,3,1,1,4,1,low,0.3333333333333333,8.0
1008,40172,2,4,3,6,45,1,1,1,4,0,low,0.5,7.0
1009,40173,1,1,3,0,25,6,1,1,4,1,high,1.0,21.0
1010,40174,1,1,3,0,50,4,1,1,4,1,high,1.0,43.0
1011,40175,1,1,3,0,75,1,10,1,4,0,high,1.0,6.0
1012,40176,1,2,3,6,35,1,1,1,4,0,low,0.5,9.0
1013,40177,1,1,3,0,25,1,1,1,4,0,high,1.0,15.0
1014,40178,1,1,3,0,25,1,1,1,4,1,high,1.0,33.0
1015,40179,1,2,1,0,30,1,1,1,4,0,low,0.5,1.0
1016,40180,1,1,1,0,45,3,1,1,4,0,high,1.0,11.0
1017,40181,1,2,3,0,45,1,1,1,4,0,low,0.5,23.0
1018,40182,1,1,3,0,55,1,1,1,4,0,high,1.0,10.0
1019,40183,1,1,3,0,65,3,10,1,4,1,high,1.0,14.0
1020,40184,1,2,3,7,65,1,1,1,4,0,low,0.5,7.0
1021,40185,1,2,3,0,25,2,10,1,4,1,low,0.5,8.0
1022,40186,1,4,3,7,75,1,1,1,4,0,low,0.25,9.0
1023,40187,1,3,3,6,40,1,1,1,4,0,low,0.3333333333333333,12.0
1024,40188,1,2,3,6,50,2,1,1,4,0,low,0.5,2.0
1025,40189,1,2,3,0,35,2,1,1,4,1,low,0.5,8.0
1026,40190,1,1,3,0,35,6,98,1,4,0,high,1.0,9.0
1027,40191,1,6,3,0,98,6,98,98,4,1,low,0.16666666666666666,5.0
1028,40192,1,1,3,0,40,5,10,1,4,0,high,1.0,20.0
1029,40193,1,2,3,6,45,1,1,1,4,0,low,0.5,3.0
1030,40194,1,2,3,6,35,1,1,1,4,1,low,0.5,15.0
1031,40195,1,3,3,6,45,5,1,1,4,1,low,0.3333333333333333,14.0
1032,40196,1,1,3,0,35,1,99,98,4,0,high,1.0,5.0
1033,40197,1,3,3,6,99,6,99,99,4,2,low,0.3333333333333333,3.0
1034,40198,1,1,3,0,99,9,99,99,4,0,high,1.0,3.0
1035,40199,1,1,3,0,40,1,1,1,4,1,high,1.0,8.0
1036,40200,1,2,3,2,65,2,1,1,4,1,low,0.5,4.0
1037,40202,3,3,3,0,45,3,1,1,4,1,high,1.0,5.0
1038,40203,1,4,3,6,45,2,1,1,4,1,low,0.25,8.0
1039,40204,1,1,3,0,35,1,1,1,4,0,high,1.0,3.0
1040,40205,1,2,3,6,40,3,2,2,4,2,low,0.5,4.0
1041,40206,1,3,3,6,40,1,99,99,4,0,low,0.3333333333333333,6.0
1042,40207,1,2,3,1,45,2,98,1,4,1,low,0.5,6.0
1043,40208,1,1,3,0,0,1,1,0,4,0,high,1.0,4.0
1044,40209,1,1,3,0,35,1,1,1,4,0,high,1.0,4.0
1045,40210,1,4,4,6,0,1,1,0,4,0,low,0.25,3.0
1046,40211,1,2,4,2,55,1,1,1,4,0,low,0.5,25.0
1047,40212,1,2,4,0,40,3,1,1,4,0,low,0.5,14.0
1048,40213,1,1,4,0,55,1,1,1,4,0,high,1.0,3.0
1049,40214,1,1,4,0,50,2,1,1,4,0,high,1.0,20.0
1050,40215,3,5,4,8,65,1,1,1,4,0,high,0.6,4.0
1051,40216,1,1,4,0,55,1,1,1,4,0,high,1.0,14.0
1052,40217,1,1,4,0,75,2,1,1,4,1,high,1.0,29.0
1053,40218,1,2,4,6,0,1,1,0,4,0,low,0.5,11.0
1054,40219,1,3,4,1,45,1,1,1,4,0,low,0.3333333333333333,28.0
1055,40220,1,2,4,1,35,1,1,1,4,1,low,0.5,7.0
1056,40221,1,2,4,6,98,1,1,1,4,0,low,0.5,7.0
1057,40222,1,1,4,0,30,1,1,1,4,0,high,1.0,9.0
1058,40223,1,3,4,0,35,3,1,1,4,0,low,0.3333333333333333,300.0
1059,40224,1,2,4,7,65,1,1,1,4,0,low,0.5,2.0
1060,40225,1,2,4,0,45,1,1,1,4,0,low,0.5,3.0
1061,40226,1,1,4,0,75,1,1,1,4,0,high,1.0,6.0
1062,40227,1,1,4,0,40,1,1,1,4,0,high,1.0,5.0
1063,40228,1,1,4,0,65,1,1,1,4,0,high,1.0,43.0
1064,40229,1,2,4,0,98,2,1,1,4,1,low,0.5,22.0
1065,40230,2,2,4,0,30,3,1,1,4,1,high,1.0,38.0
1066,40231,1,3,4,1,45,3,1,1,4,1,low,0.3333333333333333,4.0
1067,40232,2,3,4,0,65,2,1,1,4,0,high,0.6666666666666666,19.0
1068,40233,1,2,4,2,50,1,1,1,4,1,low,0.5,13.0
1069,40234,1,2,4,1,40,1,1,1,4,1,low,0.5,4.0
1070,40235,1,2,4,2,55,2,1,1,4,1,low,0.5,4.0
1071,40236,1,1,4,0,25,3,1,1,4,1,high,1.0,22.0
1072,40237,1,1,4,0,35,1,1,1,4,0,high,1.0,4.0
1073,40238,1,2,4,0,40,1,1,1,4,0,low,0.5,6.0
1074,40240,2,8,4,0,75,2,1,1,4,0,low,0.25,5.0
1075,40241,1,1,4,0,35,1,1,1,4,0,high,1.0,0.0
1076,40242,1,2,4,7,35,1,1,1,4,0,low,0.5,0.0
1077,40243,1,1,4,0,35,3,1,1,4,0,high,1.0,4.0
1078,40244,1,1,4,0,55,1,1,1,4,0,high,1.0,11.0
1079,40245,1,3,4,0,35,3,1,1,4,1,low,0.3333333333333333,8.0
1080,40246,1,2,4,0,35,3,1,1,4,1,low,0.5,6.0
1081,40247,1,1,3,0,65,1,1,1,4,0,high,1.0,15.0
1082,40248,1,2,4,0,75,1,10,1,4,0,low,0.5,9.0
1083,40249,1,4,4,6,65,1,10,1,4,0,low,0.25,0.0
1084,40250,1,3,4,1,65,1,1,1,4,1,low,0.3333333333333333,4.0
1085,40251,1,2,4,6,55,3,1,1,4,0,low,0.5,6.0
1086,40252,1,1,4,0,30,3,1,1,4,0,high,1.0,7.0
1087,40253,1,1,1,99,99,1,99,99,4,0,high,1.0,14.0
1088,40254,1,2,2,2,99,9,99,99,4,0,low,0.5,16.0
1089,40257,1,2,4,99,99,6,99,99,4,0,low,0.5,5.0
1090,40258,1,1,4,0,98,2,1,1,4,0,high,1.0,5.0
1091,40259,1,2,4,99,99,9,99,99,4,0,low,0.5,2.0
1092,40261,1,1,4,0,30,3,1,1,4,0,high,1.0,14.0
1093,40262,1,8,4,0,40,2,1,1,4,0,low,0.125,5.0
1094,40263,1,1,4,0,98,6,1,1,4,0,high,1.0,7.0
1095,40264,1,2,4,0,50,1,1,1,4,1,low,0.5,6.0
1096,40265,1,2,4,1,45,4,1,1,4,0,low,0.5,7.0
1097,40266,1,3,4,0,25,3,1,1,4,1,low,0.3333333333333333,22.0
1098,40268,1,1,4,99,99,1,99,99,4,0,high,1.0,12.0
1099,40269,1,5,4,6,45,1,1,1,4,1,low,0.2,16.0
1100,40270,1,4,4,6,25,1,1,1,4,0,low,0.25,4.0
1101,40271,1,1,4,0,40,6,1,1,4,0,high,1.0,13.0
1102,40272,1,1,4,0,45,1,1,1,4,0,high,1.0,7.0
1103,40273,1,2,4,6,99,1,99,99,4,0,low,0.5,20.0
1104,40274,1,6,4,6,99,9,99,99,4,0,low,0.16666666666666666,32.0
1105,40275,1,1,3,0,99,1,99,99,4,1,high,1.0,17.0
1106,40276,1,1,5,0,65,1,1,1,4,0,high,1.0,16.0
1107,40277,1,6,5,2,40,3,1,1,4,0,low,0.16666666666666666,50.0
1108,40278,1,1,5,0,40,1,1,1,4,0,high,1.0,14.0
1109,40279,1,7,5,0,75,2,1,1,4,0,low,0.14285714285714285,34.0
1110,40280,1,1,5,0,45,3,1,1,4,0,high,1.0,6.0
1111,40281,1,1,5,0,55,1,10,1,4,0,high,1.0,9.0
1112,40282,1,1,5,0,65,1,6,1,4,0,high,1.0,16.0
1113,40283,1,1,5,0,45,3,1,1,4,1,high,1.0,15.0
1114,40284,1,2,5,0,45,3,1,1,4,0,low,0.5,18.0
1115,40285,1,1,5,0,35,1,1,1,4,0,high,1.0,4.0
1116,40286,1,1,5,0,40,1,1,1,4,0,high,1.0,8.0
1117,40287,1,1,5,0,35,3,1,1,4,1,high,1.0,13.0
1118,40288,1,1,5,0,45,3,1,1,4,0,high,1.0,2.0
1119,40289,1,2,5,1,75,2,1,1,4,0,low,0.5,17.0
1120,40290,1,3,5,0,45,1,2,2,4,0,low,0.3333333333333333,7.0
1121,40291,1,2,5,2,45,1,1,1,4,1,low,0.5,14.0
1122,40292,2,3,5,6,55,1,1,1,4,0,high,0.6666666666666666,6.0
1123,40293,1,1,5,0,65,4,1,1,4,0,high,1.0,13.0
1124,40294,1,4,5,6,45,1,1,1,4,0,low,0.25,14.0
1125,40295,2,3,5,0,50,1,10,1,4,0,high,0.6666666666666666,6.0
1126,40296,1,3,5,1,40,3,1,1,4,1,low,0.3333333333333333,29.0
1127,40297,1,1,5,0,75,2,1,1,4,1,high,1.0,21.0
1128,40298,1,1,5,0,98,1,98,98,4,0,high,1.0,27.0
1129,40299,1,1,5,0,55,1,10,1,4,0,high,1.0,10.0
1130,40300,1,5,5,1,45,3,1,1,4,1,low,0.2,7.0
1131,40301,1,2,5,0,25,2,1,1,4,1,low,0.5,14.0
1132,40302,1,1,5,0,65,2,1,1,4,1,high,1.0,15.0
1133,40303,1,1,5,0,25,1,1,1,4,0,high,1.0,4.0
1134,40304,1,1,5,0,65,3,1,1,4,0,high,1.0,35.0
1135,40305,1,1,5,0,55,1,1,1,4,1,high,1.0,22.0
1136,40306,1,3,5,6,65,1,1,1,4,1,low,0.3333333333333333,9.0
1137,40307,1,3,5,0,40,3,1,1,4,0,low,0.3333333333333333,29.0
1138,40308,1,2,5,0,45,2,1,1,4,1,low,0.5,7.0
1139,40309,1,2,5,0,25,2,10,1,4,1,low,0.5,16.0
1140,40310,2,3,5,2,45,1,10,1,4,0,high,0.6666666666666666,9.0
1141,40311,2,5,5,0,40,3,1,1,4,1,low,0.4,6.0
1142,40312,1,1,5,0,35,2,1,1,4,0,high,1.0,6.0
1143,40313,1,1,5,0,45,2,1,1,4,1,high,1.0,15.0
1144,40314,1,3,5,6,45,3,1,1,4,0,low,0.3333333333333333,40.0
1145,40315,1,1,5,0,45,2,1,1,4,0,high,1.0,1.0
1146,40317,1,2,5,6,0,1,1,0,4,0,low,0.5,5.0
1147,40318,1,2,5,1,45,1,1,1,4,0,low,0.5,19.0
1148,40319,1,2,5,0,75,1,10,1,4,0,low,0.5,36.0
1149,40320,1,1,5,0,55,1,1,1,4,1,high,1.0,13.0
1150,40321,1,1,3,0,40,3,1,1,4,0,high,1.0,41.0
1151,40322,1,1,4,0,99,6,99,99,4,1,high,1.0,41.0
1152,40323,1,1,5,0,65,1,1,1,4,1,high,1.0,3.0
1153,40324,1,3,5,0,99,6,99,99,4,0,low,0.3333333333333333,5.0
1154,40325,1,2,5,6,50,3,1,1,4,1,low,0.5,11.0
1155,40326,1,1,5,0,35,3,1,1,4,1,high,1.0,8.0
1156,40327,1,2,5,0,40,3,1,1,4,0,low,0.5,3.0
1157,40328,1,1,5,0,50,1,1,1,4,0,high,1.0,5.0
1158,40329,1,1,5,0,65,1,1,1,4,1,high,1.0,14.0
1159,40330,1,4,5,6,45,1,1,1,4,1,low,0.25,6.0
1160,40331,1,1,5,0,45,1,1,1,4,0,high,1.0,3.0
1161,40332,1,3,5,1,35,1,1,1,4,0,low,0.3333333333333333,6.0
1162,40333,1,1,5,0,40,3,1,1,4,0,high,1.0,22.0
1163,40334,1,2,5,6,40,1,1,1,4,0,low,0.5,11.0
1164,40335,1,2,5,6,50,1,1,1,4,0,low,0.5,9.0
1165,40336,1,1,5,0,99,9,99,99,4,0,high,1.0,62.0
1166,40337,1,2,5,0,99,1,99,99,4,0,low,0.5,12.0
1167,40338,1,2,5,99,99,1,99,99,4,0,low,0.5,12.0
1168,40339,2,1,5,0,25,3,1,1,4,1,high,2.0,7.0
1169,40340,1,8,5,6,45,3,10,1,4,1,low,0.125,34.0
1170,40341,1,3,5,6,40,1,10,1,4,1,low,0.3333333333333333,275.0
1171,40342,1,1,5,0,99,6,99,99,4,0,high,1.0,11.0
1172,40343,1,1,5,0,25,3,1,1,4,1,high,1.0,13.0
1173,40344,2,11,5,2,40,1,1,1,4,0,low,0.18181818181818182,11.0
1174,40345,1,2,5,0,35,3,1,1,4,0,low,0.5,6.0
1175,40346,1,1,5,0,15,3,1,1,4,1,high,1.0,13.0
1176,40348,1,1,5,0,99,1,99,99,4,0,high,1.0,7.0
1177,40349,1,4,5,0,0,2,2,2,4,1,low,0.25,18.0
1178,40350,1,2,5,99,99,6,99,99,4,0,low,0.5,8.0
1179,40351,1,2,5,11,25,1,1,1,4,0,low,0.5,4.0
1180,40352,1,1,5,0,45,3,1,1,4,1,high,1.0,30.0
1181,40353,1,1,5,0,99,6,99,99,4,0,high,1.0,4.0
1182,40354,1,10,6,6,0,1,1,0,4,0,low,0.1,10.0
1183,40355,1,3,6,99,40,1,1,1,4,0,low,0.3333333333333333,71.0
1184,40356,1,1,6,0,98,2,1,1,4,0,high,1.0,7.0
1185,40357,1,2,6,1,75,2,1,1,4,1,low,0.5,5.0
1186,40358,1,1,6,0,40,3,1,1,4,0,high,1.0,6.0
1187,40359,1,2,6,0,45,1,1,1,4,0,low,0.5,2.0
1188,40360,1,3,6,7,65,3,10,1,4,0,low,0.3333333333333333,5.0
1189,40361,1,2,6,0,55,1,1,1,4,0,low,0.5,49.0
1190,40362,1,1,6,0,65,2,1,1,4,0,high,1.0,11.0
1191,40363,1,1,6,0,45,2,1,1,4,0,high,1.0,4.0
1192,40364,3,4,6,2,40,1,1,1,4,0,high,0.75,12.0
1193,40365,1,2,6,2,45,1,1,1,4,0,low,0.5,5.0
1194,40366,1,1,6,0,75,1,1,2,4,0,high,1.0,3.0
1195,40367,1,2,6,0,50,1,1,1,4,0,low,0.5,8.0
1196,40368,1,1,6,0,65,2,1,1,4,0,high,1.0,48.0
1197,40369,1,1,6,0,65,4,1,1,4,0,high,1.0,22.0
1198,40370,1,4,6,6,40,1,1,1,4,0,low,0.25,23.0
1199,40371,1,1,6,0,30,2,1,1,4,0,high,1.0,28.0
1200,40372,1,3,6,0,75,1,1,1,4,0,low,0.3333333333333333,4.0
1201,40373,1,2,6,0,75,1,10,1,4,0,low,0.5,73.0
1202,40374,1,2,6,0,75,2,1,1,4,0,low,0.5,18.0