,ST_CASE,FATALS,PERSONS,MONTH,MAN_COLL,VSPD_LIM,LGT_COND,WEATHER,VSURCOND,STATE,DRUNK_DR,rate,rate_numerical,arrival_time
1203,40375,1,1,6,0,75,2,1,1,4,0,high,1.0,9.0
1204,40376,2,5,6,0,98,1,99,98,4,1,low,0.4,32.0
1205,40377,1,2,6,6,0,1,1,0,4,0,low,0.5,20.0
1206,40378,1,1,6,0,55,2,1,1,4,1,high,1.0,5.0
1207,40379,1,6,6,6,45,1,1,1,4,0,low,0.16666666666666666,30.0
1208,40380,1,2,6,1,45,1,1,1,4,0,low,0.5,7.0
1209,40381,1,3,6,1,35,1,1,1,4,0,low,0.3333333333333333,6.0
1210,40382,1,3,6,0,55,1,1,1,4,1,low,0.3333333333333333,7.0
1211,40383,1,1,6,0,40,3,1,1,4,0,high,1.0,11.0
1212,40384,1,4,6,0,65,1,1,1,4,0,low,0.25,3.0
1213,40385,1,5,6,1,35,1,1,1,4,0,low,0.2,13.0
1214,40386,1,1,6,0,55,2,1,1,4,0,high,1.0,5.0
1215,40387,1,1,6,0,40,1,1,1,4,0,high,1.0,7.0
1216,40388,1,1,6,0,55,5,1,1,4,0,high,1.0,4.0
1217,40389,1,1,6,0,75,1,1,1,4,0,high,1.0,7.0
1218,40390,1,1,6,0,25,2,1,1,4,1,high,1.0,4.0
1219,40391,1,1,6,0,98,1,98,98,4,0,high,1.0,8.0
1220,40392,3,3,6,0,75,2,10,1,4,0,high,1.0,4.0
1221,40393,1,1,6,0,75,1,1,1,4,0,high,1.0,15.0
1222,40394,1,3,6,2,40,1,1,1,4,0,low,0.3333333333333333,7.0
1223,40395,1,2,6,6,0,1,10,0,4,1,low,0.5,6.0
1224,40396,1,4,6,6,35,1,1,1,4,0,low,0.25,3.0
1225,40397,1,4,6,0,98,6,99,99,4,0,low,0.25,13.0
1226,40398,1,5,6,6,45,1,1,1,4,0,low,0.2,4.0
1227,40399,1,1,6,0,99,6,99,99,4,0,high,1.0,9.0
1228,40400,1,2,6,0,35,2,1,1,4,0,low,0.5,11.0
1229,40401,1,2,6,0,40,2,1,1,4,1,low,0.5,3.0
1230,40402,1,5,6,6,99,9,99,99,4,0,low,0.2,6.0
1231,40403,1,2,6,0,99,6,99,99,4,0,low,0.5,4.0
1232,40404,1,1,6,0,40,3,1,1,4,0,high,1.0,6.0
1233,40405,1,3,6,0,45,1,1,1,4,0,low,0.3333333333333333,3.0
1234,40406,1,1,6,0,99,1,99,99,4,0,high,1.0,9.0
1235,40407,1,2,6,6,45,1,10,1,4,0,low,0.5,7.0
1236,40409,1,2,6,0,25,3,1,1,4,1,low,0.5,34.0
1237,40410,1,1,6,0,99,6,99,99,4,0,high,1.0,8.0
1238,40411,1,1,6,0,99,6,99,99,4,0,high,1.0,2.0
1239,40412,1,1,6,0,99,6,99,99,4,0,high,1.0,6.0
1240,40413,1,3,6,6,40,1,1,1,4,0,low,0.3333333333333333,11.0
1241,40414,1,3,6,99,99,6,99,99,4,1,low,0.3333333333333333,5.0
1242,40415,1,3,6,0,35,3,1,1,4,0,low,0.3333333333333333,2.0
1243,40416,1,1,6,0,99,6,99,99,4,0,high,1.0,6.0
1244,40417,1,1,6,0,45,3,1,1,4,0,high,1.0,8.0
1245,40418,1,2,6,1,98,2,1,1,4,1,low,0.5,20.0
1246,40419,1,1,6,0,50,2,10,1,4,0,high,1.0,2.0
1247,40420,1,1,6,0,40,3,1,1,4,0,high,1.0,1.0
1248,40421,1,3,6,2,45,3,1,1,4,1,low,0.3333333333333333,35.0
1249,40422,2,5,6,6,99,1,1,99,4,0,low,0.4,14.0
1250,40423,1,4,6,0,55,1,1,1,4,0,low,0.25,4.0
1251,40424,2,8,5,6,65,1,1,1,4,0,low,0.25,21.0
1252,40425,2,1,7,0,65,1,1,1,4,0,high,2.0,23.0
1253,40426,1,1,7,0,35,2,1,1,4,0,high,1.0,9.0
1254,40427,1,5,7,6,25,1,10,1,4,1,low,0.2,18.0
1255,40428,1,4,7,0,75,3,1,1,4,0,low,0.25,12.0
1256,40429,1,3,7,6,45,1,1,1,4,0,low,0.3333333333333333,11.0
1257,40430,1,4,7,0,75,2,1,1,4,1,low,0.25,3.0
1258,40431,1,2,7,0,75,1,1,1,4,0,low,0.5,5.0
1259,40432,1,1,7,0,35,1,1,1,4,0,high,1.0,35.0
1260,40433,1,3,7,0,55,1,1,1,4,0,low,0.3333333333333333,13.0
1261,40434,1,5,7,99,65,1,1,1,4,0,low,0.2,21.0
1262,40435,1,4,7,1,75,4,1,1,4,0,low,0.25,6.0
1263,40436,1,1,7,0,35,1,1,1,4,0,high,1.0,3.0
1264,40437,1,1,7,0,65,1,1,1,4,0,high,1.0,43.0
1265,40438,1,2,7,1,65,2,1,1,4,1,low,0.5,35.0
1266,40439,1,1,7,0,40,3,10,1,4,1,high,1.0,10.0
1267,40440,1,5,7,0,75,1,1,1,4,0,low,0.2,7.0
1268,40441,1,6,7,0,75,1,1,1,4,0,low,0.16666666666666666,5.0
1269,40442,1,1,7,0,30,3,10,1,4,0,high,1.0,4.0
1270,40443,1,2,7,0,35,3,1,1,4,1,low,0.5,9.0
1271,40444,1,1,7,0,35,1,1,1,4,0,high,1.0,10.0
1272,40445,3,10,7,0,65,1,10,1,4,0,low,0.3,12.0
1273,40446,1,10,7,6,55,1,1,1,4,0,low,0.1,5.0
1274,40447,3,4,7,0,35,3,1,1,4,1,high,0.75,15.0
1275,40448,2,4,7,0,65,1,1,1,4,0,low,0.5,9.0
1276,40449,1,3,7,2,40,1,1,1,4,1,low,0.3333333333333333,4.0
1277,40450,1,1,7,0,75,2,1,1,4,1,high,1.0,8.0
1278,40451,1,2,7,1,65,3,10,1,4,1,low,0.5,1.0
1279,40452,1,2,7,6,45,1,10,1,4,0,low,0.5,15.0
1280,40454,1,1,7,0,65,3,1,1,4,1,high,1.0,14.0
1281,40455,1,3,6,1,75,1,1,1,4,0,low,0.3333333333333333,12.0
1282,40456,1,4,6,2,75,2,1,1,4,1,low,0.25,4.0
1283,40457,1,2,6,0,50,1,1,1,4,0,low,0.5,13.0
1284,40458,1,1,7,0,45,1,10,1,4,0,high,1.0,15.0
1285,40459,1,1,7,0,65,1,1,1,4,1,high,1.0,35.0
1286,40460,1,2,7,0,65,3,1,1,4,0,low,0.5,4.0
1287,40461,1,1,7,0,65,4,10,1,4,1,high,1.0,7.0
1288,40462,1,2,7,0,35,3,1,1,4,0,low,0.5,7.0
1289,40463,1,10,7,2,75,2,1,1,4,0,low,0.1,19.0
1290,40464,1,1,7,0,55,1,1,1,4,0,high,1.0,5.0
1291,40465,1,1,7,0,50,2,1,1,4,0,high,1.0,28.0
1292,40466,1,4,7,0,65,2,1,1,4,0,low,0.25,10.0
1293,40467,2,3,7,2,75,2,1,1,4,1,high,0.6666666666666666,3.0
1294,40468,1,1,7,0,65,2,1,1,4,0,high,1.0,3.0
1295,40469,1,1,7,0,99,6,99,99,4,0,high,1.0,14.0
1296,40470,1,7,7,6,0,1,1,0,4,0,low,0.14285714285714285,7.0
1297,40471,1,1,7,0,99,6,99,99,4,0,high,1.0,20.0
1298,40472,1,4,7,6,98,1,99,98,4,1,low,0.25,3.0
1299,40473,1,1,7,0,40,3,1,1,4,0,high,1.0,7.0
1300,40474,1,2,7,2,99,1,99,99,4,0,low,0.5,19.0
1301,40476,1,2,7,0,99,9,99,99,4,0,low,0.5,4.0
1302,40477,1,1,7,0,99,6,99,99,4,0,high,1.0,13.0
1303,40478,1,1,7,0,99,9,99,99,4,0,high,1.0,9.0
1304,40479,1,1,7,0,40,3,1,1,4,0,high,1.0,6.0
1305,40480,1,1,7,0,99,1,99,99,4,0,high,1.0,8.0
1306,40481,1,1,7,0,99,6,99,99,4,0,high,1.0,9.0
1307,40482,1,0,7,0,40,1,1,1,4,0,high,inf,2.0
1308,40483,1,2,7,2,40,1,1,1,4,0,low,0.5,26.0
1309,40484,1,2,7,0,98,6,99,98,4,0,low,0.5,7.0
1310,40485,1,1,7,0,50,3,1,1,4,1,high,1.0,5.0
1311,40486,1,2,7,0,99,6,99,99,4,0,low,0.5,2.0
1312,40487,1,2,7,2,99,6,99,99,4,0,low,0.5,1.0
1313,40488,1,2,7,99,99,1,99,99,4,0,low,0.5,63.0
1314,40489,1,2,7,0,98,1,2,2,4,0,low,0.5,4.0
1315,40490,1,2,7,0,99,6,99,99,4,1,low,0.5,14.0
1316,40491,1,7,5,6,98,1,2,98,4,1,low,0.14285714285714285,12.0
1317,40492,1,2,7,0,40,3,1,1,4,0,low,0.5,7.0
1318,40493,1,1,5,0,30,1,1,1,4,0,high,1.0,14.0
1319,40494,1,1,6,0,55,4,1,1,4,0,high,1.0,4.0
1320,40495,3,11,7,2,55,1,10,1,4,1,low,0.2727272727272727,1.0
1321,40496,1,3,7,6,65,1,1,1,4,0,low,0.3333333333333333,15.0
1322,40497,1,3,8,0,30,3,1,1,4,1,low,0.3333333333333333,9.0
1323,40498,1,2,8,2,35,1,1,1,4,0,low,0.5,5.0
1324,40499,2,3,8,0,0,3,1,1,4,0,high,0.6666666666666666,8.0
1325,40500,1,1,8,0,45,3,1,1,4,0,high,1.0,1.0
1326,40501,1,1,8,0,55,6,1,1,4,0,high,1.0,9.0
1327,40502,1,2,8,0,30,3,1,1,4,0,low,0.5,4.0
1328,40503,1,3,8,0,40,3,1,1,4,0,low,0.3333333333333333,1.0
1329,40504,1,2,8,6,40,1,1,1,4,0,low,0.5,6.0
1330,40505,1,3,8,1,65,4,1,1,4,0,low,0.3333333333333333,6.0
1331,40506,1,1,8,0,75,1,1,1,4,0,high,1.0,6.0
1332,40507,1,8,8,1,65,2,10,1,4,0,low,0.125,5.0
1333,40508,1,1,8,0,35,1,1,1,4,0,high,1.0,8.0
1334,40509,1,2,8,0,65,1,10,1,4,0,low,0.5,18.0
1335,40510,1,2,8,6,65,1,10,1,4,0,low,0.5,8.0
1336,40511,1,7,8,6,45,1,1,1,4,0,low,0.14285714285714285,14.0
1337,40512,1,1,8,0,75,5,10,1,4,0,high,1.0,4.0
1338,40513,1,1,8,0,25,2,99,1,4,1,high,1.0,3.0
1339,40515,1,3,8,6,45,1,1,1,4,0,low,0.3333333333333333,9.0
1340,40516,1,5,8,0,35,2,1,1,4,1,low,0.2,5.0
1341,40517,1,5,8,7,65,3,1,1,4,0,low,0.2,16.0
1342,40518,1,1,8,0,35,3,1,1,4,1,high,1.0,11.0
1343,40519,2,6,8,6,40,1,1,1,4,0,low,0.3333333333333333,13.0
1344,40520,1,3,8,6,55,1,1,1,4,0,low,0.3333333333333333,9.0
1345,40521,1,2,8,6,30,1,1,1,4,0,low,0.5,31.0
1346,40522,1,2,8,2,45,1,1,1,4,0,low,0.5,8.0
1347,40523,1,2,8,6,75,3,1,1,4,1,low,0.5,6.0
1348,40524,1,1,8,0,40,3,1,1,4,1,high,1.0,0.0
1349,40525,1,9,8,6,65,4,1,1,4,0,low,0.1111111111111111,29.0
1350,40526,1,2,8,6,45,1,10,1,4,0,low,0.5,873.0
1351,40527,1,5,8,6,35,1,1,1,4,0,low,0.2,0.0
1352,40528,1,2,8,1,65,1,1,1,4,1,low,0.5,16.0
1353,40529,1,1,8,0,65,1,10,1,4,1,high,1.0,3.0
1354,40530,1,2,8,0,25,3,1,1,4,1,low,0.5,0.0
1355,40531,1,3,8,0,75,2,1,1,4,0,low,0.3333333333333333,6.0
1356,40532,1,7,8,0,40,1,1,1,4,0,low,0.14285714285714285,9.0
1357,40533,1,2,8,1,65,1,1,1,4,0,low,0.5,10.0
1358,40534,1,1,8,0,40,3,1,1,4,0,high,1.0,8.0
1359,40535,1,1,8,0,45,3,1,1,4,0,high,1.0,8.0
1360,40536,1,1,8,0,75,1,1,1,4,0,high,1.0,6.0
1361,40537,1,3,8,0,25,1,1,1,4,0,low,0.3333333333333333,3.0
1362,40540,2,5,8,6,55,1,2,2,4,0,low,0.4,7.0
1363,40541,1,6,8,0,75,2,1,1,4,2,low,0.16666666666666666,2.0
1364,40542,2,4,8,0,45,1,1,1,4,1,low,0.5,5.0
1365,40543,1,4,8,99,99,1,99,99,4,0,low,0.25,6.0
1366,40544,1,2,8,99,99,9,99,99,4,0,low,0.5,23.0
1367,40545,1,2,8,0,40,1,1,1,4,0,low,0.5,20.0
1368,40546,1,5,8,6,99,1,99,99,4,0,low,0.2,3.0
1369,40547,2,1,8,0,99,6,99,99,4,0,high,2.0,15.0
1370,40548,1,2,8,6,99,1,99,99,4,0,low,0.5,17.0
1371,40549,1,1,8,0,45,6,99,1,4,0,high,1.0,29.0
1372,40550,1,4,8,0,45,1,10,1,4,0,low,0.25,7.0
1373,40551,5,7,8,2,98,1,1,1,4,1,high,0.7142857142857143,5.0
1374,40552,2,7,8,2,0,5,1,1,4,1,low,0.2857142857142857,6.0
1375,40553,1,1,8,0,99,6,99,99,4,0,high,1.0,76.0
1376,40554,1,3,8,6,99,6,99,99,4,0,low,0.3333333333333333,19.0
1377,40555,1,7,8,6,55,1,1,1,4,0,low,0.14285714285714285,9.0
1378,40556,1,3,8,99,99,1,99,99,4,0,low,0.3333333333333333,19.0
1379,40557,1,2,8,2,99,6,99,99,4,1,low,0.5,23.0
1380,40558,1,3,8,0,65,4,1,1,4,1,low,0.3333333333333333,16.0
1381,40559,1,1,8,0,25,3,1,1,4,1,high,1.0,8.0
1382,40560,1,1,8,0,99,6,99,99,4,0,high,1.0,27.0
1383,40561,1,3,8,0,98,1,99,98,4,0,low,0.3333333333333333,17.0
1384,40562,1,1,8,0,99,6,99,99,4,1,high,1.0,39.0
1385,40563,1,1,8,0,55,2,1,1,4,0,high,1.0,15.0
1386,40564,1,6,9,0,65,1,10,1,4,0,low,0.16666666666666666,14.0
1387,40565,1,2,9,6,40,1,1,1,4,0,low,0.5,6.0
1388,40566,1,1,9,0,45,1,10,1,4,0,high,1.0,9.0
1389,40567,1,2,9,0,45,3,1,1,4,0,low,0.5,10.0
1390,40569,1,4,9,2,40,2,10,1,4,0,low,0.25,24.0
1391,40570,1,1,9,0,35,4,1,1,4,0,high,1.0,10.0
1392,40571,1,3,9,0,75,2,1,1,4,0,low,0.3333333333333333,23.0
1393,40572,1,2,9,0,65,1,1,1,4,0,low,0.5,26.0
1394,40573,1,1,9,0,55,1,1,1,4,0,high,1.0,28.0
1395,40574,1,3,9,7,45,5,10,1,4,1,low,0.3333333333333333,11.0
1396,40575,1,1,9,0,55,2,10,1,4,1,high,1.0,23.0
1397,40576,1,1,9,0,45,2,1,1,4,1,high,1.0,29.0
1398,40577,1,1,9,0,40,1,1,1,4,0,high,1.0,4.0
1399,40578,1,2,9,0,65,3,1,1,4,1,low,0.5,24.0
1400,40579,1,1,9,0,40,1,1,1,4,0,high,1.0,4.0
1401,40580,1,1,9,0,40,3,1,1,4,0,high,1.0,18.0
1402,40581,3,4,9,6,25,1,10,2,4,0,high,0.75,17.0
1403,40582,1,2,9,6,40,3,10,1,4,0,low,0.5,6.0
1404,40583,1,1,9,0,55,1,1,1,4,0,high,1.0,32.0
1405,40584,1,1,9,0,45,1,1,1,4,0,high,1.0,7.0
1406,40585,1,1,9,0,35,2,1,1,4,0,high,1.0,19.0
1407,40586,1,1,9,0,45,2,1,1,4,0,high,1.0,0.0
1408,40587,1,3,9,6,0,1,1,0,4,0,low,0.3333333333333333,12.0
1409,40588,1,4,8,6,45,2,1,1,4,0,low,0.25,12.0
1410,40589,1,4,9,6,25,1,1,1,4,0,low,0.25,7.0
1411,40590,1,1,9,0,25,3,1,1,4,1,high,1.0,33.0
1412,40591,1,1,9,0,40,1,1,1,4,0,high,1.0,23.0
1413,40592,1,1,9,0,35,5,1,1,4,0,high,1.0,6.0
1414,40593,1,3,9,6,35,1,1,1,4,0,low,0.3333333333333333,6.0
1415,40594,1,1,9,0,35,3,10,1,4,0,high,1.0,19.0
1416,40595,1,2,8,1,55,1,1,1,4,0,low,0.5,14.0
1417,40596,1,2,9,0,45,3,1,1,4,1,low,0.5,9.0
1418,40597,1,1,9,0,35,2,1,1,4,0,high,1.0,15.0
1419,40598,2,2,9,0,99,1,99,99,4,0,high,1.0,15.0
1420,40599,1,1,9,0,98,6,99,98,4,0,high,1.0,14.0
1421,40600,1,1,9,0,99,9,99,99,4,0,high,1.0,20.0
1422,40601,1,2,9,99,99,6,99,99,4,0,low,0.5,3.0
1423,40602,1,3,9,6,45,4,1,1,4,0,low,0.3333333333333333,41.0
1424,40603,2,3,9,99,99,1,99,99,4,0,high,0.6666666666666666,17.0
1425,40604,1,1,9,0,35,3,1,1,4,0,high,1.0,21.0
1426,40605,1,1,9,0,35,1,10,1,4,0,high,1.0,10.0
1427,40606,1,1,9,0,99,6,99,99,4,0,high,1.0,36.0
1428,40607,1,2,9,6,99,1,99,99,4,0,low,0.5,7.0
1429,40608,1,2,9,6,99,6,99,99,4,1,low,0.5,9.0
1430,40609,1,1,9,0,99,6,99,99,4,0,high,1.0,46.0
1431,40610,1,7,9,1,99,1,99,99,4,0,low,0.14285714285714285,21.0
1432,40611,2,7,9,99,45,1,1,1,4,1,low,0.2857142857142857,10.0
1433,40612,1,3,9,0,35,3,1,1,4,0,low,0.3333333333333333,11.0
1434,40613,1,2,9,0,45,3,1,1,4,1,low,0.5,32.0
1435,40614,1,3,9,99,99,1,99,99,4,0,low,0.3333333333333333,15.0
1436,40615,1,1,9,0,45,3,1,1,4,0,high,1.0,9.0
1437,40616,1,3,4,99,99,9,99,99,4,0,low,0.3333333333333333,6.0
1438,40617,1,2,5,0,45,2,10,1,4,0,low,0.5,12.0
1439,40618,1,1,9,0,99,1,99,99,4,1,high,1.0,19.0
1440,40619,1,1,9,0,25,1,10,1,4,1,high,1.0,18.0
1441,40620,1,1,7,0,65,3,1,1,4,0,high,1.0,14.0
1442,40621,2,2,9,2,55,1,1,1,4,0,high,1.0,22.0
1443,40622,2,2,9,6,75,2,10,1,4,0,high,1.0,16.0
1444,40623,1,3,10,6,65,2,1,1,4,0,low,0.3333333333333333,12.0
1445,40624,3,7,10,0,75,2,1,1,4,0,low,0.42857142857142855,25.0
1446,40625,1,2,10,0,65,4,1,1,4,0,low,0.5,8.0
1447,40626,1,1,10,0,45,2,1,99,4,0,high,1.0,9.0
1448,40627,1,4,10,6,98,1,1,1,4,0,low,0.25,31.0
1449,40628,1,1,10,0,65,1,1,1,4,0,high,1.0,37.0
1450,40629,1,1,10,0,50,2,1,1,4,1,high,1.0,3.0
1451,40630,1,1,10,0,75,5,1,1,4,0,high,1.0,14.0
1452,40631,1,1,10,0,35,1,1,1,4,1,high,1.0,23.0
1453,40632,1,1,10,0,35,1,1,1,4,0,high,1.0,6.0
1454,40633,1,2,10,1,55,1,10,1,4,0,low,0.5,16.0
1455,40634,1,1,10,0,25,1,10,1,4,0,high,1.0,12.0
1456,40635,1,1,10,0,40,4,1,1,4,0,high,1.0,23.0
1457,40636,1,2,10,2,50,2,1,1,4,0,low,0.5,20.0
1458,40637,1,2,10,0,75,2,1,1,4,0,low,0.5,1.0
1459,40638,1,2,10,0,75,1,2,2,4,0,low,0.5,15.0
1460,40639,1,2,10,0,75,1,1,1,4,0,low,0.5,9.0
1461,40640,1,1,10,0,40,3,10,2,4,1,high,1.0,21.0
1462,40641,1,2,10,6,50,1,10,1,4,0,low,0.5,90.0
1463,40642,1,3,10,99,65,1,1,1,4,0,low,0.3333333333333333,7.0
1464,40643,1,1,10,0,30,3,1,1,4,0,high,1.0,4.0
1465,40644,1,3,10,6,40,1,10,1,4,0,low,0.3333333333333333,46.0
1466,40645,1,1,10,0,65,1,1,1,4,0,high,1.0,21.0
1467,40646,1,5,10,6,40,1,1,1,4,0,low,0.2,13.0
1468,40647,1,6,10,6,40,5,1,1,4,1,low,0.16666666666666666,28.0
1469,40648,1,2,10,0,40,3,1,1,4,0,low,0.5,21.0
1470,40649,1,2,10,6,35,1,1,1,4,0,low,0.5,13.0
1471,40650,1,2,10,0,75,1,1,1,4,0,low,0.5,5.0
1472,40651,1,1,10,0,75,1,1,1,4,1,high,1.0,5.0
1473,40652,1,2,10,0,35,2,1,1,4,0,low,0.5,7.0
1474,40653,2,3,10,0,75,2,1,1,4,1,high,0.6666666666666666,29.0
1475,40654,1,2,10,0,75,2,1,1,4,0,low,0.5,16.0
1476,40655,1,1,10,0,65,3,10,1,4,0,high,1.0,40.0
1477,40656,1,2,10,0,45,3,2,2,4,0,low,0.5,9.0
1478,40657,1,2,10,0,75,2,10,2,4,0,low,0.5,20.0
1479,40658,1,3,10,2,45,4,1,1,4,1,low,0.3333333333333333,20.0
1480,40659,1,1,10,0,65,1,2,2,4,0,high,1.0,13.0
1481,40660,1,4,10,6,45,3,1,1,4,1,low,0.25,20.0
1482,40661,1,3,10,1,55,3,1,1,4,1,low,0.3333333333333333,685.0
1483,40662,1,5,10,6,40,1,1,1,4,1,low,0.2,20.0
1484,40663,1,3,10,2,65,1,1,1,4,1,low,0.3333333333333333,8.0
1485,40664,1,1,10,0,65,1,1,1,4,0,high,1.0,5.0
1486,40665,2,4,10,6,75,2,1,1,4,1,low,0.5,17.0
1487,40666,1,2,9,6,65,3,1,1,4,0,low,0.5,15.0
1488,40667,1,2,10,0,98,2,1,1,4,1,low,0.5,8.0
1489,40668,1,1,10,0,35,3,1,1,4,0,high,1.0,17.0
1490,40669,1,3,10,6,45,1,1,1,4,1,low,0.3333333333333333,8.0
1491,40670,1,2,10,6,25,1,10,1,4,0,low,0.5,26.0
1492,40671,1,2,10,6,50,1,2,2,4,0,low,0.5,26.0
1493,40672,1,1,11,0,65,1,1,1,4,0,high,1.0,4.0
1494,40673,1,6,11,0,30,1,2,2,4,1,low,0.16666666666666666,14.0
1495,40674,1,2,11,8,55,1,10,1,4,0,low,0.5,14.0
1496,40675,1,4,11,0,55,1,4,3,4,0,low,0.25,11.0
1497,40676,1,7,11,1,65,5,10,1,4,0,low,0.14285714285714285,12.0
1498,40677,1,3,11,0,45,1,1,1,4,0,low,0.3333333333333333,18.0
1499,40678,1,2,11,0,98,2,1,1,4,0,low,0.5,12.0
1500,40679,2,5,11,1,50,3,1,1,4,2,low,0.4,5.0
1501,40680,2,5,11,0,65,1,1,1,4,1,low,0.4,6.0
1502,40681,1,11,11,99,65,3,1,1,4,1,low,0.09090909090909091,13.0
1503,40682,1,2,11,0,40,3,1,1,4,1,low,0.5,9.0
1504,40683,1,2,11,0,25,3,10,1,4,0,low,0.5,11.0
1505,40684,1,5,11,6,55,2,1,1,4,0,low,0.2,10.0
1506,40685,1,1,11,0,35,1,1,1,4,0,high,1.0,7.0
1507,40686,2,2,11,2,65,1,1,1,4,0,high,1.0,21.0
1508,40687,1,1,11,0,45,1,1,1,4,1,high,1.0,9.0
1509,40688,1,6,11,1,65,3,1,1,4,1,low,0.16666666666666666,10.0
1510,40689,1,1,11,0,35,3,2,2,4,0,high,1.0,11.0
1511,40690,1,1,11,0,35,5,2,2,4,0,high,1.0,10.0
1512,40691,1,1,11,0,40,3,1,1,4,1,high,1.0,7.0
1513,40692,1,1,11,0,75,5,10,1,4,1,high,1.0,11.0
1514,40693,1,3,11,2,65,5,1,1,4,0,low,0.3333333333333333,28.0
1515,40694,1,2,11,2,65,3,1,1,4,1,low,0.5,25.0
1516,40695,1,1,11,0,65,1,1,1,4,1,high,1.0,12.0
1517,40696,1,6,11,6,25,1,1,1,4,0,low,0.16666666666666666,4.0
1518,40697,1,2,11,6,75,2,1,1,4,1,low,0.5,6.0
1519,40698,1,1,11,0,25,3,1,1,4,1,high,1.0,17.0
1520,40699,1,3,11,0,25,1,1,1,4,1,low,0.3333333333333333,13.0
1521,40700,2,6,11,0,75,2,1,1,4,0,low,0.3333333333333333,47.0
1522,40701,1,1,11,0,45,2,10,1,4,0,high,1.0,10.0
1523,40702,2,3,11,6,75,1,10,1,4,0,high,0.6666666666666666,28.0
1524,40703,1,1,11,0,65,2,1,1,4,1,high,1.0,5.0
1525,40704,1,2,10,7,35,1,1,1,4,1,low,0.5,12.0
1526,40705,1,1,10,0,40,3,2,2,4,0,high,1.0,8.0
1527,40706,1,1,10,0,25,1,1,99,4,0,high,1.0,6.0
1528,40707,1,2,11,6,45,1,1,1,4,1,low,0.5,41.0
1529,40708,1,4,10,1,40,3,1,1,4,0,low,0.25,12.0
1530,40709,1,2,10,6,40,3,1,1,4,0,low,0.5,27.0
1531,40710,1,2,10,6,99,1,99,99,4,1,low,0.5,13.0
1532,40711,1,5,10,0,99,6,99,99,4,0,low,0.2,5.0
1533,40712,1,1,10,0,99,1,99,99,4,1,high,1.0,27.0
1534,40713,1,1,10,0,98,1,10,1,4,1,high,1.0,11.0
1535,40714,1,1,10,0,40,3,10,1,4,0,high,1.0,6.0
1536,40715,1,1,10,0,99,9,99,99,4,0,high,1.0,14.0
1537,40716,1,1,10,0,99,1,99,99,4,1,high,1.0,14.0
1538,40717,1,3,10,0,99,6,99,99,4,0,low,0.3333333333333333,11.0
1539,40718,1,2,10,0,99,1,99,99,4,0,low,0.5,14.0
1540,40720,1,1,10,0,40,3,1,2,4,0,high,1.0,13.0
1541,40721,1,1,10,0,99,6,99,99,4,0,high,1.0,54.0
1542,40722,1,1,10,0,99,6,99,99,4,0,high,1.0,7.0
1543,40723,1,3,10,99,99,6,99,99,4,0,low,0.3333333333333333,8.0
1544,40724,1,2,10,6,99,1,99,99,4,0,low,0.5,11.0
1545,40725,1,2,10,0,98,1,1,1,4,1,low,0.5,6.0
1546,40726,1,1,10,0,99,6,99,99,4,0,high,1.0,18.0
1547,40727,1,6,10,6,99,6,99,99,4,0,low,0.16666666666666666,12.0
1548,40728,1,3,10,0,99,6,99,99,4,1,low,0.3333333333333333,16.0
1549,40729,1,4,11,6,65,2,10,2,4,0,low,0.25,17.0
1550,40730,1,1,9,0,55,3,1,1,4,0,high,1.0,140.0
1551,40731,1,2,11,6,0,1,1,0,4,0,low,0.5,27.0
1552,40732,1,2,11,6,55,2,1,1,4,0,low,0.5,9.0
1553,40733,1,1,11,0,0,2,1,1,4,1,high,1.0,716.0
1554,40734,1,2,11,1,55,4,10,1,4,0,low,0.5,9.0
1555,40735,1,2,11,0,65,1,1,1,4,0,low,0.5,22.0
1556,40736,1,2,11,6,45,3,1,1,4,0,low,0.5,12.0
1557,40737,1,5,11,6,45,1,1,1,4,0,low,0.2,40.0
1558,40738,1,3,9,0,75,2,1,1,4,0,low,0.3333333333333333,20.0
1559,40739,1,1,11,0,98,1,10,1,4,0,high,1.0,37.0
1560,40740,1,2,11,0,45,3,1,1,4,0,low,0.5,5.0
1561,40741,2,2,11,0,65,1,1,1,4,1,high,1.0,21.0
1562,40742,1,5,6,0,65,2,1,1,4,0,low,0.2,21.0
1563,40743,1,1,9,0,99,6,99,99,4,1,high,1.0,19.0
1564,40744,1,1,11,0,99,1,99,99,4,1,high,1.0,8.0
1565,40745,1,3,11,99,99,1,99,99,4,0,low,0.3333333333333333,17.0
1566,40746,1,2,11,99,99,1,99,99,4,0,low,0.5,14.0
1567,40747,1,1,11,0,40,2,10,1,4,0,high,1.0,12.0
1568,40748,1,3,11,99,99,1,99,99,4,1,low,0.3333333333333333,11.0
1569,40749,1,2,11,99,99,9,99,99,4,0,low,0.5,18.0
1570,40750,1,2,11,2,99,6,99,99,4,1,low,0.5,7.0
1571,40751,1,3,11,0,0,2,1,1,4,1,low,0.3333333333333333,3.0
1572,40752,1,1,11,0,99,6,99,99,4,0,high,1.0,16.0
1573,40753,1,2,11,0,99,9,99,99,4,0,low,0.5,20.0
1574,40754,1,2,11,99,99,1,99,99,4,0,low,0.5,30.0
1575,40755,1,2,11,99,99,9,99,99,4,0,low,0.5,7.0
1576,40756,1,2,11,0,35,3,1,1,4,0,low,0.5,14.0
1577,40757,5,5,11,2,99,6,99,99,4,2,high,1.0,7.0
1578,40758,1,2,12,6,45,1,1,1,4,0,low,0.5,3.0
1579,40759,1,3,12,1,55,1,1,1,4,0,low,0.3333333333333333,6.0
1580,40760,2,2,12,0,40,5,1,1,4,1,high,1.0,20.0
1581,40761,1,13,12,0,65,3,1,1,4,0,low,0.07692307692307693,19.0
1582,40762,1,1,12,0,65,2,1,1,4,0,high,1.0,25.0
1583,40763,1,2,12,0,55,2,1,1,4,0,low,0.5,2.0
1584,40764,1,1,12,0,45,5,1,1,4,0,high,1.0,26.0
1585,40765,1,1,12,0,40,5,1,1,4,0,high,1.0,12.0
1586,40766,1,2,12,0,40,1,1,1,4,0,low,0.5,6.0
1587,40767,1,4,12,6,45,1,10,1,4,0,low,0.25,546.0
1588,40768,1,7,12,7,65,1,1,1,4,0,low,0.14285714285714285,10.0