,ST_CASE,FATALS,PERSONS,MONTH,MAN_COLL,VSPD_LIM,LGT_COND,WEATHER,VSURCOND,STATE,DRUNK_DR,rate,rate_numerical,arrival_time
1980,50338,1,1,9,0,55,2,1,1,5,1,high,1.0,15.0
1981,50339,1,1,9,0,55,1,1,1,5,1,high,1.0,11.0
1982,50340,3,7,9,2,70,2,1,1,5,3,low,0.42857142857142855,6.0
1983,50341,1,4,9,1,45,1,1,1,5,0,low,0.25,16.0
1984,50342,1,5,9,7,65,1,1,1,5,0,low,0.2,21.0
1985,50343,1,2,9,0,40,1,1,1,5,1,low,0.5,10.0
1986,50344,1,2,9,6,45,1,1,1,5,0,low,0.5,10.0
1987,50345,1,2,9,0,55,1,1,1,5,0,low,0.5,5.0
1988,50346,1,1,9,0,55,1,1,1,5,1,high,1.0,18.0
1989,50347,1,2,9,6,55,1,2,2,5,0,low,0.5,0.0
1990,50348,2,3,9,6,45,2,1,1,5,2,high,0.6666666666666666,7.0
1991,50349,1,4,9,1,55,1,1,1,5,0,low,0.25,53.0
1992,50350,1,1,9,0,30,2,1,1,5,0,high,1.0,2.0
1993,50351,1,2,9,6,55,1,1,1,5,0,low,0.5,12.0
1994,50352,1,1,9,0,55,2,1,1,5,0,high,1.0,4.0
1995,50353,1,3,9,2,55,2,1,1,5,0,low,0.3333333333333333,5.0
1996,50354,1,1,9,0,40,2,1,1,5,0,high,1.0,7.0
1997,50355,1,2,9,0,70,1,10,1,5,0,low,0.5,5.0
1998,50356,1,1,9,0,55,1,10,1,5,0,high,1.0,29.0
1999,50357,2,3,9,2,55,2,1,1,5,0,high,0.6666666666666666,2.0
2000,50358,1,4,6,6,45,1,1,1,5,0,low,0.25,4.0
2001,50359,1,2,7,0,55,1,1,1,5,0,low,0.5,3.0
2002,50360,1,2,10,6,45,1,1,1,5,0,low,0.5,8.0
2003,50361,1,2,10,0,55,2,1,1,5,1,low,0.5,6.0
2004,50362,1,4,10,2,55,1,1,1,5,1,low,0.25,6.0
2005,50363,1,2,10,6,40,2,1,1,5,0,low,0.5,8.0
2006,50364,1,1,10,0,40,1,1,1,5,0,high,1.0,6.0
2007,50365,1,1,10,0,50,3,1,1,5,0,high,1.0,29.0
2008,50366,1,1,10,0,55,1,1,1,5,0,high,1.0,12.0
2009,50367,1,2,10,2,50,1,10,1,5,0,low,0.5,5.0
2010,50368,1,2,10,2,40,1,1,1,5,0,low,0.5,4.0
2011,50369,1,1,10,0,35,5,1,1,5,1,high,1.0,20.0
2012,50370,1,4,10,6,35,2,1,1,5,0,low,0.25,9.0
2013,50371,1,1,10,0,60,1,2,2,5,0,high,1.0,3.0
2014,50372,1,9,10,1,70,1,10,2,5,0,low,0.1111111111111111,10.0
2015,50373,1,1,10,0,65,2,1,1,5,0,high,1.0,5.0
2016,50374,1,1,10,0,45,2,1,1,5,0,high,1.0,14.0
2017,50375,1,2,10,6,55,2,1,1,5,0,low,0.5,10.0
2018,50376,1,2,10,0,55,1,1,1,5,0,low,0.5,8.0
2019,50377,2,3,10,6,55,1,1,1,5,0,high,0.6666666666666666,12.0
2020,50378,1,2,10,6,55,1,10,1,5,1,low,0.5,2.0
2021,50379,1,1,10,0,35,2,2,2,5,0,high,1.0,17.0
2022,50380,1,2,10,6,55,2,1,1,5,0,low,0.5,22.0
2023,50381,1,1,10,0,55,2,1,2,5,1,high,1.0,75.0
2024,50382,1,4,10,2,55,1,10,1,5,0,low,0.25,10.0
2025,50383,1,5,10,7,70,1,1,1,5,0,low,0.2,18.0
2026,50384,1,2,10,1,35,2,1,1,5,0,low,0.5,4.0
2027,50385,1,1,10,0,65,4,1,1,5,0,high,1.0,9.0
2028,50386,1,1,10,0,55,1,1,1,5,1,high,1.0,4.0
2029,50387,1,1,10,0,35,1,1,1,5,0,high,1.0,4.0
2030,50388,1,4,10,2,55,3,1,1,5,0,low,0.25,7.0
2031,50389,1,2,10,6,45,1,1,1,5,0,low,0.5,0.0
2032,50390,1,1,10,0,55,1,10,1,5,0,high,1.0,7.0
2033,50391,1,1,10,0,70,1,2,2,5,0,high,1.0,21.0
2034,50392,1,2,10,1,65,1,2,2,5,0,low,0.5,10.0
2035,50393,1,1,10,0,45,2,10,1,5,1,high,1.0,5.0
2036,50394,1,2,10,1,55,1,1,1,5,0,low,0.5,24.0
2037,50395,1,1,10,0,35,1,2,2,5,0,high,1.0,3.0
2038,50396,1,1,10,0,40,1,2,2,5,0,high,1.0,6.0
2039,50397,2,6,10,0,40,2,2,2,5,0,low,0.3333333333333333,12.0
2040,50398,1,2,10,0,55,1,1,1,5,0,low,0.5,13.0
2041,50399,1,2,10,0,40,2,8,2,5,0,low,0.5,5.0
2042,50400,1,3,10,0,55,2,1,1,5,1,low,0.3333333333333333,12.0
2043,50401,1,1,10,0,55,2,5,1,5,0,high,1.0,5.0
2044,50402,1,1,10,0,15,1,1,1,5,0,high,1.0,10.0
2045,50403,1,1,10,0,65,2,1,1,5,0,high,1.0,4.0
2046,50404,4,4,10,0,55,2,5,99,5,1,high,1.0,58.0
2047,50405,2,3,11,2,55,2,1,1,5,2,high,0.6666666666666666,23.0
2048,50406,1,1,11,0,55,4,5,1,5,0,high,1.0,3.0
2049,50407,1,1,11,0,70,1,10,2,5,0,high,1.0,2.0
2050,50408,1,1,11,0,55,1,10,1,5,0,high,1.0,18.0
2051,50409,1,4,11,6,55,1,1,1,5,0,low,0.25,12.0
2052,50410,1,1,11,0,45,2,1,1,5,0,high,1.0,5.0
2053,50411,1,3,11,2,55,1,1,1,5,0,low,0.3333333333333333,4.0
2054,50412,6,14,11,0,60,2,2,2,5,0,low,0.42857142857142855,6.0
2055,50413,1,1,11,0,45,3,2,2,5,0,high,1.0,25.0
2056,50414,1,1,11,0,45,1,1,1,5,0,high,1.0,5.0
2057,50415,1,1,11,0,65,3,1,1,5,0,high,1.0,6.0
2058,50416,1,1,11,0,40,2,2,2,5,1,high,1.0,4.0
2059,50417,1,2,11,0,55,2,1,1,5,0,low,0.5,9.0
2060,50418,1,2,11,6,98,5,1,1,5,1,low,0.5,6.0
2061,50419,1,1,11,0,55,2,1,1,5,1,high,1.0,8.0
2062,50420,1,1,11,0,55,2,1,1,5,1,high,1.0,3.0
2063,50421,1,2,11,6,70,1,1,1,5,0,low,0.5,8.0
2064,50422,1,4,11,2,70,1,1,1,5,1,low,0.25,5.0
2065,50423,1,1,11,0,45,1,1,1,5,0,high,1.0,5.0
2066,50424,1,1,11,0,45,1,1,1,5,0,high,1.0,3.0
2067,50425,1,1,11,0,98,1,1,1,5,0,high,1.0,13.0
2068,50426,1,1,11,0,30,6,1,1,5,0,high,1.0,5.0
2069,50427,1,4,11,6,45,1,99,1,5,0,low,0.25,940.0
2070,50428,1,5,11,6,98,1,2,2,5,0,low,0.2,5.0
2071,50429,1,1,11,0,35,3,2,2,5,0,high,1.0,4.0
2072,50430,1,5,11,6,35,6,2,2,5,0,low,0.2,11.0
2073,50431,1,4,11,6,45,1,2,2,5,1,low,0.25,4.0
2074,50432,1,1,11,0,35,6,1,8,5,1,high,1.0,6.0
2075,50433,1,6,11,6,55,2,1,1,5,0,low,0.16666666666666666,10.0
2076,50434,1,2,11,6,35,3,1,1,5,0,low,0.5,9.0
2077,50435,2,2,11,0,35,6,1,1,5,0,high,1.0,6.0
2078,50436,1,3,11,6,60,1,1,2,5,0,low,0.3333333333333333,0.0
2079,50437,1,1,11,0,45,1,1,1,5,1,high,1.0,8.0
2080,50438,1,1,11,0,50,3,1,1,5,1,high,1.0,7.0
2081,50439,2,2,11,0,60,3,1,1,5,1,high,1.0,12.0
2082,50440,1,2,11,0,55,3,1,1,5,0,low,0.5,6.0
2083,50441,1,1,11,0,45,2,1,1,5,0,high,1.0,10.0
2084,50442,1,1,11,0,55,2,1,1,5,1,high,1.0,46.0
2085,50443,1,4,11,8,45,1,1,1,5,0,low,0.25,5.0
2086,50444,1,2,11,0,30,3,1,1,5,1,low,0.5,6.0
2087,50445,1,1,11,0,55,1,10,1,5,0,high,1.0,42.0
2088,50446,1,1,11,0,55,2,1,1,5,1,high,1.0,12.0
2089,50447,1,3,11,2,65,2,1,1,5,1,low,0.3333333333333333,18.0
2090,50448,1,1,11,0,55,2,2,2,5,1,high,1.0,7.0
2091,50449,1,1,11,0,40,2,2,11,5,1,high,1.0,11.0
2092,50450,1,2,11,6,55,1,2,2,5,0,low,0.5,6.0
2093,50451,1,1,11,0,25,2,2,11,5,1,high,1.0,6.0
2094,50452,1,1,12,0,35,6,1,1,5,0,high,1.0,3.0
2095,50453,1,1,12,0,60,2,1,1,5,0,high,1.0,49.0
2096,50454,1,1,12,0,55,1,1,1,5,0,high,1.0,5.0
2097,50455,1,2,12,2,55,1,1,1,5,0,low,0.5,8.0
2098,50456,2,7,12,1,70,1,1,1,5,0,low,0.2857142857142857,11.0
2099,50457,2,2,12,0,55,2,1,1,5,0,high,1.0,11.0
2100,50458,1,3,12,6,55,1,1,1,5,0,low,0.3333333333333333,9.0
2101,50459,1,2,12,2,45,2,1,1,5,0,low,0.5,12.0
2102,50460,1,1,12,0,35,3,1,1,5,0,high,1.0,7.0
2103,50461,1,1,12,0,30,2,1,1,5,0,high,1.0,10.0
2104,50462,1,2,12,2,55,1,10,1,5,0,low,0.5,3.0
2105,50463,1,1,12,0,55,2,1,1,5,1,high,1.0,27.0
2106,50464,1,1,12,0,70,2,1,1,5,0,high,1.0,1.0
2107,50465,1,1,12,0,55,6,99,99,5,0,high,1.0,5.0
2108,50466,1,2,12,8,55,1,2,2,5,1,low,0.5,1.0
2109,50467,1,4,12,8,45,1,2,2,5,0,low,0.25,1.0
2110,50468,1,2,12,6,55,1,1,2,5,0,low,0.5,9.0
2111,50469,1,7,12,0,45,1,1,1,5,0,low,0.14285714285714285,8.0
2112,50470,2,4,12,1,55,1,1,1,5,0,low,0.5,5.0
2113,50471,1,1,12,0,45,2,1,11,5,0,high,1.0,21.0
2114,50472,1,1,12,0,70,1,1,1,5,0,high,1.0,1.0
2115,50473,2,3,12,6,45,1,1,2,5,0,high,0.6666666666666666,11.0
2116,50474,2,8,12,1,70,2,5,1,5,0,low,0.25,29.0
2117,50475,1,2,12,0,70,2,5,1,5,0,low,0.5,5.0
2118,50476,1,1,12,0,70,2,2,2,5,1,high,1.0,8.0
2119,50477,1,2,12,0,65,2,10,1,5,0,low,0.5,4.0
2120,50479,1,4,12,6,55,1,2,2,5,0,low,0.25,2.0
2121,50480,1,1,12,0,55,5,1,1,5,0,high,1.0,27.0
2122,50481,1,2,12,2,70,2,1,1,5,1,low,0.5,14.0
2123,50482,1,1,12,0,55,2,1,1,5,1,high,1.0,1.0
2124,50483,1,2,12,2,55,2,1,1,5,0,low,0.5,17.0
5050,80001,1,1,1,0,50,2,1,1,8,1,high,1.0,11.0
5051,80002,1,5,1,0,55,1,4,10,8,0,low,0.2,17.0
5052,80003,1,5,1,6,35,3,1,4,8,0,low,0.2,32.0
5053,80004,1,5,1,6,50,2,1,4,8,0,low,0.2,9.0
5054,80005,1,3,1,6,40,1,1,1,8,1,low,0.3333333333333333,11.0
5055,80006,1,2,1,1,65,5,1,1,8,0,low,0.5,9.0
5056,80007,1,1,1,0,65,1,1,1,8,1,high,1.0,32.0
5057,80008,1,3,1,0,35,3,4,2,8,0,low,0.3333333333333333,10.0
5058,80009,1,1,1,0,65,1,1,4,8,0,high,1.0,14.0
5059,80010,2,2,1,0,40,1,1,1,8,1,high,1.0,46.0
5060,80011,1,1,1,0,45,2,1,1,8,0,high,1.0,5.0
5061,80012,1,2,1,0,65,1,4,4,8,0,low,0.5,23.0
5062,80013,2,3,1,0,75,1,4,4,8,0,high,0.6666666666666666,7.0
5063,80014,1,2,1,0,25,1,1,1,8,0,low,0.5,18.0
5064,80015,1,1,1,0,55,2,1,1,8,0,high,1.0,9.0
5065,80016,1,2,1,2,55,2,1,1,8,0,low,0.5,7.0
5066,80017,1,2,1,6,30,1,1,1,8,1,low,0.5,14.0
5067,80018,1,1,1,0,30,3,4,4,8,1,high,1.0,1028.0
5068,80019,1,1,1,0,55,2,1,1,8,0,high,1.0,27.0
5069,80020,1,1,1,0,45,1,1,1,8,0,high,1.0,7.0
5070,80021,1,1,1,0,0,1,1,0,8,0,high,1.0,14.0
5071,80022,1,1,1,0,65,2,1,1,8,0,high,1.0,19.0
5072,80023,2,3,1,2,40,1,1,1,8,0,high,0.6666666666666666,12.0
5073,80024,1,5,1,6,40,3,1,1,8,0,low,0.2,7.0
5074,80025,4,5,1,0,65,2,1,1,8,1,high,0.8,55.0
5075,80026,1,1,1,0,35,3,1,1,8,0,high,1.0,14.0
5076,80027,1,1,1,0,45,1,1,1,8,1,high,1.0,36.0
5077,80029,1,3,1,0,75,1,1,1,8,0,low,0.3333333333333333,22.0
5078,80030,1,3,1,2,40,3,1,1,8,0,low,0.3333333333333333,5.0
5079,80031,1,1,1,0,45,2,1,1,8,1,high,1.0,17.0
5080,80032,1,1,1,0,25,3,1,1,8,1,high,1.0,10.0
5081,80033,3,3,1,0,40,2,2,2,8,1,high,1.0,4.0
5082,80034,1,8,1,8,40,2,1,1,8,0,low,0.125,14.0
5083,80035,2,9,1,1,55,1,1,1,8,0,low,0.2222222222222222,18.0
5084,80036,1,3,1,6,60,1,1,1,8,0,low,0.3333333333333333,11.0
5085,80037,1,2,2,6,50,2,4,3,8,1,low,0.5,11.0
5086,80038,1,4,2,0,75,1,4,4,8,0,low,0.25,6.0
5087,80039,1,1,2,0,75,2,1,1,8,0,high,1.0,45.0
5088,80040,1,1,2,0,55,3,1,1,8,0,high,1.0,7.0
5089,80041,1,2,2,1,55,1,4,4,8,0,low,0.5,10.0
5090,80042,1,4,2,6,45,1,1,1,8,0,low,0.25,11.0
5091,80043,1,4,2,0,30,3,1,1,8,1,low,0.25,8.0
5092,80044,1,4,2,7,40,1,1,1,8,0,low,0.25,4.0
5093,80045,1,2,2,0,65,1,1,1,8,0,low,0.5,12.0
5094,80046,1,4,2,2,40,2,1,1,8,0,low,0.25,25.0
5095,80047,1,1,2,0,25,1,1,1,8,0,high,1.0,33.0
5096,80048,1,1,2,0,55,2,1,1,8,1,high,1.0,5.0
5097,80049,1,2,2,0,60,1,1,1,8,0,low,0.5,7.0
5098,80050,1,7,2,0,75,1,1,1,8,0,low,0.14285714285714285,42.0
5099,80051,1,2,2,8,55,1,4,4,8,0,low,0.5,74.0
5100,80052,1,2,2,0,40,1,4,10,8,0,low,0.5,13.0
5101,80053,1,4,2,0,65,2,4,4,8,0,low,0.25,32.0
5102,80054,1,3,2,2,60,2,1,1,8,1,low,0.3333333333333333,12.0
5103,80055,1,1,2,0,65,1,1,4,8,0,high,1.0,8.0
5104,80056,1,1,2,0,65,1,1,1,8,0,high,1.0,7.0
5105,80057,1,6,2,1,45,1,1,1,8,0,low,0.16666666666666666,1.0
5106,80058,1,1,2,0,65,1,1,1,8,0,high,1.0,5.0
5107,80059,1,2,2,6,65,1,1,3,8,0,low,0.5,13.0
5108,80060,1,3,2,1,35,1,1,1,8,0,low,0.3333333333333333,19.0
5109,80061,1,4,2,1,30,1,1,1,8,0,low,0.25,2.0
5110,80062,1,4,2,6,40,1,1,4,8,0,low,0.25,5.0
5111,80063,1,2,2,1,35,1,1,3,8,0,low,0.5,14.0
5112,80064,1,1,3,0,75,2,1,1,8,1,high,1.0,8.0
5113,80065,1,1,3,0,45,3,1,1,8,1,high,1.0,39.0
5114,80066,1,1,3,0,40,3,1,1,8,0,high,1.0,10.0
5115,80067,1,2,3,2,65,2,4,4,8,1,low,0.5,13.0
5116,80068,2,4,3,0,40,1,1,1,8,1,low,0.5,8.0
5117,80069,1,1,3,0,75,1,1,1,8,1,high,1.0,12.0
5118,80070,1,2,3,6,40,3,1,1,8,1,low,0.5,11.0
5119,80071,2,2,3,0,55,3,1,1,8,1,high,1.0,8.0
5120,80073,1,1,3,0,35,3,1,1,8,1,high,1.0,8.0
5121,80074,1,1,3,0,40,3,1,1,8,0,high,1.0,4.0
5122,80075,1,2,3,0,55,1,1,1,8,0,low,0.5,8.0
5123,80076,2,3,3,1,40,2,1,1,8,2,high,0.6666666666666666,8.0
5124,80078,1,1,3,0,65,2,1,1,8,0,high,1.0,19.0
5125,80079,1,1,3,0,55,2,1,1,8,1,high,1.0,26.0
5126,80080,1,2,3,2,55,1,1,1,8,0,low,0.5,29.0
5127,80081,1,6,3,0,35,3,1,1,8,1,low,0.16666666666666666,6.0
5128,80082,1,3,3,6,40,1,1,1,8,0,low,0.3333333333333333,9.0
5129,80083,1,3,3,0,55,1,1,1,8,0,low,0.3333333333333333,41.0
5130,80084,1,3,3,6,65,1,1,1,8,0,low,0.3333333333333333,14.0
5131,80085,2,6,3,2,55,1,1,1,8,1,low,0.3333333333333333,38.0
5132,80086,1,2,3,0,35,3,1,1,8,1,low,0.5,7.0
5133,80087,1,1,3,0,30,3,1,1,8,1,high,1.0,6.0
5134,80088,1,3,3,2,40,2,1,1,8,1,low,0.3333333333333333,5.0
5135,80089,1,2,3,1,65,3,1,1,8,0,low,0.5,22.0
5136,80090,1,1,3,0,65,2,1,1,8,0,high,1.0,7.0
5137,80091,1,4,3,2,35,1,1,1,8,0,low,0.25,4.0
5138,80092,1,1,3,0,75,2,1,1,8,0,high,1.0,37.0
5139,80093,1,3,3,1,55,1,1,1,8,0,low,0.3333333333333333,10.0
5140,80094,1,4,3,6,65,1,4,10,8,0,low,0.25,34.0
5141,80095,1,1,3,0,30,4,1,1,8,0,high,1.0,2.0
5142,80096,1,2,3,6,35,1,1,1,8,1,low,0.5,2.0
5143,80097,1,2,3,0,50,1,1,1,8,1,low,0.5,7.0
5144,80098,1,1,3,0,65,1,1,1,8,1,high,1.0,12.0
5145,80099,1,3,1,0,40,3,1,1,8,0,low,0.3333333333333333,15.0
5146,80100,1,1,1,0,40,3,4,2,8,0,high,1.0,48.0
5147,80101,1,1,1,0,50,1,4,4,8,0,high,1.0,5.0
5148,80102,1,1,1,0,40,3,1,1,8,0,high,1.0,13.0
5149,80103,1,1,1,0,55,5,1,1,8,1,high,1.0,7.0
5150,80104,1,1,2,0,55,2,1,1,8,0,high,1.0,10.0
5151,80105,1,2,2,2,65,1,1,1,8,0,low,0.5,19.0
5152,80106,1,1,2,0,45,3,1,1,8,0,high,1.0,4.0
5153,80107,1,1,4,0,55,3,4,4,8,0,high,1.0,9.0
5154,80108,1,1,4,0,65,2,1,1,8,1,high,1.0,8.0
5155,80109,1,3,4,0,45,1,1,1,8,1,low,0.3333333333333333,8.0
5156,80110,1,1,4,0,35,1,1,1,8,1,high,1.0,8.0
5157,80111,1,1,4,0,35,2,1,1,8,1,high,1.0,4.0
5158,80112,1,2,4,0,30,1,1,1,8,0,low,0.5,10.0
5159,80113,1,5,4,0,75,1,1,1,8,0,low,0.2,6.0
5160,80114,1,3,4,0,55,3,1,4,8,0,low,0.3333333333333333,12.0
5161,80115,1,1,4,0,40,3,1,1,8,0,high,1.0,11.0
5162,80116,1,2,4,6,20,1,1,1,8,0,low,0.5,19.0
5163,80117,1,1,4,0,35,1,1,1,8,0,high,1.0,14.0
5164,80118,1,1,4,0,60,2,1,1,8,1,high,1.0,2.0
5165,80119,2,3,4,0,55,3,1,1,8,0,high,0.6666666666666666,4.0
5166,80120,1,3,4,6,50,1,1,1,8,0,low,0.3333333333333333,11.0
5167,80121,1,3,4,7,30,3,1,1,8,2,low,0.3333333333333333,13.0
5168,80122,1,1,4,0,30,3,1,1,8,1,high,1.0,23.0
5169,80123,1,1,4,0,55,3,1,1,8,1,high,1.0,5.0
5170,80124,1,4,4,6,30,1,1,1,8,0,low,0.25,5.0
5171,80125,1,1,4,0,25,1,1,1,8,1,high,1.0,4.0
5172,80126,2,6,4,0,75,1,1,1,8,0,low,0.3333333333333333,27.0
5173,80127,1,2,4,6,40,3,1,1,8,1,low,0.5,6.0
5174,80128,1,1,4,0,25,2,4,3,8,0,high,1.0,9.0
5175,80129,1,2,4,7,55,2,4,3,8,1,low,0.5,2.0
5176,80130,1,2,4,6,55,1,1,4,8,0,low,0.5,1.0
5177,80131,1,2,4,0,75,2,1,1,8,0,low,0.5,6.0
5178,80132,1,3,4,1,55,3,1,1,8,1,low,0.3333333333333333,9.0
5179,80133,1,2,4,0,45,2,1,1,8,0,low,0.5,4.0
5180,80134,1,5,4,1,65,1,1,1,8,0,low,0.2,6.0
5181,80135,1,2,4,0,45,1,4,10,8,0,low,0.5,3.0
5182,80136,3,5,4,6,55,2,1,1,8,0,high,0.6,7.0
5183,80137,1,1,4,0,35,3,1,1,8,0,high,1.0,0.0
5184,80138,1,1,4,0,65,1,1,1,8,0,high,1.0,6.0
5185,80139,1,1,4,0,45,2,1,1,8,1,high,1.0,7.0
5186,80140,1,3,4,6,0,1,1,0,8,1,low,0.3333333333333333,11.0
5187,80141,1,2,4,0,55,1,1,1,8,0,low,0.5,6.0
5188,80142,1,7,4,8,40,1,1,1,8,0,low,0.14285714285714285,8.0
5189,80143,1,1,4,0,35,3,1,1,8,1,high,1.0,5.0
5190,80144,1,3,4,6,55,1,1,1,8,0,low,0.3333333333333333,10.0
5191,80145,1,2,4,0,75,1,1,1,8,0,low,0.5,4.0
5192,80146,1,1,4,0,50,1,1,1,8,1,high,1.0,10.0
5193,80147,1,2,4,0,55,2,1,1,8,0,low,0.5,9.0
5194,80148,1,1,4,0,35,1,1,1,8,0,high,1.0,3.0
5195,80149,1,2,4,2,40,4,1,1,8,0,low,0.5,11.0
5196,80150,1,1,4,0,40,3,2,2,8,1,high,1.0,24.0
5197,80151,1,1,1,0,35,3,1,1,8,1,high,1.0,15.0
5198,80152,1,2,2,2,35,1,1,1,8,0,low,0.5,4.0
5199,80153,1,3,2,7,45,1,1,1,8,0,low,0.3333333333333333,7.0
5200,80154,1,3,3,6,45,1,1,1,8,0,low,0.3333333333333333,14.0
5201,80155,1,1,5,0,65,1,1,1,8,0,high,1.0,8.0
5202,80156,1,2,5,0,40,1,1,1,8,1,low,0.5,7.0
5203,80157,1,1,5,0,55,1,1,1,8,0,high,1.0,1.0
5204,80158,1,3,5,2,50,1,1,2,8,0,low,0.3333333333333333,2.0
5205,80159,1,3,5,0,75,1,2,2,8,0,low,0.3333333333333333,12.0
5206,80160,1,1,5,0,65,1,4,2,8,0,high,1.0,23.0
5207,80161,1,2,5,1,40,5,1,1,8,0,low,0.5,6.0
5208,80162,1,1,5,0,30,3,1,1,8,1,high,1.0,10.0
5209,80163,1,1,5,0,45,1,1,1,8,0,high,1.0,7.0
5210,80164,1,4,5,8,40,4,1,1,8,0,low,0.25,3.0
5211,80165,1,2,5,2,55,1,1,1,8,0,low,0.5,10.0
5212,80166,1,2,5,7,75,2,1,1,8,0,low,0.5,18.0
5213,80167,1,3,5,2,65,4,1,4,8,0,low,0.3333333333333333,4.0
5214,80168,1,1,5,0,45,1,1,1,8,0,high,1.0,24.0
5215,80169,1,3,5,2,35,1,1,1,8,0,low,0.3333333333333333,11.0
5216,80170,1,2,5,6,0,1,1,0,8,0,low,0.5,10.0
5217,80171,1,5,5,8,55,1,1,1,8,0,low,0.2,12.0
5218,80172,1,4,5,7,40,1,1,1,8,0,low,0.25,4.0
5219,80173,1,1,5,0,35,1,1,1,8,0,high,1.0,1.0
5220,80174,1,2,5,0,40,1,1,1,8,0,low,0.5,7.0
5221,80175,1,1,5,0,30,1,1,1,8,0,high,1.0,3.0
5222,80176,1,1,5,0,75,2,1,1,8,0,high,1.0,8.0
5223,80177,1,1,5,0,40,3,1,1,8,0,high,1.0,10.0
5224,80178,1,1,5,0,50,1,1,1,8,1,high,1.0,21.0
5225,80179,1,7,5,6,30,1,1,1,8,2,low,0.14285714285714285,6.0
5226,80180,1,2,5,0,55,2,1,1,8,0,low,0.5,7.0
5227,80181,2,4,5,6,35,3,1,1,8,1,low,0.5,9.0
5228,80182,1,2,5,0,15,1,1,1,8,0,low,0.5,5.0
5229,80183,1,1,5,0,50,1,1,1,8,0,high,1.0,31.0
5230,80184,1,1,5,0,30,1,1,1,8,1,high,1.0,5.0
5231,80185,1,2,5,2,65,2,1,1,8,1,low,0.5,5.0
5232,80186,1,1,5,0,75,4,1,1,8,0,high,1.0,6.0
5233,80187,1,2,5,1,50,1,1,1,8,0,low,0.5,3.0
5234,80188,1,2,5,0,30,1,1,1,8,0,low,0.5,252.0
5235,80189,1,4,6,6,55,2,1,1,8,0,low,0.25,4.0
5236,80190,1,3,6,0,65,1,1,1,8,0,low,0.3333333333333333,9.0
5237,80191,1,1,6,0,30,5,1,2,8,1,high,1.0,1.0
5238,80192,1,4,6,1,75,1,1,1,8,0,low,0.25,45.0
5239,80193,1,1,6,0,50,1,1,1,8,0,high,1.0,8.0
5240,80194,1,2,6,0,35,3,1,1,8,1,low,0.5,5.0
5241,80195,1,2,6,0,25,1,1,1,8,0,low,0.5,3.0
5242,80196,1,5,6,6,30,1,1,1,8,0,low,0.2,8.0
5243,80197,2,14,6,1,65,1,7,1,8,0,low,0.14285714285714285,11.0
5244,80198,2,4,6,2,65,1,1,1,8,0,low,0.5,33.0
5245,80199,1,1,6,0,40,1,1,1,8,0,high,1.0,8.0
5246,80200,1,3,6,6,40,1,1,1,8,0,low,0.3333333333333333,12.0
5247,80201,1,3,6,0,35,5,1,1,8,2,low,0.3333333333333333,50.0
5248,80202,1,1,6,0,25,2,1,1,8,1,high,1.0,5.0
5249,80203,1,2,6,0,35,1,1,1,8,2,low,0.5,6.0
5250,80204,1,1,6,0,45,1,1,1,8,0,high,1.0,7.0
5251,80205,1,2,6,0,75,1,1,1,8,0,low,0.5,4.0
5252,80206,1,1,6,0,30,3,1,1,8,1,high,1.0,17.0
5253,80207,1,4,6,7,15,1,1,1,8,1,low,0.25,8.0
5254,80208,1,4,6,6,30,1,1,1,8,0,low,0.25,34.0
5255,80209,1,2,6,6,0,1,1,0,8,2,low,0.5,10.0
5256,80210,1,1,6,0,55,1,1,1,8,0,high,1.0,6.0
5257,80211,1,1,6,0,65,3,1,1,8,1,high,1.0,11.0
5258,80212,1,3,6,6,55,2,1,1,8,1,low,0.3333333333333333,5.0
5259,80213,1,1,6,0,65,1,1,1,8,0,high,1.0,4.0
5260,80214,1,1,6,0,40,1,1,1,8,1,high,1.0,7.0
5261,80215,1,1,6,0,55,1,1,1,8,0,high,1.0,8.0
5262,80216,1,1,6,0,35,3,2,2,8,1,high,1.0,3.0
5263,80217,2,5,6,2,45,1,1,1,8,0,low,0.4,3.0
5264,80218,1,6,6,6,40,1,1,1,8,0,low,0.16666666666666666,7.0
5265,80219,1,2,6,0,75,4,1,1,8,0,low,0.5,25.0
5266,80220,1,2,6,0,20,2,1,1,8,1,low,0.5,5.0
5267,80221,1,1,6,0,25,1,1,1,8,0,high,1.0,14.0
5268,80222,1,1,6,0,30,1,1,1,8,0,high,1.0,4.0
5269,80223,1,1,6,0,30,1,1,1,8,1,high,1.0,4.0
5270,80224,1,1,6,0,35,1,1,1,8,0,high,1.0,15.0
5271,80226,1,4,6,6,20,1,1,1,8,1,low,0.25,103.0
5272,80227,1,2,6,6,30,1,1,1,8,0,low,0.5,12.0
5273,80228,1,3,6,7,35,1,1,1,8,0,low,0.3333333333333333,1.0
5274,80229,1,3,6,6,10,1,1,1,8,0,low,0.3333333333333333,32.0
5275,80230,1,4,4,6,55,1,1,1,8,0,low,0.25,21.0
5276,80231,1,5,4,0,35,1,1,1,8,0,low,0.2,18.0
5277,80232,1,2,5,0,65,3,1,1,8,1,low,0.5,2.0
5278,80233,1,3,5,0,20,2,2,2,8,1,low,0.3333333333333333,0.0
5279,80234,1,1,5,0,40,3,1,1,8,1,high,1.0,10.0
5280,80235,1,1,5,0,35,2,1,1,8,0,high,1.0,6.0
5281,80236,1,3,1,6,55,1,1,1,8,0,low,0.3333333333333333,8.0
5282,80237,1,2,4,6,25,1,1,1,8,0,low,0.5,9.0
5283,80238,1,6,6,0,75,1,1,1,8,0,low,0.16666666666666666,10.0
5284,80239,1,1,6,0,75,1,1,1,8,1,high,1.0,28.0
5285,80240,1,1,7,0,35,1,1,1,8,0,high,1.0,2.0
5286,80241,1,1,7,0,40,3,1,1,8,0,high,1.0,11.0
5287,80242,1,4,7,1,55,1,1,1,8,0,low,0.25,9.0
5288,80243,1,1,7,0,35,3,1,1,8,0,high,1.0,21.0
5289,80244,1,2,7,8,65,1,1,1,8,0,low,0.5,8.0
5290,80245,1,1,7,0,75,1,1,1,8,0,high,1.0,48.0
5291,80246,1,2,7,0,65,2,2,2,8,0,low,0.5,6.0
5292,80247,1,1,7,0,45,1,1,1,8,0,high,1.0,7.0
5293,80248,1,4,7,0,25,3,1,2,8,1,low,0.25,11.0
5294,80249,1,1,7,0,0,1,1,0,8,0,high,1.0,8.0
5295,80250,1,1,7,0,35,2,2,2,8,1,high,1.0,1.0
5296,80251,1,1,7,0,35,2,1,1,8,1,high,1.0,9.0
5297,80252,1,2,7,1,65,1,1,1,8,0,low,0.5,9.0
5298,80253,1,1,7,0,65,1,1,1,8,0,high,1.0,4.0
5299,80254,1,1,7,0,45,3,1,1,8,1,high,1.0,20.0
5300,80255,1,2,7,0,45,1,1,1,8,0,low,0.5,8.0