,ST_CASE,FATALS,PERSONS,MONTH,MAN_COLL,VSPD_LIM,LGT_COND,WEATHER,VSURCOND,STATE,DRUNK_DR,rate,rate_numerical,arrival_time
5694,90142,1,1,10,0,25,1,1,1,9,0,high,1.0,23.0
5695,90143,1,1,9,0,25,1,1,1,9,0,high,1.0,3.0
5696,90144,1,1,9,0,65,1,1,1,9,0,high,1.0,9.0
5697,90145,1,3,10,6,25,1,1,1,9,0,low,0.3333333333333333,12.0
5698,90146,1,4,10,0,65,2,1,1,9,0,low,0.25,6.0
5699,90147,1,1,11,0,98,1,10,1,9,0,high,1.0,8.0
5700,90148,1,1,9,0,30,1,1,1,9,0,high,1.0,69.0
5701,90149,1,1,10,0,40,3,1,1,9,1,high,1.0,6.0
5702,90150,1,1,11,0,65,3,1,1,9,0,high,1.0,58.0
5703,90151,1,1,8,0,65,1,1,1,9,0,high,1.0,2.0
5704,90152,1,1,8,0,25,1,1,1,9,0,high,1.0,8.0
5705,90153,1,2,10,6,45,1,1,1,9,0,low,0.5,11.0
5706,90154,1,1,11,0,25,3,1,1,9,0,high,1.0,2.0
5707,90155,2,3,11,2,65,2,1,1,9,1,high,0.6666666666666666,6.0
5708,90156,1,2,11,0,45,3,1,1,9,0,low,0.5,19.0
5709,90157,1,1,11,0,45,3,1,1,9,0,high,1.0,19.0
5710,90158,1,2,11,0,50,3,2,2,9,0,low,0.5,12.0
5711,90159,1,2,11,0,50,1,1,1,9,0,low,0.5,7.0
5712,90160,1,2,11,0,65,2,1,1,9,0,low,0.5,12.0
5713,90161,1,1,11,0,40,2,1,1,9,0,high,1.0,3.0
5714,90162,1,1,10,0,0,1,1,0,9,0,high,1.0,16.0
5715,90163,1,1,11,0,40,2,1,1,9,1,high,1.0,2.0
5716,90164,1,1,11,0,65,2,1,1,9,0,high,1.0,9.0
5717,90165,1,1,11,0,45,3,1,1,9,1,high,1.0,3.0
5718,90166,1,3,11,0,40,1,1,1,9,0,low,0.3333333333333333,17.0
5719,90167,1,1,11,0,30,3,1,1,9,1,high,1.0,6.0
5720,90168,1,3,11,2,25,1,2,2,9,0,low,0.3333333333333333,5.0
5721,90169,1,1,11,0,65,3,1,1,9,1,high,1.0,8.0
5722,90170,1,1,9,0,55,3,1,1,9,0,high,1.0,7.0
5723,90171,1,5,11,0,25,2,1,1,9,1,low,0.2,7.0
5724,90173,1,1,12,0,30,2,99,99,9,1,high,1.0,46.0
5725,90174,1,1,11,0,25,3,1,1,9,0,high,1.0,5.0
5726,90175,1,3,12,0,25,3,1,1,9,0,low,0.3333333333333333,15.0
5727,90176,1,1,10,0,30,3,1,1,9,1,high,1.0,18.0
5728,90177,1,1,12,0,65,2,1,1,9,1,high,1.0,6.0
5729,90178,1,1,12,0,30,3,1,1,9,0,high,1.0,18.0
5730,90179,1,2,12,0,30,1,1,1,9,0,low,0.5,7.0
5731,90180,1,1,12,0,65,1,1,1,9,1,high,1.0,87.0
5732,90181,1,2,12,6,25,3,2,2,9,1,low,0.5,4.0
5733,90182,1,4,12,2,50,1,1,1,9,0,low,0.25,5.0
5734,90183,1,1,12,0,35,3,10,1,9,1,high,1.0,15.0
5735,90184,1,2,3,1,40,3,1,1,9,1,low,0.5,0.0
5736,90186,1,2,3,6,40,1,10,2,9,0,low,0.5,7.0
5737,90187,1,1,4,0,25,1,1,1,9,0,high,1.0,12.0
5738,90188,1,1,5,0,55,3,1,1,9,1,high,1.0,10.0
5739,90189,1,1,6,0,35,3,2,2,9,0,high,1.0,15.0
5740,90190,1,3,7,6,35,3,1,1,9,1,low,0.3333333333333333,8.0
5741,90191,1,2,7,1,65,1,1,1,9,1,low,0.5,5.0
5742,90192,1,1,8,0,40,2,1,1,9,0,high,1.0,13.0
5743,90193,1,2,7,0,25,1,1,1,9,1,low,0.5,9.0
5744,90194,1,4,10,1,25,1,1,1,9,0,low,0.25,6.0
5745,90195,1,1,10,0,35,3,1,1,9,1,high,1.0,2.0
5746,90196,1,1,11,0,35,2,1,1,9,0,high,1.0,8.0
5747,90197,1,2,6,0,40,1,1,1,9,0,low,0.5,9.0
5748,90198,1,5,4,6,35,1,1,1,9,0,low,0.2,5.0
5749,90199,1,3,4,0,55,2,2,2,9,0,low,0.3333333333333333,6.0
5750,90200,1,2,5,6,40,1,1,1,9,0,low,0.5,14.0
5751,90201,1,2,5,1,65,1,1,1,9,1,low,0.5,17.0
5752,90202,1,4,5,7,55,3,1,1,9,0,low,0.25,5.0
5753,90203,1,1,9,0,40,3,1,1,9,0,high,1.0,10.0
5754,90205,1,1,5,0,25,1,1,1,9,0,high,1.0,6.0
5755,90206,1,5,5,2,40,1,1,1,9,1,low,0.2,13.0
5756,90207,1,1,5,0,65,3,1,1,9,0,high,1.0,13.0
5757,90208,1,2,5,0,65,1,1,1,9,0,low,0.5,15.0
5758,90209,1,1,5,0,65,3,2,2,9,0,high,1.0,4.0
5759,90210,1,1,6,0,25,1,1,1,9,0,high,1.0,5.0
5760,90211,1,1,6,0,30,2,2,2,9,1,high,1.0,53.0
5761,90212,1,1,6,0,45,1,1,1,9,1,high,1.0,5.0
5762,90213,1,2,10,1,65,3,1,1,9,0,low,0.5,5.0
5763,90214,1,1,10,0,55,1,1,1,9,0,high,1.0,6.0
5764,90215,1,4,11,1,65,2,1,1,9,1,low,0.25,6.0
5765,90216,1,1,12,0,45,2,1,1,9,1,high,1.0,2.0
5766,90217,1,1,6,0,50,1,1,1,9,1,high,1.0,15.0
5767,90218,1,1,5,0,65,2,1,1,9,1,high,1.0,2.0
5768,90219,1,5,5,2,45,1,1,1,9,0,low,0.2,10.0
5769,90220,1,1,6,0,30,2,1,1,9,1,high,1.0,5.0
5770,90221,1,2,6,6,35,1,10,1,9,0,low,0.5,3.0
5771,90222,1,1,6,0,65,2,1,1,9,1,high,1.0,14.0
5772,90223,1,1,8,0,65,2,1,1,9,0,high,1.0,5.0
5773,90224,1,1,6,0,40,1,10,1,9,1,high,1.0,10.0
5774,90225,1,1,7,0,45,1,1,1,9,0,high,1.0,3.0
5775,90226,1,2,5,6,25,3,1,1,9,0,low,0.5,7.0
5776,90227,2,15,8,1,65,4,1,1,9,0,low,0.13333333333333333,2.0
5777,90228,1,2,8,2,65,2,1,1,9,1,low,0.5,12.0
5778,90229,1,1,7,0,35,3,1,1,9,0,high,1.0,5.0
5779,90230,1,2,10,0,35,3,1,1,9,1,low,0.5,5.0
5780,90231,1,1,5,0,35,3,1,1,9,0,high,1.0,6.0
5781,90232,1,7,12,6,50,1,1,1,9,0,low,0.14285714285714285,127.0
5782,90233,1,2,9,6,45,5,1,1,9,0,low,0.5,12.0
5783,90234,1,1,10,0,99,1,1,1,9,0,high,1.0,5.0
5784,90235,1,2,11,1,55,1,1,1,9,0,low,0.5,20.0
5785,90237,1,1,11,0,45,2,2,2,9,1,high,1.0,3.0
5786,90238,1,2,10,6,25,1,1,1,9,0,low,0.5,4.0
5787,90239,1,1,9,0,25,2,1,1,9,0,high,1.0,7.0
5788,90240,1,4,11,2,98,3,1,1,9,1,low,0.25,3.0
5789,90241,1,6,12,6,65,1,1,2,9,0,low,0.16666666666666666,16.0
5790,90242,1,2,11,2,40,3,1,1,9,1,low,0.5,18.0
5791,90243,1,1,11,0,40,3,1,1,9,1,high,1.0,2.0
5792,90244,2,6,12,2,40,3,1,1,9,1,low,0.3333333333333333,6.0
5793,90245,1,1,12,0,55,2,1,1,9,1,high,1.0,10.0
5794,90246,1,2,11,0,45,3,1,1,9,1,low,0.5,6.0
5795,90247,1,1,11,0,30,1,1,1,9,0,high,1.0,50.0
5796,90248,1,1,12,0,65,1,1,1,9,0,high,1.0,18.0
5797,90249,1,3,7,0,40,2,99,1,9,0,low,0.3333333333333333,8.0
5798,90250,1,2,9,6,35,1,1,1,9,0,low,0.5,4.0
5799,90251,1,2,3,6,25,3,1,1,9,0,low,0.5,5.0
5800,90252,1,2,7,0,25,3,1,1,9,1,low,0.5,2.0
5801,90253,2,4,10,7,55,1,1,1,9,2,low,0.5,19.0
5802,90254,1,2,7,6,65,1,1,1,9,0,low,0.5,16.0
5803,90255,1,2,11,2,45,1,1,1,9,0,low,0.5,10.0
5804,90256,1,1,2,0,25,3,1,1,9,0,high,1.0,10.0
5805,90257,2,2,5,0,25,1,1,1,9,1,high,1.0,13.0
5806,90258,2,7,7,0,35,3,1,2,9,0,low,0.2857142857142857,6.0
5807,90259,1,1,9,0,25,3,1,1,9,0,high,1.0,7.0
5808,90260,1,1,8,0,25,1,1,98,9,0,high,1.0,19.0
5809,100001,1,1,1,0,50,2,1,1,10,1,high,1.0,17.0
5810,100002,1,1,1,0,55,2,1,1,10,1,high,1.0,44.0
5811,100003,1,1,1,0,45,2,1,1,10,1,high,1.0,12.0
5812,100004,1,2,1,0,50,2,3,2,10,0,low,0.5,16.0
5813,100005,1,2,1,6,45,1,1,1,10,0,low,0.5,9.0
5814,100006,1,5,1,0,55,2,1,1,10,0,low,0.2,9.0
5815,100007,1,1,1,0,25,1,2,2,10,0,high,1.0,159.0
5816,100008,1,1,2,0,50,2,1,1,10,1,high,1.0,10.0
5817,100009,1,3,2,7,45,2,1,1,10,0,low,0.3333333333333333,5.0
5818,100010,1,2,2,1,55,1,1,1,10,0,low,0.5,10.0
5819,100011,1,10,2,7,55,1,10,2,10,0,low,0.1,17.0
5820,100012,1,6,3,6,50,1,1,1,10,0,low,0.16666666666666666,2.0
5821,100013,1,3,3,0,55,3,1,1,10,0,low,0.3333333333333333,13.0
5822,100014,1,1,3,0,45,2,2,2,10,0,high,1.0,36.0
5823,100015,2,5,3,6,50,2,1,1,10,0,low,0.4,17.0
5824,100016,1,3,4,2,40,1,1,1,10,0,low,0.3333333333333333,6.0
5825,100017,1,3,4,2,55,2,1,1,10,1,low,0.3333333333333333,3.0
5826,100018,1,1,5,0,50,1,1,1,10,0,high,1.0,3.0
5827,100019,1,3,5,1,55,1,1,1,10,1,low,0.3333333333333333,9.0
5828,100020,1,2,5,6,50,1,1,1,10,2,low,0.5,18.0
5829,100021,1,2,5,6,50,1,10,2,10,0,low,0.5,7.0
5830,100022,1,1,5,0,50,4,10,1,10,0,high,1.0,37.0
5831,100023,1,1,6,0,40,5,1,1,10,0,high,1.0,6.0
5832,100024,1,1,6,0,45,2,1,1,10,0,high,1.0,76.0
5833,100025,1,1,6,0,35,2,1,1,10,1,high,1.0,8.0
5834,100026,1,2,6,6,30,1,1,1,10,0,low,0.5,17.0
5835,100027,1,1,7,0,50,1,1,1,10,0,high,1.0,7.0
5836,100028,1,2,7,1,40,3,1,1,10,1,low,0.5,5.0
5837,100029,1,1,1,0,40,3,1,1,10,0,high,1.0,11.0
5838,100030,1,2,2,0,35,3,10,1,10,0,low,0.5,7.0
5839,100031,1,1,3,0,25,3,1,8,10,1,high,1.0,11.0
5840,100032,1,2,3,0,35,3,1,1,10,1,low,0.5,3.0
5841,100033,1,1,2,0,50,2,1,1,10,1,high,1.0,13.0
5842,100034,1,6,3,0,50,2,1,2,10,1,low,0.16666666666666666,2.0
5843,100035,1,1,4,0,55,2,10,1,10,0,high,1.0,10.0
5844,100036,1,1,5,0,50,2,1,1,10,0,high,1.0,17.0
5845,100037,1,2,6,6,55,1,10,1,10,0,low,0.5,6.0
5846,100038,1,2,6,6,50,1,1,1,10,0,low,0.5,3.0
5847,100039,1,1,6,0,40,2,2,2,10,1,high,1.0,8.0
5848,100040,1,1,7,0,50,3,10,1,10,0,high,1.0,2.0
5849,100041,1,3,7,2,50,1,1,1,10,0,low,0.3333333333333333,15.0
5850,100042,1,2,7,0,50,2,1,1,10,0,low,0.5,11.0
5851,100043,1,1,7,0,45,3,1,1,10,0,high,1.0,20.0
5852,100044,1,5,7,0,65,1,1,1,10,1,low,0.2,10.0
5853,100045,1,2,7,11,50,1,1,1,10,0,low,0.5,25.0
5854,100046,1,2,8,7,55,5,1,1,10,0,low,0.5,3.0
5855,100047,1,3,8,0,55,2,1,1,10,0,low,0.3333333333333333,10.0
5856,100048,1,1,9,0,50,2,1,1,10,1,high,1.0,14.0
5857,100049,1,2,9,0,30,1,1,1,10,0,low,0.5,10.0
5858,100050,1,1,9,0,45,2,1,1,10,0,high,1.0,38.0
5859,100051,1,4,8,6,35,1,1,1,10,0,low,0.25,6.0
5860,100052,1,1,6,0,50,1,1,1,10,0,high,1.0,7.0
5861,100053,1,2,7,6,45,1,1,1,10,0,low,0.5,3.0
5862,100054,1,2,8,0,50,2,1,1,10,0,low,0.5,19.0
5863,100055,1,2,8,0,55,2,1,1,10,0,low,0.5,15.0
5864,100056,1,2,9,2,50,1,1,1,10,0,low,0.5,42.0
5865,100057,1,1,9,0,35,3,1,1,10,1,high,1.0,11.0
5866,100058,2,2,10,6,40,1,1,1,10,0,high,1.0,11.0
5867,100059,1,2,10,2,50,2,1,1,10,0,low,0.5,11.0
5868,100060,1,2,11,6,50,1,1,1,10,0,low,0.5,5.0
5869,100061,1,1,5,0,50,5,1,1,10,1,high,1.0,7.0
5870,100062,1,2,7,0,50,2,1,1,10,0,low,0.5,4.0
5871,100063,1,1,6,0,50,1,1,1,10,1,high,1.0,10.0
5872,100064,1,1,2,0,40,1,1,1,10,0,high,1.0,12.0
5873,100065,1,1,3,0,35,1,1,1,10,0,high,1.0,7.0
5874,100066,1,3,5,6,45,1,1,1,10,1,low,0.3333333333333333,11.0
5875,100067,1,2,11,0,45,2,1,1,10,0,low,0.5,9.0
5876,100068,1,1,6,0,45,2,1,1,10,0,high,1.0,3.0
5877,100069,1,3,7,6,35,1,1,1,10,0,low,0.3333333333333333,6.0
5878,100070,1,1,7,0,50,1,10,2,10,1,high,1.0,6.0
5879,100071,1,5,7,6,50,1,1,1,10,0,low,0.2,17.0
5880,100072,1,1,7,0,45,2,1,1,10,1,high,1.0,18.0
5881,100073,1,2,7,6,25,1,10,1,10,0,low,0.5,9.0
5882,100074,1,2,7,2,35,1,1,1,10,2,low,0.5,10.0
5883,100075,1,2,8,1,55,1,1,1,10,0,low,0.5,13.0
5884,100076,1,1,8,0,55,1,1,1,10,0,high,1.0,6.0
5885,100077,1,1,8,0,50,2,1,1,10,1,high,1.0,25.0
5886,100078,1,2,11,0,50,3,1,1,10,0,low,0.5,4.0
5887,100079,1,7,10,6,35,1,2,2,10,0,low,0.14285714285714285,13.0
5888,100080,1,1,11,0,50,2,2,2,10,0,high,1.0,6.0
5889,100081,1,1,12,0,45,3,2,2,10,0,high,1.0,25.0
5890,100082,1,3,11,6,50,3,10,1,10,1,low,0.3333333333333333,21.0
5891,100083,1,3,11,2,55,2,10,1,10,0,low,0.3333333333333333,15.0
5892,100084,1,2,12,0,55,2,2,2,10,1,low,0.5,6.0
5893,100085,1,1,10,0,25,2,10,1,10,0,high,1.0,6.0
5894,100086,1,1,10,0,55,3,1,1,10,0,high,1.0,1.0
5895,100087,1,2,10,0,65,1,1,1,10,1,low,0.5,15.0
5896,100088,2,3,12,6,55,1,2,2,10,0,high,0.6666666666666666,6.0
5897,100089,1,1,10,0,45,2,10,2,10,0,high,1.0,7.0
5898,100090,1,3,10,0,45,5,1,1,10,0,low,0.3333333333333333,10.0
5899,100091,1,2,10,2,35,1,2,2,10,0,low,0.5,10.0
5900,100092,1,2,10,6,45,1,1,1,10,0,low,0.5,8.0
5901,100093,1,2,10,6,45,2,1,1,10,1,low,0.5,10.0
5902,100094,1,1,10,0,55,2,2,2,10,1,high,1.0,11.0
5903,100095,1,2,10,2,45,1,1,1,10,0,low,0.5,9.0
5904,100096,1,1,12,0,25,3,10,1,10,1,high,1.0,12.0
5905,100097,1,2,12,6,50,1,2,2,10,0,low,0.5,548.0
5906,100098,1,2,12,6,45,1,1,1,10,0,low,0.5,3.0
5907,100099,1,6,11,6,65,1,2,2,10,0,low,0.16666666666666666,4.0
5908,100100,1,2,11,6,0,2,1,0,10,0,low,0.5,285.0
5909,100101,1,5,11,6,0,3,1,0,10,0,low,0.2,9.0
5910,100102,1,1,11,0,65,2,10,1,10,0,high,1.0,6.0
5911,100103,1,1,11,0,50,2,1,1,10,0,high,1.0,17.0
5912,100104,1,2,11,0,50,2,2,2,10,1,low,0.5,3.0
5913,100105,1,6,11,6,50,1,1,1,10,0,low,0.16666666666666666,11.0
5914,100106,1,5,11,2,50,2,1,1,10,0,low,0.2,4.0
5915,100107,1,1,10,0,35,3,2,2,10,1,high,1.0,5.0
5916,100108,1,1,9,0,50,1,10,1,10,0,high,1.0,12.0
5917,100109,1,3,9,2,45,2,1,1,10,1,low,0.3333333333333333,13.0
5918,100110,1,3,9,6,45,2,1,1,10,0,low,0.3333333333333333,5.0
5919,100111,1,2,9,1,45,3,1,2,10,1,low,0.5,5.0
5920,100112,1,5,8,6,35,1,1,1,10,0,low,0.2,18.0
5921,100113,2,3,9,2,50,2,1,1,10,0,high,0.6666666666666666,7.0
5922,100114,1,2,9,0,40,2,10,2,10,1,low,0.5,14.0
5923,100115,1,3,9,0,50,1,1,1,10,0,low,0.3333333333333333,5.0
5924,100116,1,1,9,0,45,2,1,1,10,0,high,1.0,6.0
5925,100117,1,1,8,0,25,3,1,1,10,0,high,1.0,9.0
5926,100118,1,3,8,0,50,2,1,1,10,0,low,0.3333333333333333,5.0
5927,100119,1,1,8,0,55,2,1,1,10,0,high,1.0,4.0
5928,100120,1,2,10,0,45,2,1,1,10,1,low,0.5,7.0
5929,100121,1,1,1,0,65,2,10,1,10,0,high,1.0,4.0
5930,100122,1,2,5,0,55,3,2,2,10,0,low,0.5,15.0
5931,110001,1,1,1,0,35,1,1,1,11,0,high,1.0,14.0
5932,110002,1,3,2,7,25,1,1,1,11,0,low,0.3333333333333333,8.0
5933,110003,1,3,3,0,25,3,1,1,11,1,low,0.3333333333333333,23.0
5934,110004,1,3,4,0,25,3,2,2,11,0,low,0.3333333333333333,9.0
5935,110005,1,1,4,0,25,1,1,1,11,0,high,1.0,6.0
5936,110006,1,1,6,0,25,1,1,1,11,0,high,1.0,7.0
5937,110007,1,7,6,6,35,2,1,1,11,0,low,0.14285714285714285,11.0
5938,110008,1,1,6,0,25,1,1,1,11,0,high,1.0,18.0
5939,110009,1,1,6,0,25,1,1,1,11,0,high,1.0,19.0
5940,110010,1,1,7,0,30,3,1,1,11,1,high,1.0,5.0
5941,110011,1,2,7,0,35,2,1,1,11,1,low,0.5,9.0
5942,110012,1,3,7,99,25,3,1,1,11,0,low,0.3333333333333333,5.0
5943,110013,1,2,8,0,30,1,1,1,11,0,low,0.5,8.0
5944,110014,1,2,7,0,45,1,1,1,11,1,low,0.5,12.0
5945,110015,1,1,9,0,25,1,1,1,11,0,high,1.0,5.0
5946,110016,1,1,9,0,25,1,1,1,11,0,high,1.0,12.0
5947,110017,1,1,10,0,30,3,1,1,11,0,high,1.0,9.0
5948,110018,1,1,10,0,25,3,1,1,11,0,high,1.0,5.0
5949,110019,1,3,10,6,25,1,1,1,11,0,low,0.3333333333333333,9.0
5950,110020,1,1,11,0,25,3,1,1,11,0,high,1.0,9.0
5951,110021,1,2,11,6,30,3,1,1,11,1,low,0.5,4.0
5952,110022,1,1,12,0,25,1,1,1,11,0,high,1.0,3.0
5953,110023,1,3,12,6,25,1,1,1,11,0,low,0.3333333333333333,5.0
5954,120001,1,2,1,0,30,3,10,1,12,0,low,0.5,15.0
5955,120002,1,1,1,0,55,2,10,1,12,1,high,1.0,8.0
5956,120003,1,1,1,0,40,2,1,1,12,1,high,1.0,16.0
5957,120004,1,1,1,0,55,1,1,1,12,0,high,1.0,2.0
5958,120005,3,9,1,2,60,2,1,1,12,1,low,0.3333333333333333,16.0
5959,120006,1,1,1,0,45,3,10,2,12,0,high,1.0,1.0
5960,120007,1,2,1,6,35,3,2,2,12,0,low,0.5,6.0
5961,120008,1,1,1,0,35,2,1,1,12,0,high,1.0,20.0
5962,120009,1,5,1,2,35,1,10,1,12,0,low,0.2,20.0
5963,120010,1,6,1,0,55,3,1,1,12,1,low,0.16666666666666666,3.0
5964,120011,1,1,1,0,55,3,1,1,12,0,high,1.0,26.0
5965,120014,1,1,1,0,35,5,2,2,12,0,high,1.0,13.0
5966,120015,1,1,2,0,50,3,1,1,12,1,high,1.0,12.0
5967,120016,1,7,1,1,70,5,1,1,12,0,low,0.14285714285714285,5.0
5968,120017,1,3,1,1,55,1,1,1,12,0,low,0.3333333333333333,8.0
5969,120018,1,5,1,0,55,2,10,1,12,0,low,0.2,12.0
5970,120019,1,2,1,1,40,1,1,1,12,0,low,0.5,6.0
5971,120021,1,1,1,0,25,2,10,99,12,0,high,1.0,14.0
5972,120022,1,3,1,0,55,1,1,1,12,0,low,0.3333333333333333,14.0
5973,120023,1,3,1,0,70,1,1,1,12,0,low,0.3333333333333333,40.0
5974,120024,3,9,1,0,70,2,1,1,12,0,low,0.3333333333333333,1.0
5975,120025,1,1,1,0,65,1,1,1,12,0,high,1.0,8.0
5976,120026,1,2,1,1,65,2,1,1,12,0,low,0.5,9.0
5977,120027,1,3,1,0,40,3,1,1,12,0,low,0.3333333333333333,11.0
5978,120028,1,1,1,0,45,1,1,1,12,0,high,1.0,8.0
5979,120029,1,1,1,0,55,2,1,1,12,1,high,1.0,11.0
5980,120030,1,1,1,0,55,2,10,1,12,0,high,1.0,14.0
5981,120031,1,2,1,0,55,2,1,1,12,0,low,0.5,10.0
5982,120032,2,3,1,0,55,2,1,1,12,1,high,0.6666666666666666,17.0
5983,120034,1,2,1,6,55,1,1,1,12,0,low,0.5,8.0
5984,120036,2,6,1,1,60,5,1,1,12,0,low,0.3333333333333333,9.0
5985,120037,1,1,1,0,35,3,1,1,12,0,high,1.0,5.0
5986,120038,1,2,1,2,60,1,1,1,12,0,low,0.5,13.0
5987,120039,1,2,1,1,45,1,10,1,12,0,low,0.5,262.0
5988,120040,1,4,1,0,45,3,1,1,12,0,low,0.25,10.0
5989,120041,1,1,1,0,45,2,1,1,12,0,high,1.0,6.0
5990,120042,1,2,1,1,70,2,1,1,12,0,low,0.5,10.0
5991,120043,1,2,1,6,98,1,1,1,12,0,low,0.5,15.0
5992,120044,1,3,1,1,65,4,10,1,12,0,low,0.3333333333333333,7.0
5993,120045,2,3,1,6,45,1,10,1,12,0,high,0.6666666666666666,7.0
5994,120046,1,4,1,6,45,2,2,2,12,1,low,0.25,13.0
5995,120047,1,2,1,6,45,3,10,1,12,0,low,0.5,18.0
5996,120048,1,2,1,6,50,3,2,2,12,0,low,0.5,7.0
5997,120049,1,6,1,1,25,1,1,1,12,0,low,0.16666666666666666,15.0
5998,120050,1,1,1,0,40,2,2,2,12,0,high,1.0,22.0
5999,120051,1,1,1,0,55,2,1,1,12,0,high,1.0,9.0
6000,120052,1,48,1,1,50,4,1,1,12,0,low,0.020833333333333332,7.0
6001,120053,1,1,1,0,35,3,1,1,12,1,high,1.0,27.0
6002,120054,1,3,1,6,35,1,1,1,12,0,low,0.3333333333333333,6.0
6003,120055,1,1,1,0,40,3,10,1,12,1,high,1.0,4.0
6004,120056,1,5,1,0,60,2,1,1,12,0,low,0.2,20.0
6005,120057,1,1,1,0,50,3,1,1,12,0,high,1.0,6.0
6006,120058,1,1,1,0,35,2,1,1,12,0,high,1.0,5.0
6007,120059,1,2,1,0,45,1,10,1,12,0,low,0.5,6.0
6008,120060,1,1,1,0,55,1,10,1,12,0,high,1.0,16.0
6009,120061,1,3,1,6,45,1,1,1,12,0,low,0.3333333333333333,11.0
6010,120062,1,1,1,0,35,3,10,1,12,0,high,1.0,7.0
6011,120063,1,4,1,6,60,1,10,1,12,0,low,0.25,3.0
6012,120064,1,2,1,0,45,3,1,1,12,0,low,0.5,7.0
6013,120065,2,3,1,6,35,3,1,1,12,0,high,0.6666666666666666,9.0
6014,120066,1,2,1,6,45,1,1,1,12,0,low,0.5,9.0
6015,120067,1,1,1,0,98,3,1,1,12,0,high,1.0,6.0
6016,120068,1,3,1,0,50,3,2,2,12,1,low,0.3333333333333333,7.0
6017,120069,1,2,1,0,65,3,1,1,12,0,low,0.5,13.0
6018,120070,1,3,1,2,40,3,1,1,12,1,low,0.3333333333333333,2.0
6019,120071,1,1,1,0,35,2,1,1,12,0,high,1.0,8.0
6020,120072,1,3,1,6,55,1,1,1,12,0,low,0.3333333333333333,12.0
6021,120073,1,2,1,0,50,2,1,1,12,0,low,0.5,4.0
6022,120074,1,5,1,6,40,3,1,1,12,0,low,0.2,5.0
6023,120075,1,2,1,1,50,2,1,1,12,1,low,0.5,13.0
6024,120076,1,5,1,6,30,2,1,1,12,0,low,0.2,1.0
6025,120077,1,7,1,6,40,1,2,2,12,0,low,0.14285714285714285,24.0
6026,120078,1,3,1,6,60,2,1,1,12,0,low,0.3333333333333333,10.0
6027,120079,1,2,1,0,70,3,10,1,12,1,low,0.5,9.0
6028,120080,1,1,1,0,70,2,1,1,12,0,high,1.0,2.0
6029,120081,1,2,1,1,50,3,1,1,12,0,low,0.5,5.0
6030,120082,1,1,1,0,30,1,1,1,12,0,high,1.0,25.0
6031,120083,1,1,1,0,60,2,1,1,12,0,high,1.0,12.0
6032,120084,1,3,1,6,45,1,1,1,12,0,low,0.3333333333333333,8.0
6033,120085,1,2,1,0,45,2,1,1,12,0,low,0.5,12.0
6034,120086,1,2,1,1,30,3,1,1,12,0,low,0.5,10.0
6035,120087,1,6,1,1,70,2,1,1,12,1,low,0.16666666666666666,10.0
6036,120088,1,1,1,0,55,2,1,1,12,0,high,1.0,3.0
6037,120089,1,2,1,0,45,3,1,1,12,0,low,0.5,14.0
6038,120090,1,0,1,0,0,2,5,0,12,0,high,inf,21.0
6039,120091,1,1,1,0,55,2,5,1,12,0,high,1.0,3.0
6040,120092,1,1,1,0,45,2,1,1,12,0,high,1.0,5.0
6041,120093,1,3,1,6,45,3,10,1,12,1,low,0.3333333333333333,6.0
6042,120094,2,3,1,6,35,3,1,1,12,0,high,0.6666666666666666,11.0
6043,120095,1,5,1,6,30,1,1,1,12,0,low,0.2,67.0
6044,120096,1,2,1,0,45,4,1,1,12,0,low,0.5,1.0
6045,120097,1,2,1,0,35,3,1,1,12,1,low,0.5,5.0
6046,120098,1,1,1,0,45,3,1,1,12,0,high,1.0,170.0
6047,120099,1,2,1,6,40,1,1,1,12,0,low,0.5,7.0
6048,120100,1,1,1,0,40,3,1,1,12,1,high,1.0,20.0
6049,120101,1,2,1,6,30,1,10,1,12,0,low,0.5,6.0
6050,120102,1,5,1,6,50,5,10,1,12,0,low,0.2,3.0
6051,120103,1,1,1,0,55,3,1,1,12,1,high,1.0,10.0
6052,120104,1,2,1,1,55,3,1,1,12,0,low,0.5,3.0
6053,120105,1,3,1,6,30,5,1,1,12,0,low,0.3333333333333333,13.0
6054,120106,1,1,1,0,98,3,1,1,12,0,high,1.0,4.0
6055,120107,1,1,1,0,45,3,1,1,12,0,high,1.0,5.0
6056,120108,1,2,1,0,55,2,1,1,12,0,low,0.5,12.0
6057,120109,1,8,1,6,40,3,1,1,12,0,low,0.125,7.0
6058,120110,1,4,1,6,70,1,1,1,12,0,low,0.25,9.0
6059,120111,1,3,1,1,60,2,1,1,12,0,low,0.3333333333333333,21.0
6060,120112,1,2,1,0,65,3,1,1,12,1,low,0.5,7.0
6061,120113,1,2,1,0,45,2,1,1,12,0,low,0.5,8.0
6062,120114,1,2,1,6,40,4,1,1,12,0,low,0.5,6.0
6063,120115,1,1,1,0,0,3,1,1,12,0,high,1.0,12.0
6064,120117,1,3,1,0,25,3,10,1,12,1,low,0.3333333333333333,10.0
6065,120118,1,1,1,0,60,1,1,1,12,0,high,1.0,9.0
6066,120119,1,1,1,0,55,2,1,1,12,1,high,1.0,5.0
6067,120120,4,6,1,6,35,2,1,1,12,0,high,0.6666666666666666,9.0
6068,120121,1,1,1,0,45,3,1,1,12,1,high,1.0,11.0
6069,120122,1,2,1,0,70,1,10,1,12,0,low,0.5,9.0
6070,120123,1,5,1,6,60,2,1,1,12,0,low,0.2,6.0
6071,120124,1,2,1,0,45,2,1,1,12,1,low,0.5,14.0
6072,120125,1,2,1,0,70,3,1,1,12,0,low,0.5,6.0
6073,120126,1,4,1,8,55,1,1,1,12,0,low,0.25,2.0
6074,120127,1,2,1,0,65,3,1,1,12,0,low,0.5,13.0
6075,120128,2,2,1,0,30,1,1,1,12,0,high,1.0,12.0
6076,120129,1,2,1,6,98,3,1,1,12,0,low,0.5,0.0