,ST_CASE,FATALS,PERSONS,MONTH,MAN_COLL,VSPD_LIM,LGT_COND,WEATHER,VSURCOND,STATE,DRUNK_DR,rate,rate_numerical,arrival_time
6454,120530,1,2,4,0,40,3,2,2,12,0,low,0.5,20.0
6455,120531,1,2,4,6,55,2,1,1,12,0,low,0.5,52.0
6456,120532,1,1,4,0,25,3,1,1,12,1,high,1.0,12.0
6457,120533,1,3,3,0,45,3,1,1,12,0,low,0.3333333333333333,3.0
6458,120534,2,1,4,0,45,3,1,1,12,0,high,2.0,10.0
6459,120535,1,1,4,0,30,1,1,1,12,0,high,1.0,7.0
6460,120536,1,2,4,0,40,1,1,1,12,0,low,0.5,6.0
6461,120537,1,1,4,0,45,3,1,1,12,0,high,1.0,4.0
6462,120538,1,2,1,0,45,4,1,1,12,0,low,0.5,15.0
6463,120539,1,1,3,0,55,2,1,1,12,1,high,1.0,2.0
6464,120540,1,2,3,6,45,1,10,1,12,0,low,0.5,7.0
6465,120541,1,4,3,0,35,1,1,1,12,0,low,0.25,81.0
6466,120542,1,2,3,1,45,3,1,1,12,1,low,0.5,7.0
6467,120543,1,1,3,0,35,2,10,2,12,1,high,1.0,2.0
6468,120544,1,4,3,7,40,1,1,1,12,1,low,0.25,15.0
6469,120546,1,1,3,0,25,2,1,1,12,1,high,1.0,6.0
6470,120547,2,2,3,2,65,3,10,1,12,1,high,1.0,11.0
6471,120548,1,8,3,1,65,1,1,1,12,0,low,0.125,5.0
6472,120549,1,1,4,0,55,2,1,1,12,1,high,1.0,7.0
6473,120550,2,3,4,6,65,1,10,1,12,1,high,0.6666666666666666,2.0
6474,120551,1,1,4,0,40,1,1,1,12,0,high,1.0,8.0
6475,120552,1,3,4,0,55,2,1,1,12,0,low,0.3333333333333333,9.0
6476,120553,2,5,4,2,30,2,1,1,12,1,low,0.4,12.0
6477,120554,1,3,4,6,70,2,1,1,12,0,low,0.3333333333333333,12.0
6478,120555,1,2,4,0,55,1,10,1,12,0,low,0.5,10.0
6479,120556,1,4,4,6,45,1,1,1,12,1,low,0.25,13.0
6480,120557,1,1,4,0,65,1,1,1,12,1,high,1.0,21.0
6481,120558,1,1,4,0,55,1,1,1,12,0,high,1.0,7.0
6482,120559,1,1,4,0,25,1,2,2,12,1,high,1.0,11.0
6483,120560,1,1,4,0,15,1,1,1,12,0,high,1.0,24.0
6484,120562,1,1,4,0,50,2,1,1,12,0,high,1.0,5.0
6485,120563,1,4,3,1,55,3,1,1,12,0,low,0.25,8.0
6486,120564,1,1,4,0,45,3,1,1,12,1,high,1.0,8.0
6487,120565,1,1,4,0,45,1,1,1,12,1,high,1.0,67.0
6488,120566,1,2,4,0,40,2,1,1,12,0,low,0.5,7.0
6489,120567,1,4,3,7,70,1,1,1,12,0,low,0.25,11.0
6490,120568,1,3,4,6,55,3,1,1,12,1,low,0.3333333333333333,3.0
6491,120569,1,1,4,0,45,3,10,2,12,0,high,1.0,3.0
6492,120570,1,2,4,0,50,2,1,1,12,0,low,0.5,2.0
6493,120571,1,1,4,0,45,3,1,1,12,0,high,1.0,28.0
6494,120572,1,3,4,0,40,2,1,1,12,0,low,0.3333333333333333,13.0
6495,120573,1,2,4,0,65,1,10,1,12,0,low,0.5,9.0
6496,120574,1,2,4,0,35,3,1,1,12,0,low,0.5,16.0
6497,120575,1,4,4,2,50,1,1,1,12,0,low,0.25,14.0
6498,120576,1,1,4,0,30,3,1,1,12,0,high,1.0,7.0
6499,120577,1,2,4,0,45,3,1,1,12,0,low,0.5,3.0
6500,120578,1,1,4,0,55,3,2,2,12,0,high,1.0,8.0
6501,120579,1,10,4,1,45,4,10,1,12,0,low,0.1,8.0
6502,120580,1,3,3,1,50,3,1,1,12,1,low,0.3333333333333333,7.0
6503,120581,1,6,3,1,60,1,1,1,12,0,low,0.16666666666666666,33.0
6504,120582,1,6,1,8,55,1,1,1,12,0,low,0.16666666666666666,3.0
6505,120583,1,2,3,1,15,5,1,1,12,0,low,0.5,6.0
6506,120584,1,2,3,2,45,2,1,1,12,0,low,0.5,1.0
6507,120585,1,1,1,0,45,3,10,2,12,0,high,1.0,13.0
6508,120586,1,3,4,2,45,1,1,1,12,1,low,0.3333333333333333,9.0
6509,120587,1,1,4,0,40,1,10,1,12,0,high,1.0,11.0
6510,120588,1,2,3,0,45,4,10,1,12,0,low,0.5,9.0
6511,120589,1,2,4,0,55,3,1,1,12,1,low,0.5,7.0
6512,120590,1,2,4,1,30,3,1,1,12,1,low,0.5,26.0
6513,120591,1,1,4,0,30,3,1,1,12,0,high,1.0,1.0
6514,120592,1,1,4,0,40,3,10,2,12,1,high,1.0,8.0
6515,120593,1,1,4,0,35,2,1,1,12,0,high,1.0,8.0
6516,120594,1,1,4,0,40,3,1,1,12,0,high,1.0,20.0
6517,120595,1,3,4,1,45,2,10,1,12,0,low,0.3333333333333333,10.0
6518,120596,1,1,4,0,35,1,10,1,12,0,high,1.0,13.0
6519,120597,1,4,4,0,40,1,2,2,12,2,low,0.25,1.0
6520,120598,1,2,2,1,98,1,1,1,12,0,low,0.5,13.0
6521,120599,1,3,2,6,45,3,1,1,12,0,low,0.3333333333333333,21.0
6522,120600,1,1,3,0,30,1,1,1,12,0,high,1.0,11.0
6523,120601,1,4,3,2,50,3,1,1,12,0,low,0.25,17.0
6524,120602,1,4,3,2,40,3,1,1,12,0,low,0.25,20.0
6525,120603,1,1,3,0,35,3,1,1,12,0,high,1.0,10.0
6526,120604,1,2,4,7,45,1,1,1,12,0,low,0.5,49.0
6527,120605,1,1,4,0,40,3,1,1,12,0,high,1.0,2.0
6528,120606,1,2,4,0,25,1,1,1,12,0,low,0.5,12.0
6529,120607,1,1,4,0,20,1,1,1,12,0,high,1.0,16.0
6530,120608,1,1,1,0,55,2,1,1,12,0,high,1.0,8.0
6531,120609,1,6,4,1,70,2,1,1,12,1,low,0.16666666666666666,11.0
6532,120611,1,1,4,0,40,3,1,1,12,1,high,1.0,33.0
6533,120612,1,4,4,0,25,3,1,1,12,0,low,0.25,22.0
6534,120614,1,2,3,7,65,1,1,1,12,0,low,0.5,11.0
6535,120615,2,2,4,0,55,2,1,1,12,1,high,1.0,15.0
6536,120616,1,3,4,2,30,2,1,1,12,1,low,0.3333333333333333,9.0
6537,120617,1,2,4,0,30,3,1,1,12,1,low,0.5,28.0
6538,120618,1,3,4,1,70,2,10,1,12,1,low,0.3333333333333333,5.0
6539,120619,1,1,4,0,60,2,1,1,12,0,high,1.0,17.0
6540,120620,1,1,3,0,45,1,1,1,12,0,high,1.0,23.0
6541,120621,2,3,4,1,55,4,1,1,12,0,high,0.6666666666666666,15.0
6542,120622,2,3,4,1,65,1,1,1,12,0,high,0.6666666666666666,14.0
6543,120623,1,2,4,6,45,1,1,1,12,0,low,0.5,8.0
6544,120624,2,4,4,6,45,2,1,2,12,0,low,0.5,31.0
6545,120625,1,7,4,11,55,2,1,1,12,0,low,0.14285714285714285,16.0
6546,120626,1,2,4,6,60,2,1,1,12,1,low,0.5,26.0
6547,120627,1,1,4,0,55,3,10,1,12,1,high,1.0,1342.0
6548,120628,1,1,3,0,30,3,1,1,12,0,high,1.0,10.0
6549,120629,1,2,4,6,30,1,10,2,12,0,low,0.5,12.0
6550,120630,1,1,4,0,30,1,10,1,12,0,high,1.0,17.0
6551,120631,1,1,4,0,40,3,1,1,12,1,high,1.0,6.0
6552,120632,1,1,4,0,45,1,1,1,12,1,high,1.0,27.0
6553,120634,1,2,4,6,35,1,1,1,12,0,low,0.5,6.0
6554,120635,1,2,4,0,35,2,1,1,12,1,low,0.5,2.0
6555,120636,1,1,4,0,45,6,1,1,12,0,high,1.0,12.0
6556,120637,1,1,4,0,45,3,1,1,12,1,high,1.0,5.0
6557,120638,1,1,4,0,30,3,1,1,12,0,high,1.0,28.0
6558,120639,1,2,4,0,35,3,1,1,12,0,low,0.5,2.0
6559,120640,1,1,4,0,45,1,1,1,12,0,high,1.0,3.0
6560,120641,1,1,4,0,70,5,10,1,12,0,high,1.0,28.0
6561,120642,1,3,4,2,45,1,10,1,12,0,low,0.3333333333333333,5.0
6562,120643,2,2,4,0,30,3,1,1,12,0,high,1.0,9.0
6563,120644,1,2,4,2,50,3,10,1,12,1,low,0.5,20.0
6564,120645,1,1,4,0,50,1,10,1,12,1,high,1.0,64.0
6565,120646,1,1,4,0,40,3,1,1,12,1,high,1.0,6.0
6566,120647,1,2,4,6,35,3,1,1,12,0,low,0.5,5.0
6567,120648,1,1,4,0,25,3,1,1,12,1,high,1.0,7.0
6568,120649,1,4,3,0,60,2,1,1,12,0,low,0.25,33.0
6569,120650,1,1,4,0,35,4,1,1,12,1,high,1.0,0.0
6570,120651,1,2,4,2,40,1,1,1,12,0,low,0.5,17.0
6571,120652,1,2,4,0,30,1,10,2,12,0,low,0.5,7.0
6572,120653,2,3,2,1,45,2,1,1,12,1,high,0.6666666666666666,6.0
6573,120654,1,1,4,0,45,2,1,1,12,0,high,1.0,7.0
6574,120655,1,2,3,6,30,3,1,1,12,0,low,0.5,3.0
6575,120656,1,2,4,1,45,4,1,1,12,0,low,0.5,11.0
6576,120657,1,1,4,0,45,3,10,2,12,0,high,1.0,9.0
6577,120658,1,2,4,6,45,1,1,1,12,0,low,0.5,54.0
6578,120659,1,2,4,0,70,2,2,2,12,1,low,0.5,11.0
6579,120660,1,1,4,0,50,2,1,1,12,0,high,1.0,6.0
6580,120661,1,3,4,1,55,1,1,1,12,0,low,0.3333333333333333,2.0
6581,120662,1,1,4,0,55,2,1,1,12,0,high,1.0,14.0
6582,120663,1,3,4,2,60,1,10,1,12,0,low,0.3333333333333333,6.0
6583,120664,1,1,4,0,40,3,10,1,12,1,high,1.0,19.0
6584,120665,1,1,4,0,5,1,10,1,12,0,high,1.0,36.0
6585,120666,2,4,4,6,35,3,1,1,12,0,low,0.5,21.0
6586,120667,1,1,4,0,45,1,10,1,12,0,high,1.0,7.0
6587,120668,1,1,4,0,40,3,1,1,12,0,high,1.0,26.0
6588,120669,1,1,5,0,35,3,1,1,12,1,high,1.0,11.0
6589,120670,2,4,5,6,45,3,1,1,12,0,low,0.5,4.0
6590,120671,2,5,1,6,45,3,10,1,12,0,low,0.4,39.0
6591,120672,1,1,2,0,45,3,1,1,12,0,high,1.0,20.0
6592,120673,2,2,3,0,65,1,10,1,12,0,high,1.0,51.0
6593,120674,1,1,3,0,30,1,10,1,12,0,high,1.0,9.0
6594,120675,1,3,4,0,25,3,1,1,12,0,low,0.3333333333333333,7.0
6595,120676,1,3,4,1,55,2,10,1,12,1,low,0.3333333333333333,20.0
6596,120677,1,1,4,0,45,3,10,2,12,1,high,1.0,8.0
6597,120679,1,3,4,1,45,1,1,1,12,0,low,0.3333333333333333,8.0
6598,120680,1,1,4,0,55,2,1,1,12,0,high,1.0,13.0
6599,120681,1,3,4,0,55,2,1,1,12,1,low,0.3333333333333333,2.0
6600,120682,1,2,4,2,30,1,1,1,12,0,low,0.5,35.0
6601,120683,1,2,4,0,30,1,1,1,12,0,low,0.5,25.0
6602,120684,1,1,4,0,45,3,1,2,12,1,high,1.0,26.0
6603,120685,1,2,4,0,30,1,10,1,12,0,low,0.5,9.0
6604,120686,1,1,4,0,40,2,1,1,12,0,high,1.0,709.0
6605,120687,1,2,4,2,35,3,10,1,12,0,low,0.5,24.0
6606,120688,1,3,5,1,45,1,1,1,12,0,low,0.3333333333333333,6.0
6607,120689,1,2,5,0,50,5,1,1,12,0,low,0.5,40.0
6608,120690,1,4,4,6,40,3,1,1,12,0,low,0.25,14.0
6609,120691,1,2,5,0,55,2,1,1,12,1,low,0.5,14.0
6610,120692,1,2,4,0,70,1,1,1,12,0,low,0.5,33.0
6611,120693,1,4,4,6,30,2,1,1,12,0,low,0.25,4.0
6612,120695,2,2,2,0,40,3,1,1,12,0,high,1.0,13.0
6613,120696,1,1,4,0,45,3,1,1,12,0,high,1.0,10.0
6614,120697,1,1,4,0,55,2,1,1,12,0,high,1.0,11.0
6615,120698,1,3,4,6,45,2,1,1,12,0,low,0.3333333333333333,16.0
6616,120699,1,3,4,1,40,1,1,1,12,0,low,0.3333333333333333,36.0
6617,120700,1,2,4,0,45,3,1,1,12,0,low,0.5,16.0
6618,120701,1,3,4,6,40,1,10,1,12,1,low,0.3333333333333333,16.0
6619,120702,1,2,4,1,50,1,1,1,12,1,low,0.5,16.0
6620,120703,1,1,5,0,55,1,1,1,12,0,high,1.0,7.0
6621,120704,1,3,5,0,55,2,1,1,12,1,low,0.3333333333333333,17.0
6622,120705,1,1,5,0,45,1,1,1,12,0,high,1.0,5.0
6623,120706,1,2,5,6,40,1,1,1,12,0,low,0.5,29.0
6624,120707,1,1,5,0,35,2,1,1,12,1,high,1.0,10.0
6625,120708,3,3,5,6,50,1,1,1,12,0,high,1.0,4.0
6626,120709,1,1,5,0,70,2,2,2,12,0,high,1.0,10.0
6627,120710,1,1,5,0,70,1,10,1,12,0,high,1.0,40.0
6628,120711,1,1,5,0,45,3,10,1,12,0,high,1.0,62.0
6629,120712,1,2,4,0,30,1,1,1,12,0,low,0.5,32.0
6630,120713,1,2,1,2,45,1,1,1,12,0,low,0.5,6.0
6631,120714,1,1,3,0,45,3,1,1,12,0,high,1.0,20.0
6632,120715,1,3,4,6,40,1,1,1,12,0,low,0.3333333333333333,24.0
6633,120716,1,2,4,2,45,1,1,1,12,0,low,0.5,11.0
6634,120717,1,2,4,6,45,1,1,1,12,0,low,0.5,21.0
6635,120718,1,2,4,1,65,3,10,1,12,0,low,0.5,15.0
6636,120719,1,1,2,0,99,3,1,2,12,0,high,1.0,20.0
6637,120720,1,3,4,1,60,2,1,1,12,0,low,0.3333333333333333,63.0
6638,120721,1,2,4,6,30,1,10,1,12,0,low,0.5,9.0
6639,120722,1,4,4,2,65,2,1,1,12,1,low,0.25,12.0
6640,120723,1,1,4,0,65,3,10,1,12,0,high,1.0,9.0
6641,120724,1,1,5,0,55,1,1,1,12,1,high,1.0,11.0
6642,120725,1,2,5,0,60,1,1,1,12,0,low,0.5,14.0
6643,120726,1,2,5,6,35,1,1,1,12,0,low,0.5,1.0
6644,120727,1,2,5,6,30,1,1,1,12,0,low,0.5,4.0
6645,120728,2,5,5,6,60,2,1,1,12,1,low,0.4,74.0
6646,120729,1,1,5,0,55,6,1,1,12,0,high,1.0,9.0
6647,120730,1,1,5,0,30,6,1,1,12,0,high,1.0,17.0
6648,120731,1,1,3,0,40,3,1,1,12,0,high,1.0,38.0
6649,120732,1,2,5,0,35,3,1,1,12,1,low,0.5,11.0
6650,120733,1,1,1,0,25,2,1,1,12,0,high,1.0,34.0
6651,120734,1,1,5,0,30,1,1,1,12,0,high,1.0,16.0
6652,120735,1,1,5,0,55,3,1,1,12,0,high,1.0,10.0
6653,120736,1,2,5,0,35,3,1,1,12,0,low,0.5,48.0
6654,120737,1,1,5,0,35,3,1,1,12,0,high,1.0,8.0
6655,120739,1,1,1,0,40,1,10,1,12,0,high,1.0,6.0
6656,120740,1,4,1,6,70,2,1,1,12,0,low,0.25,19.0
6657,120741,1,1,1,0,40,1,1,1,12,0,high,1.0,10.0
6658,120742,1,4,1,6,45,1,1,1,12,0,low,0.25,8.0
6659,120743,1,1,1,0,45,6,1,1,12,0,high,1.0,7.0
6660,120744,1,1,1,0,35,3,10,1,12,0,high,1.0,10.0
6661,120745,1,1,1,0,45,3,1,1,12,0,high,1.0,4.0
6662,120746,1,1,1,0,45,3,1,1,12,0,high,1.0,23.0
6663,120747,1,1,1,0,40,3,1,1,12,0,high,1.0,19.0
6664,120748,1,2,1,0,45,3,1,1,12,1,low,0.5,10.0
6665,120749,1,1,4,0,40,2,10,1,12,1,high,1.0,26.0
6666,120750,1,1,1,0,55,2,5,1,12,0,high,1.0,170.0
6667,120751,1,3,1,0,40,3,1,2,12,0,low,0.3333333333333333,29.0
6668,120752,1,1,1,0,35,3,1,1,12,0,high,1.0,14.0
6669,120753,1,1,1,0,30,3,1,1,12,0,high,1.0,31.0
6670,120754,1,1,1,0,98,1,10,1,12,0,high,1.0,7.0
6671,120755,1,2,1,2,45,1,10,1,12,0,low,0.5,39.0
6672,120756,1,1,1,0,35,3,1,1,12,0,high,1.0,7.0
6673,120757,1,2,1,1,35,3,2,2,12,1,low,0.5,2.0
6674,120758,2,3,1,0,45,1,1,1,12,1,high,0.6666666666666666,0.0
6675,120759,1,1,1,0,25,2,1,1,12,0,high,1.0,40.0
6676,120760,1,1,1,0,40,3,1,1,12,1,high,1.0,41.0
6677,120761,1,1,1,0,40,2,10,1,12,0,high,1.0,39.0
6678,120762,1,4,1,0,25,2,2,2,12,0,low,0.25,8.0
6679,120763,1,1,2,0,45,1,10,1,12,0,high,1.0,26.0
6680,120764,1,1,2,0,45,2,1,1,12,0,high,1.0,9.0
6681,120765,1,5,2,1,35,1,1,1,12,0,low,0.2,6.0
6682,120766,1,3,2,6,70,1,1,1,12,0,low,0.3333333333333333,16.0
6683,120767,1,1,2,0,35,1,1,1,12,0,high,1.0,10.0
6684,120768,1,2,2,1,45,1,1,1,12,0,low,0.5,17.0
6685,120769,1,1,2,0,40,1,1,1,12,0,high,1.0,13.0
6686,120771,1,2,2,6,40,3,1,1,12,0,low,0.5,18.0
6687,120772,1,2,2,6,20,1,10,1,12,0,low,0.5,18.0
6688,120773,1,1,2,0,70,2,10,2,12,0,high,1.0,15.0
6689,120774,1,2,2,6,45,3,10,2,12,0,low,0.5,25.0
6690,120775,1,2,3,0,5,5,1,1,12,0,low,0.5,16.0
6691,120776,1,2,3,6,35,1,1,1,12,0,low,0.5,53.0
6692,120777,1,1,3,0,55,1,1,1,12,0,high,1.0,24.0
6693,120778,1,1,3,0,30,1,1,1,12,0,high,1.0,3.0
6694,120779,1,2,3,1,30,1,1,1,12,0,low,0.5,6.0
6695,120781,1,2,3,0,45,3,1,1,12,0,low,0.5,19.0
6696,120782,1,1,3,0,30,1,1,1,12,0,high,1.0,7.0
6697,120783,1,1,3,0,60,2,1,1,12,0,high,1.0,28.0
6698,120784,1,4,3,6,35,1,1,1,12,0,low,0.25,21.0
6699,120785,1,2,4,0,70,2,1,1,12,0,low,0.5,11.0
6700,120786,1,3,4,1,45,3,10,1,12,0,low,0.3333333333333333,44.0
6701,120787,1,3,4,6,45,3,1,1,12,1,low,0.3333333333333333,15.0
6702,120788,1,2,4,0,45,1,1,1,12,0,low,0.5,2.0
6703,120789,1,2,4,1,50,3,1,1,12,0,low,0.5,5.0
6704,120790,1,2,4,0,30,2,1,1,12,1,low,0.5,3.0
6705,120791,1,1,4,0,40,3,10,1,12,1,high,1.0,31.0
6706,120792,1,1,4,0,30,1,10,1,12,0,high,1.0,20.0
6707,120793,1,5,4,6,45,1,1,1,12,0,low,0.2,7.0
6708,120794,1,7,4,6,30,1,1,1,12,1,low,0.14285714285714285,32.0
6709,120795,1,1,4,0,35,3,1,1,12,1,high,1.0,4.0
6710,120796,1,2,4,6,45,1,1,1,12,0,low,0.5,9.0
6711,120797,1,2,4,6,45,5,1,1,12,0,low,0.5,4.0
6712,120798,1,2,4,6,45,1,1,1,12,0,low,0.5,29.0
6713,120799,1,1,4,0,35,1,1,1,12,0,high,1.0,9.0
6714,120800,1,8,4,6,35,1,1,1,12,1,low,0.125,7.0
6715,120801,1,2,4,0,35,2,1,1,12,0,low,0.5,28.0
6716,120802,1,2,4,0,35,3,1,1,12,1,low,0.5,10.0
6717,120803,1,2,5,6,45,3,1,1,12,0,low,0.5,6.0
6718,120804,1,3,5,6,35,1,1,1,12,0,low,0.3333333333333333,5.0
6719,120805,1,3,5,1,55,2,1,1,12,1,low,0.3333333333333333,6.0
6720,120806,1,2,5,0,50,1,1,1,12,0,low,0.5,27.0
6721,120807,1,1,5,0,45,1,1,1,12,0,high,1.0,2.0
6722,120808,1,1,5,0,35,2,1,1,12,0,high,1.0,9.0
6723,120809,1,2,5,1,70,2,2,2,12,1,low,0.5,4.0
6724,120810,1,2,5,6,45,1,1,1,12,0,low,0.5,24.0
6725,120811,1,3,5,6,60,1,1,1,12,0,low,0.3333333333333333,30.0
6726,120812,1,2,5,0,70,2,1,1,12,0,low,0.5,10.0
6727,120813,1,1,5,0,50,3,1,1,12,1,high,1.0,7.0
6728,120814,2,2,5,0,45,1,10,1,12,0,high,1.0,47.0
6729,120815,1,2,5,0,40,1,1,1,12,0,low,0.5,11.0
6730,120816,1,2,5,6,45,5,1,1,12,1,low,0.5,12.0
6731,120817,1,1,5,0,35,1,1,1,12,0,high,1.0,7.0
6732,120818,1,2,5,0,70,1,10,1,12,0,low,0.5,2.0
6733,120819,1,1,5,0,55,1,1,1,12,0,high,1.0,11.0
6734,120820,1,1,5,0,70,2,10,2,12,1,high,1.0,6.0
6735,120821,1,10,5,0,65,1,1,1,12,0,low,0.1,28.0
6736,120822,1,1,4,0,45,3,10,1,12,0,high,1.0,8.0
6737,120823,1,4,1,6,45,1,1,1,12,0,low,0.25,18.0
6738,120824,1,1,3,0,30,1,1,1,12,0,high,1.0,10.0
6739,120825,1,1,3,0,60,1,10,2,12,0,high,1.0,13.0
6740,120826,1,2,3,0,45,3,1,1,12,0,low,0.5,10.0
6741,120827,1,1,3,0,40,3,1,1,12,1,high,1.0,9.0
6742,120828,1,1,3,0,35,3,1,1,12,0,high,1.0,9.0
6743,120829,1,1,4,0,45,1,1,1,12,0,high,1.0,5.0
6744,120830,1,2,4,1,35,3,1,1,12,1,low,0.5,57.0
6745,120831,1,1,4,0,35,1,1,1,12,0,high,1.0,6.0
6746,120832,1,1,4,0,35,2,1,1,12,0,high,1.0,13.0
6747,120833,1,1,4,0,40,4,1,1,12,0,high,1.0,55.0
6748,120834,1,1,4,0,35,1,1,1,12,0,high,1.0,9.0
6749,120835,1,2,4,6,65,2,1,1,12,0,low,0.5,20.0
6750,120836,1,1,4,0,98,2,1,1,12,0,high,1.0,28.0
6751,120837,1,3,4,0,55,2,1,1,12,0,low,0.3333333333333333,43.0
6752,120838,1,5,5,6,55,1,1,1,12,0,low,0.2,26.0
6753,120839,1,1,5,0,35,2,1,1,12,0,high,1.0,52.0
6754,120840,1,1,5,0,55,5,10,1,12,0,high,1.0,39.0
6755,120841,1,2,5,0,55,3,10,1,12,0,low,0.5,1238.0
6756,120842,1,1,5,0,45,1,1,1,12,1,high,1.0,35.0
6757,120843,1,3,5,6,45,3,1,1,12,1,low,0.3333333333333333,14.0
6758,120844,2,7,5,2,30,3,1,1,12,0,low,0.2857142857142857,23.0
6759,120845,1,4,5,1,60,1,1,1,12,0,low,0.25,9.0
6760,120846,1,2,5,1,55,2,1,1,12,1,low,0.5,51.0
6761,120847,1,2,5,0,65,2,10,1,12,0,low,0.5,12.0
6762,120848,1,1,5,0,30,1,1,1,12,0,high,1.0,24.0
6763,120849,1,2,5,0,45,5,1,1,12,0,low,0.5,14.0
6764,120850,1,8,5,0,60,3,1,1,12,0,low,0.125,7.0
6765,120851,1,1,5,0,0,3,1,0,12,0,high,1.0,9.0
6766,120853,1,2,5,2,45,3,1,1,12,1,low,0.5,3.0
6767,120854,1,1,2,0,10,3,1,1,12,0,high,1.0,5.0
6768,120855,1,3,5,6,45,1,1,1,12,0,low,0.3333333333333333,13.0
6769,120856,1,1,5,0,40,1,1,1,12,0,high,1.0,480.0
6770,120857,1,2,5,0,40,1,10,1,12,1,low,0.5,7.0
6771,120858,1,1,5,0,65,5,1,1,12,0,high,1.0,26.0
6772,120859,1,1,5,0,35,2,1,1,12,0,high,1.0,6.0
6773,120860,1,1,5,0,35,1,1,1,12,0,high,1.0,14.0
6774,120861,1,1,5,0,45,1,1,1,12,0,high,1.0,47.0
6775,120862,1,1,5,0,35,4,1,1,12,0,high,1.0,1062.0
6776,120863,1,2,5,0,55,3,1,1,12,1,low,0.5,14.0
6777,120864,1,4,5,6,45,1,1,1,12,0,low,0.25,19.0
6778,120865,1,1,5,0,55,2,1,1,12,0,high,1.0,10.0
6779,120866,1,4,5,6,45,1,1,1,12,0,low,0.25,3.0
6780,120867,2,4,5,1,55,1,1,1,12,0,low,0.5,10.0
6781,120868,1,2,5,6,55,2,1,1,12,0,low,0.5,19.0
6782,120869,1,3,5,6,30,1,1,1,12,0,low,0.3333333333333333,21.0
6783,120870,2,6,5,6,45,1,10,1,12,0,low,0.3333333333333333,15.0
6784,120871,1,1,5,0,30,2,1,1,12,1,high,1.0,13.0
6785,120872,2,5,5,2,55,1,10,1,12,1,low,0.4,12.0
6786,120873,1,2,5,6,40,1,1,1,12,0,low,0.5,16.0
6787,120874,1,3,5,6,55,5,10,1,12,0,low,0.3333333333333333,29.0
6788,120875,1,3,5,1,55,1,1,1,12,0,low,0.3333333333333333,8.0
6789,120876,1,2,5,6,45,1,1,1,12,0,low,0.5,43.0
6790,120877,1,1,5,0,35,3,1,1,12,0,high,1.0,5.0
6791,120878,1,1,5,0,30,2,1,1,12,0,high,1.0,15.0
6792,120879,1,3,5,0,35,1,1,1,12,1,low,0.3333333333333333,10.0
6793,120881,3,5,5,0,55,2,10,1,12,0,high,0.6,9.0
6794,120882,1,1,5,0,40,3,1,1,12,0,high,1.0,8.0
6795,120883,1,1,5,0,70,1,1,1,12,0,high,1.0,45.0
6796,120884,1,2,5,0,55,1,1,1,12,0,low,0.5,21.0
6797,120885,1,1,5,0,50,2,1,1,12,0,high,1.0,41.0
6798,120886,1,1,5,0,70,1,10,1,12,0,high,1.0,8.0
6799,120887,1,3,5,0,98,2,1,1,12,1,low,0.3333333333333333,16.0
6800,120888,1,1,5,0,55,1,1,1,12,0,high,1.0,21.0
6801,120889,1,1,5,0,98,1,1,1,12,0,high,1.0,22.0
6802,120890,1,6,1,6,25,3,10,1,12,1,low,0.16666666666666666,17.0
6803,120891,1,2,2,2,45,1,1,1,12,0,low,0.5,34.0
6804,120892,1,1,5,0,40,1,1,1,12,0,high,1.0,18.0
6805,120893,1,3,4,6,45,1,1,1,12,0,low,0.3333333333333333,6.0
6806,120894,1,1,2,0,45,1,1,1,12,0,high,1.0,9.0
6807,120895,1,2,4,98,40,3,1,1,12,0,low,0.5,13.0
6808,120896,1,1,4,0,25,3,10,1,12,1,high,1.0,5.0
6809,120897,1,2,5,0,70,1,1,1,12,0,low,0.5,9.0
6810,120898,1,4,5,6,40,2,1,1,12,1,low,0.25,4.0
6811,120899,1,2,5,2,35,3,1,1,12,0,low,0.5,9.0
6812,120900,1,1,5,0,30,1,1,1,12,0,high,1.0,16.0
6813,120901,1,5,5,6,35,3,1,1,12,0,low,0.2,5.0
6814,120902,1,1,5,0,30,2,1,1,12,0,high,1.0,8.0
6815,120903,1,2,5,0,45,2,1,1,12,0,low,0.5,9.0
6816,120904,1,1,5,0,45,2,1,1,12,1,high,1.0,7.0
6817,120905,2,4,5,0,60,1,10,1,12,0,low,0.5,10.0
6818,120906,1,2,5,6,45,1,1,1,12,0,low,0.5,7.0
6819,120907,1,2,5,0,40,1,1,1,12,0,low,0.5,30.0
6820,120908,1,3,5,6,55,1,1,1,12,0,low,0.3333333333333333,19.0
6821,120909,1,10,5,0,60,1,1,1,12,0,low,0.1,14.0
6822,120910,1,3,5,6,55,1,1,1,12,0,low,0.3333333333333333,13.0
6823,120911,1,3,5,6,40,1,1,1,12,0,low,0.3333333333333333,9.0
6824,120912,1,2,5,2,35,1,10,1,12,1,low,0.5,25.0
6825,120913,1,1,5,0,35,2,10,1,12,1,high,1.0,5.0
6826,120914,1,2,5,0,25,1,1,1,12,0,low,0.5,31.0
6827,120915,1,2,5,0,30,3,1,1,12,0,low,0.5,52.0
6828,120916,1,1,5,0,35,3,1,1,12,0,high,1.0,13.0
6829,120917,1,2,5,98,45,3,1,1,12,0,low,0.5,8.0
6830,120918,1,1,1,0,35,3,1,1,12,1,high,1.0,37.0
6831,120919,1,1,2,0,40,3,1,1,12,1,high,1.0,6.0
6832,120920,1,1,2,0,30,1,1,1,12,0,high,1.0,9.0
6833,120921,1,1,3,0,35,3,1,1,12,0,high,1.0,40.0
6834,120922,1,2,4,0,30,1,1,1,12,1,low,0.5,15.0
6835,120923,2,2,4,0,45,1,1,1,12,0,high,1.0,20.0
6836,120924,1,2,4,6,40,3,1,1,12,1,low,0.5,15.0