,ST_CASE,FATALS,PERSONS,MONTH,MAN_COLL,VSPD_LIM,LGT_COND,WEATHER,VSURCOND,STATE,DRUNK_DR,rate,rate_numerical,arrival_time
6837,120925,1,1,5,0,40,3,1,1,12,0,high,1.0,19.0
6838,120926,1,1,5,0,45,1,1,1,12,0,high,1.0,20.0
6839,120929,1,1,5,0,55,2,1,1,12,1,high,1.0,13.0
6840,120930,1,3,5,6,25,3,1,1,12,0,low,0.3333333333333333,10.0
6841,120931,1,1,5,0,35,3,1,1,12,0,high,1.0,53.0
6842,120932,1,1,5,0,45,2,1,1,12,0,high,1.0,6.0
6843,120933,1,1,5,0,25,1,1,1,12,0,high,1.0,13.0
6844,120934,1,2,5,1,45,1,1,1,12,0,low,0.5,8.0
6845,120935,1,2,5,0,40,1,1,1,12,2,low,0.5,12.0
6846,120937,1,2,5,1,60,1,1,1,12,1,low,0.5,5.0
6847,120938,1,6,5,1,60,1,10,1,12,0,low,0.16666666666666666,11.0
6848,120939,2,3,5,6,55,1,10,1,12,0,high,0.6666666666666666,13.0
6849,120940,1,1,5,0,35,1,1,1,12,0,high,1.0,6.0
6850,120941,1,1,5,0,55,3,10,1,12,0,high,1.0,16.0
6851,120942,1,2,5,0,55,5,1,1,12,0,low,0.5,12.0
6852,120943,1,2,5,6,45,1,1,1,12,0,low,0.5,18.0
6853,120944,1,2,5,1,45,2,1,1,12,1,low,0.5,11.0
6854,120945,2,7,5,6,70,1,10,1,12,0,low,0.2857142857142857,10.0
6855,120946,1,4,5,0,35,2,1,1,12,0,low,0.25,36.0
6856,120947,1,1,5,0,35,1,1,1,12,0,high,1.0,36.0
6857,120948,1,2,5,0,70,2,1,1,12,0,low,0.5,7.0
6858,120949,1,6,5,1,70,1,10,1,12,0,low,0.16666666666666666,10.0
6859,120950,1,1,5,0,55,1,1,1,12,0,high,1.0,21.0
6860,120951,1,1,5,0,65,1,1,1,12,0,high,1.0,6.0
6861,120952,1,5,5,0,70,1,1,1,12,0,low,0.2,44.0
6862,120953,1,3,5,6,40,1,1,1,12,0,low,0.3333333333333333,9.0
6863,120954,1,3,6,0,45,3,1,2,12,1,low,0.3333333333333333,20.0
6864,120955,1,7,5,6,40,1,10,1,12,0,low,0.14285714285714285,50.0
6865,120956,1,4,2,0,45,2,1,1,12,0,low,0.25,13.0
6866,120957,1,1,3,0,45,3,1,1,12,0,high,1.0,18.0
6867,120958,1,6,3,1,45,1,1,1,12,0,low,0.16666666666666666,5.0
6868,120959,1,2,5,0,45,2,1,1,12,0,low,0.5,3.0
6869,120960,1,1,5,0,45,5,1,1,12,1,high,1.0,4.0
6870,120961,1,1,5,0,55,1,1,1,12,0,high,1.0,3.0
6871,120962,1,2,5,2,60,3,10,1,12,2,low,0.5,13.0
6872,120963,1,3,5,6,55,1,1,1,12,0,low,0.3333333333333333,7.0
6873,120964,1,2,5,2,45,2,1,1,12,1,low,0.5,4.0
6874,120965,1,6,5,2,60,2,1,1,12,0,low,0.16666666666666666,4.0
6875,120966,1,1,5,0,35,3,1,1,12,1,high,1.0,9.0
6876,120967,1,3,5,6,35,3,1,1,12,1,low,0.3333333333333333,1.0
6877,120968,1,2,5,0,70,1,1,1,12,1,low,0.5,100.0
6878,120970,1,2,5,0,55,1,1,1,12,1,low,0.5,17.0
6879,120971,1,2,5,1,70,2,1,1,12,1,low,0.5,12.0
6880,120972,2,5,5,11,70,2,1,1,12,0,low,0.4,48.0
6881,120973,1,2,5,1,35,1,1,1,12,0,low,0.5,9.0
6882,120976,1,2,6,1,65,1,1,1,12,0,low,0.5,9.0
6883,120977,1,2,5,2,45,3,1,1,12,0,low,0.5,3.0
6884,120978,1,1,5,0,45,2,1,1,12,0,high,1.0,12.0
6885,120979,1,4,1,1,45,3,1,1,12,0,low,0.25,23.0
6886,120980,1,2,2,6,35,3,1,1,12,0,low,0.5,11.0
6887,120981,1,1,1,0,35,3,1,1,12,1,high,1.0,17.0
6888,120983,1,1,4,0,45,2,1,1,12,0,high,1.0,8.0
6889,120984,1,1,5,0,55,1,1,1,12,1,high,1.0,37.0
6890,120985,1,2,5,2,35,3,1,1,12,0,low,0.5,11.0
6891,120986,1,1,6,0,45,1,1,1,12,0,high,1.0,47.0
6892,120987,1,6,5,6,45,3,1,1,12,1,low,0.16666666666666666,17.0
6893,120988,1,2,5,2,30,1,1,1,12,1,low,0.5,78.0
6894,120989,1,2,5,0,70,1,10,1,12,1,low,0.5,7.0
6895,120990,1,1,5,0,35,1,1,1,12,1,high,1.0,11.0
6896,120991,1,2,5,0,60,1,1,1,12,0,low,0.5,13.0
6897,120992,1,2,5,0,35,1,10,1,12,0,low,0.5,6.0
6898,120993,1,2,5,0,35,2,1,1,12,1,low,0.5,6.0
6899,120994,1,1,5,0,45,4,10,1,12,1,high,1.0,11.0
6900,120995,1,2,5,2,30,1,1,1,12,0,low,0.5,6.0
6901,120996,1,1,5,0,55,1,2,2,12,1,high,1.0,25.0
6902,120997,1,1,6,0,60,2,2,2,12,1,high,1.0,33.0
6903,120998,1,4,6,6,45,1,1,1,12,0,low,0.25,1269.0
6904,120999,2,2,6,0,70,3,1,1,12,1,high,1.0,36.0
6905,121000,2,3,6,6,45,1,1,1,12,0,high,0.6666666666666666,9.0
6906,121001,1,1,6,0,35,1,1,1,12,0,high,1.0,17.0
6907,121002,1,2,6,0,30,3,1,1,12,1,low,0.5,11.0
6908,121004,1,1,6,0,40,1,1,1,12,0,high,1.0,29.0
6909,121005,1,2,6,0,40,1,1,1,12,1,low,0.5,10.0
6910,121006,1,1,5,0,45,3,1,1,12,0,high,1.0,12.0
6911,121007,1,2,2,0,30,1,1,1,12,0,low,0.5,7.0
6912,121008,1,2,5,6,40,1,1,1,12,0,low,0.5,5.0
6913,121009,1,3,5,7,45,1,1,1,12,0,low,0.3333333333333333,11.0
6914,121010,1,1,5,0,50,3,1,1,12,1,high,1.0,9.0
6915,121011,1,5,5,0,45,4,1,1,12,1,low,0.2,338.0
6916,121012,1,1,6,0,45,2,10,1,12,1,high,1.0,45.0
6917,121013,1,2,6,0,35,2,1,1,12,0,low,0.5,14.0
6918,121014,2,2,6,0,45,2,10,1,12,1,high,1.0,71.0
6919,121015,1,1,6,0,45,3,1,1,12,1,high,1.0,4.0
6920,121016,1,1,6,0,60,5,2,2,12,0,high,1.0,15.0
6921,121017,1,2,6,6,40,1,10,1,12,0,low,0.5,9.0
6922,121018,1,1,5,0,40,1,1,1,12,0,high,1.0,6.0
6923,121019,1,3,6,6,45,1,1,1,12,0,low,0.3333333333333333,9.0
6924,121020,3,3,6,0,55,2,10,2,12,0,high,1.0,6.0
6925,121021,1,2,6,0,55,5,1,1,12,1,low,0.5,15.0
6926,121022,1,1,6,0,30,2,2,2,12,0,high,1.0,20.0
6927,121024,1,1,6,0,35,1,1,1,12,0,high,1.0,389.0
6928,121025,1,2,2,0,35,3,1,1,12,0,low,0.5,21.0
6929,121027,1,3,4,6,60,1,2,2,12,0,low,0.3333333333333333,3.0
6930,121028,1,4,4,0,45,2,1,1,12,1,low,0.25,25.0
6931,121029,1,1,4,0,35,1,10,1,12,0,high,1.0,8.0
6932,121030,1,3,4,6,35,1,2,2,12,0,low,0.3333333333333333,17.0
6933,121031,1,1,5,0,35,1,10,1,12,0,high,1.0,23.0
6934,121032,1,4,5,6,30,1,1,1,12,0,low,0.25,5.0
6935,121033,1,1,5,0,45,1,1,1,12,0,high,1.0,29.0
6936,121034,1,1,5,0,45,3,1,1,12,0,high,1.0,12.0
6937,121035,1,2,5,6,45,3,1,1,12,0,low,0.5,36.0
6938,121036,1,2,5,6,30,1,1,1,12,0,low,0.5,22.0
6939,121037,1,1,5,0,35,3,1,1,12,0,high,1.0,23.0
6940,121038,1,3,5,6,55,1,1,1,12,0,low,0.3333333333333333,15.0
6941,121039,1,3,5,0,70,1,1,1,12,0,low,0.3333333333333333,12.0
6942,121040,1,1,5,0,25,2,1,1,12,0,high,1.0,14.0
6943,121041,1,3,5,0,45,3,1,1,12,1,low,0.3333333333333333,12.0
6944,121042,2,2,6,0,35,3,1,1,12,0,high,1.0,15.0
6945,121043,1,1,6,0,50,1,2,2,12,0,high,1.0,6.0
6946,121044,1,5,6,0,65,2,1,1,12,1,low,0.2,8.0
6947,121045,1,1,6,0,50,2,1,1,12,0,high,1.0,5.0
6948,121046,1,2,6,0,65,1,1,1,12,1,low,0.5,21.0
6949,121047,1,3,6,0,70,1,1,1,12,0,low,0.3333333333333333,2.0
6950,121048,1,1,6,0,40,1,10,2,12,0,high,1.0,12.0
6951,121049,1,12,6,2,40,1,1,1,12,0,low,0.08333333333333333,19.0
6952,121050,1,1,6,0,35,2,1,1,12,0,high,1.0,8.0
6953,121051,1,1,6,0,70,2,1,1,12,0,high,1.0,13.0
6954,121052,1,3,6,0,60,2,10,1,12,0,low,0.3333333333333333,687.0
6955,121053,1,3,6,6,40,1,10,1,12,1,low,0.3333333333333333,702.0
6956,121054,1,2,6,1,70,3,1,1,12,0,low,0.5,4.0
6957,121055,2,5,6,6,45,1,2,2,12,0,low,0.4,9.0
6958,121056,1,6,6,1,30,1,2,2,12,1,low,0.16666666666666666,13.0
6959,121057,1,1,6,0,70,2,10,2,12,0,high,1.0,0.0
6960,121058,1,1,6,0,30,3,1,1,12,0,high,1.0,15.0
6961,121060,1,1,6,0,45,3,1,1,12,0,high,1.0,74.0
6962,121061,1,2,6,2,35,1,1,1,12,0,low,0.5,15.0
6963,121062,1,3,6,0,40,1,10,1,12,0,low,0.3333333333333333,69.0
6964,121063,1,2,6,6,35,1,1,1,12,0,low,0.5,32.0
6965,121064,1,1,6,0,98,1,1,1,12,0,high,1.0,34.0
6966,121065,1,2,6,6,15,1,1,1,12,0,low,0.5,128.0
6967,121066,1,1,2,0,45,2,1,1,12,0,high,1.0,23.0
6968,121067,1,6,3,6,45,1,1,1,12,1,low,0.16666666666666666,11.0
6969,121068,1,2,5,1,40,1,1,1,12,0,low,0.5,13.0
6970,121069,1,2,5,0,40,3,1,1,12,1,low,0.5,338.0
6971,121070,2,3,5,1,45,3,1,1,12,1,high,0.6666666666666666,11.0
6972,121071,2,3,5,6,55,2,1,1,12,2,high,0.6666666666666666,33.0
6973,121072,1,3,6,1,65,2,1,1,12,0,low,0.3333333333333333,14.0
6974,121073,1,1,6,0,55,1,10,1,12,0,high,1.0,1.0
6975,121074,1,2,6,0,55,2,1,2,12,1,low,0.5,14.0
6976,121075,1,5,6,6,45,3,1,1,12,0,low,0.2,44.0
6977,121076,1,1,6,0,40,1,1,1,12,0,high,1.0,11.0
6978,121077,1,6,6,1,55,1,1,1,12,0,low,0.16666666666666666,14.0
6979,121078,1,1,6,0,25,1,1,1,12,0,high,1.0,46.0
6980,121079,2,3,6,2,45,1,10,1,12,0,high,0.6666666666666666,23.0
6981,121080,1,4,6,2,55,1,1,1,12,0,low,0.25,108.0
6982,121081,1,2,6,7,55,1,1,1,12,0,low,0.5,19.0
6983,121082,1,1,6,0,45,3,2,2,12,0,high,1.0,4.0
6984,121083,1,1,6,0,45,1,10,1,12,0,high,1.0,19.0
6985,121084,1,1,6,0,55,1,1,1,12,0,high,1.0,100.0
6986,121085,1,1,6,0,65,1,1,1,12,1,high,1.0,7.0
6987,121086,3,12,6,6,70,1,10,2,12,0,low,0.25,13.0
6988,121087,1,1,6,0,40,3,2,2,12,0,high,1.0,6.0
6989,121088,1,2,6,0,65,2,2,2,12,2,low,0.5,14.0
6990,121089,1,3,6,6,45,1,10,1,12,0,low,0.3333333333333333,5.0
6991,121090,1,4,6,2,45,3,1,1,12,0,low,0.25,38.0
6992,121091,1,3,6,1,55,1,1,1,12,0,low,0.3333333333333333,5.0
6993,121092,1,1,6,0,55,6,1,1,12,0,high,1.0,14.0
6994,121093,1,1,6,0,55,3,10,1,12,0,high,1.0,9.0
6995,121094,2,3,6,0,55,2,1,1,12,0,high,0.6666666666666666,46.0
6996,121095,1,3,6,1,55,1,1,1,12,0,low,0.3333333333333333,10.0
6997,121096,1,3,6,7,60,3,1,1,12,0,low,0.3333333333333333,15.0
6998,121098,1,3,6,2,60,2,1,1,12,0,low,0.3333333333333333,1.0
6999,121099,1,3,6,9,40,1,1,1,12,0,low,0.3333333333333333,28.0
7000,121100,1,2,4,0,55,3,1,1,12,0,low,0.5,12.0
7001,121101,1,15,6,1,40,1,1,1,12,0,low,0.06666666666666667,5.0
7002,121102,2,3,6,2,55,1,1,1,12,0,high,0.6666666666666666,15.0
7003,121103,1,4,6,6,55,1,1,1,12,0,low,0.25,18.0
7004,121104,1,2,6,6,30,3,1,1,12,0,low,0.5,57.0
7005,121105,1,1,6,0,45,2,1,1,12,1,high,1.0,10.0
7006,121106,1,1,6,0,45,1,10,1,12,0,high,1.0,21.0
7007,121107,1,2,6,0,55,2,1,2,12,1,low,0.5,17.0
7008,121108,1,2,6,1,55,1,1,1,12,0,low,0.5,14.0
7009,121109,1,1,6,0,25,2,1,1,12,0,high,1.0,8.0
7010,121110,1,2,6,0,25,3,1,1,12,0,low,0.5,19.0
7011,121111,1,1,6,0,45,1,1,1,12,1,high,1.0,21.0
7012,121112,1,3,1,0,45,5,1,1,12,0,low,0.3333333333333333,20.0
7013,121113,2,3,6,1,35,3,1,1,12,1,high,0.6666666666666666,15.0
7014,121114,1,3,6,6,30,1,1,1,12,0,low,0.3333333333333333,49.0
7015,121115,1,2,6,6,45,1,1,1,12,0,low,0.5,19.0
7016,121116,1,1,4,0,98,1,10,1,12,1,high,1.0,27.0
7017,121117,1,2,5,0,45,2,1,1,12,1,low,0.5,4.0
7018,121118,1,3,6,0,45,3,2,2,12,0,low,0.3333333333333333,10.0
7019,121119,1,2,6,6,40,1,1,1,12,0,low,0.5,24.0
7020,121120,1,1,6,0,45,1,10,1,12,1,high,1.0,10.0
7021,121121,1,1,6,0,35,3,1,1,12,0,high,1.0,27.0
7022,121122,1,1,6,0,70,3,10,1,12,1,high,1.0,8.0
7023,121123,1,2,6,6,45,1,1,1,12,0,low,0.5,39.0
7024,121124,1,1,6,0,35,1,1,1,12,0,high,1.0,5.0
7025,121125,1,3,4,6,30,1,1,1,12,0,low,0.3333333333333333,10.0
7026,121126,1,2,4,2,45,2,1,1,12,1,low,0.5,4.0
7027,121127,1,2,4,0,40,3,1,1,12,0,low,0.5,11.0
7028,121128,1,2,5,0,45,2,10,1,12,1,low,0.5,9.0
7029,121129,1,6,6,6,70,1,1,1,12,0,low,0.16666666666666666,4.0
7030,121130,2,2,6,0,30,3,1,1,12,0,high,1.0,37.0
7031,121131,1,1,6,1,55,2,1,1,12,0,high,1.0,14.0
7032,121132,1,3,6,6,40,2,10,1,12,0,low,0.3333333333333333,15.0
7033,121133,1,6,6,0,45,5,10,1,12,0,low,0.16666666666666666,7.0
7034,121135,1,4,6,6,35,1,1,1,12,1,low,0.25,13.0
7035,121136,1,2,6,6,45,1,10,2,12,0,low,0.5,3.0
7036,121137,1,2,6,0,55,1,1,1,12,0,low,0.5,25.0
7037,121138,1,1,6,0,45,3,1,1,12,0,high,1.0,10.0
7038,121139,1,2,6,6,60,1,10,1,12,0,low,0.5,3.0
7039,121140,1,1,6,0,5,1,1,1,12,0,high,1.0,17.0
7040,121141,1,2,6,2,35,3,1,1,12,0,low,0.5,10.0
7041,121142,1,1,6,0,55,2,1,1,12,0,high,1.0,14.0
7042,121143,1,2,6,0,55,1,1,1,12,0,low,0.5,16.0
7043,121144,1,1,6,0,45,2,10,1,12,0,high,1.0,8.0
7044,121145,1,2,6,0,45,2,10,1,12,0,low,0.5,12.0
7045,121146,1,1,6,0,45,3,1,1,12,0,high,1.0,19.0
7046,121147,1,3,6,6,45,1,1,1,12,1,low,0.3333333333333333,8.0
7047,121148,1,1,6,0,45,1,1,1,12,0,high,1.0,7.0
7048,121149,1,2,6,0,15,2,10,11,12,0,low,0.5,3.0
7049,121150,1,1,6,0,30,1,1,1,12,0,high,1.0,20.0
7050,121151,1,2,6,6,5,1,1,1,12,0,low,0.5,8.0
7051,121152,1,1,6,0,60,2,1,1,12,0,high,1.0,14.0
7052,121153,1,1,7,0,40,3,1,1,12,0,high,1.0,2.0
7053,121154,1,1,6,0,25,1,1,1,12,0,high,1.0,8.0
7054,121155,1,2,6,7,55,3,1,1,12,0,low,0.5,52.0
7055,121156,1,1,6,0,55,1,1,1,12,0,high,1.0,8.0
7056,121157,1,1,6,0,25,3,10,1,12,1,high,1.0,28.0
7057,121158,1,1,6,0,45,1,1,1,12,0,high,1.0,9.0
7058,121159,1,1,6,0,55,2,1,1,12,1,high,1.0,3.0
7059,121160,1,4,6,6,45,2,1,1,12,0,low,0.25,1358.0
7060,121161,2,4,6,6,45,1,1,1,12,0,low,0.5,13.0
7061,121162,1,2,6,6,5,1,1,1,12,0,low,0.5,10.0
7062,121163,1,13,6,1,70,1,1,1,12,0,low,0.07692307692307693,13.0
7063,121164,1,2,7,0,35,3,1,1,12,1,low,0.5,8.0
7064,121165,1,1,6,1,35,1,1,1,12,0,high,1.0,14.0
7065,121166,1,1,6,0,40,3,1,1,12,0,high,1.0,7.0
7066,121167,1,2,6,0,50,1,10,1,12,0,low,0.5,12.0
7067,121168,1,1,6,0,30,1,1,1,12,0,high,1.0,10.0
7068,121169,1,1,6,0,45,3,1,1,12,1,high,1.0,30.0
7069,121170,1,1,6,0,45,2,1,1,12,0,high,1.0,10.0
7070,121171,1,1,6,0,35,2,10,1,12,0,high,1.0,32.0
7071,121172,1,1,6,0,30,3,1,1,12,0,high,1.0,713.0
7072,121173,1,1,6,0,45,2,1,1,12,1,high,1.0,13.0
7073,121174,1,2,6,0,50,2,1,1,12,0,low,0.5,71.0
7074,121175,1,2,6,0,25,1,1,1,12,0,low,0.5,56.0
7075,121176,1,1,6,0,40,1,1,1,12,0,high,1.0,8.0
7076,121177,2,4,6,6,40,1,1,1,12,0,low,0.5,132.0
7077,121178,1,1,6,0,25,2,10,2,12,1,high,1.0,26.0
7078,121179,1,1,6,0,35,3,1,1,12,0,high,1.0,22.0
7079,121180,1,6,6,6,25,3,1,1,12,0,low,0.16666666666666666,14.0
7080,121181,1,2,6,0,55,2,1,1,12,0,low,0.5,19.0
7081,121182,1,1,6,0,45,3,1,1,12,0,high,1.0,3.0
7082,121183,1,6,5,7,35,1,1,1,12,0,low,0.16666666666666666,8.0
7083,121184,1,3,5,0,45,3,1,1,12,0,low,0.3333333333333333,5.0
7084,121185,1,2,5,6,55,1,1,1,12,0,low,0.5,5.0
7085,121186,1,1,7,0,45,3,1,1,12,0,high,1.0,52.0
7086,121187,1,2,7,0,60,4,10,1,12,0,low,0.5,30.0
7087,121188,1,2,7,6,25,1,1,1,12,0,low,0.5,24.0
7088,121189,1,2,7,0,45,3,10,1,12,0,low,0.5,4.0
7089,121190,1,3,6,1,65,1,1,1,12,0,low,0.3333333333333333,21.0
7090,121191,1,3,6,6,40,1,10,1,12,0,low,0.3333333333333333,8.0
7091,121192,1,2,6,2,40,1,1,1,12,1,low,0.5,21.0
7092,121193,1,6,6,6,45,1,10,1,12,0,low,0.16666666666666666,14.0
7093,121194,1,1,6,0,55,3,1,1,12,0,high,1.0,11.0
7094,121195,1,3,6,6,35,1,1,1,12,0,low,0.3333333333333333,10.0
7095,121196,1,1,6,0,30,1,1,1,12,0,high,1.0,9.0
7096,121197,1,1,6,0,30,1,1,1,12,0,high,1.0,18.0
7097,121198,1,1,6,0,98,3,1,1,12,0,high,1.0,717.0
7098,121199,1,12,6,7,55,1,1,1,12,0,low,0.08333333333333333,10.0
7099,121200,1,3,6,2,55,3,1,1,12,0,low,0.3333333333333333,19.0
7100,121201,1,1,6,0,35,3,1,1,12,0,high,1.0,50.0
7101,121202,1,3,6,0,70,2,2,2,12,0,low,0.3333333333333333,40.0
7102,121203,1,4,6,6,65,1,1,1,12,1,low,0.25,17.0
7103,121204,1,1,6,0,35,1,1,1,12,0,high,1.0,22.0
7104,121205,2,2,6,0,50,3,10,2,12,0,high,1.0,10.0
7105,121206,1,1,6,0,35,2,2,2,12,0,high,1.0,25.0
7106,121207,1,2,6,0,70,1,1,1,12,0,low,0.5,25.0
7107,121208,1,2,6,2,55,4,10,1,12,0,low,0.5,23.0
7108,121209,1,2,6,0,55,3,1,1,12,1,low,0.5,2.0
7109,121210,1,1,6,0,70,1,1,1,12,0,high,1.0,10.0
7110,121211,2,5,6,6,45,1,2,2,12,0,low,0.4,20.0
7111,121212,1,6,6,0,55,1,1,1,12,0,low,0.16666666666666666,23.0
7112,121213,1,2,4,0,30,1,1,1,12,0,low,0.5,20.0
7113,121214,1,1,6,0,55,2,1,1,12,1,high,1.0,4.0
7114,121215,1,3,6,6,45,1,10,1,12,1,low,0.3333333333333333,7.0
7115,121216,1,1,6,0,55,4,1,1,12,1,high,1.0,29.0
7116,121217,1,1,6,0,65,3,1,1,12,1,high,1.0,5.0
7117,121218,1,1,6,0,55,2,1,1,12,0,high,1.0,53.0
7118,121219,1,1,6,0,10,1,1,1,12,0,high,1.0,24.0
7119,121221,1,2,6,0,45,1,2,6,12,0,low,0.5,12.0
7120,121222,1,1,6,0,30,3,1,1,12,0,high,1.0,23.0
7121,121223,1,4,6,0,30,1,1,1,12,0,low,0.25,16.0
7122,121224,1,1,4,0,35,1,1,1,12,1,high,1.0,11.0
7123,121225,1,3,7,0,45,1,1,1,12,0,low,0.3333333333333333,9.0
7124,121226,1,2,7,6,60,1,10,1,12,1,low,0.5,10.0
7125,121227,1,2,7,6,40,1,1,1,12,0,low,0.5,151.0
7126,121228,2,5,7,6,50,3,1,1,12,1,low,0.4,126.0
7127,121229,1,5,1,0,40,3,1,1,12,0,low,0.2,40.0
7128,121230,1,3,6,1,55,3,1,1,12,1,low,0.3333333333333333,21.0
7129,121231,1,1,6,0,70,3,10,1,12,1,high,1.0,10.0
7130,121232,1,5,6,0,35,3,1,1,12,1,low,0.2,8.0
7131,121233,1,3,6,2,55,1,10,1,12,0,low,0.3333333333333333,126.0
7132,121234,1,4,6,1,55,3,1,1,12,0,low,0.25,57.0
7133,121235,1,5,6,2,45,5,1,1,12,0,low,0.2,9.0
7134,121236,1,1,6,0,55,1,1,1,12,0,high,1.0,27.0
7135,121237,1,1,6,0,50,1,1,1,12,0,high,1.0,23.0
7136,121238,1,1,6,0,45,1,10,1,12,0,high,1.0,11.0
7137,121239,1,1,4,0,40,3,10,1,12,0,high,1.0,24.0
7138,121240,1,2,4,6,35,3,1,1,12,0,low,0.5,15.0
7139,121241,2,3,6,0,70,1,1,1,12,0,high,0.6666666666666666,21.0
7140,121243,1,2,7,6,30,1,10,1,12,0,low,0.5,29.0
7141,121244,1,3,7,1,45,3,1,1,12,1,low,0.3333333333333333,47.0
7142,121245,1,3,7,1,35,5,1,1,12,1,low,0.3333333333333333,31.0
7143,121246,1,1,7,0,55,2,10,1,12,0,high,1.0,294.0
7144,121247,1,2,7,0,70,1,1,1,12,1,low,0.5,197.0
7145,121248,1,1,7,0,70,1,1,1,12,0,high,1.0,12.0
7146,121249,1,5,7,6,30,1,1,1,12,0,low,0.2,13.0
7147,121250,1,2,7,0,45,2,1,1,12,1,low,0.5,23.0
7148,121251,1,2,7,2,98,1,1,1,12,0,low,0.5,686.0
7149,121252,1,4,7,2,60,1,1,1,12,0,low,0.25,22.0
7150,121253,1,5,7,1,60,1,1,1,12,1,low,0.2,49.0
7151,121254,1,1,7,0,35,1,1,1,12,0,high,1.0,8.0
7152,121255,1,1,7,0,45,1,1,1,12,0,high,1.0,16.0
7153,121256,1,6,7,6,40,1,1,1,12,0,low,0.16666666666666666,15.0
7154,121257,1,2,7,1,70,1,10,1,12,0,low,0.5,8.0
7155,121258,1,1,7,0,45,9,1,1,12,0,high,1.0,5.0
7156,121259,1,5,6,1,40,1,1,1,12,0,low,0.2,50.0
7157,121261,5,6,6,2,60,1,1,1,12,1,high,0.8333333333333334,22.0
7158,121262,1,1,6,0,45,1,1,1,12,0,high,1.0,37.0
7159,121263,1,4,6,6,98,1,1,1,12,0,low,0.25,39.0
7160,121264,1,2,6,0,15,1,1,1,12,0,low,0.5,15.0
7161,121265,1,2,7,0,65,3,1,1,12,0,low,0.5,13.0
7162,121266,1,2,7,0,70,1,1,1,12,0,low,0.5,12.0
7163,121267,1,1,7,0,30,1,1,1,12,0,high,1.0,24.0
7164,121268,1,1,7,0,40,2,1,1,12,0,high,1.0,13.0
7165,121269,1,2,7,0,55,2,1,1,12,1,low,0.5,18.0
7166,121270,1,2,7,6,30,1,10,1,12,0,low,0.5,8.0
7167,121272,1,4,7,2,40,1,1,1,12,0,low,0.25,25.0
7168,121273,1,5,7,1,55,3,1,1,12,0,low,0.2,2.0
7169,121274,1,1,7,0,25,1,10,1,12,0,high,1.0,5.0
7170,121275,1,2,7,0,70,3,10,2,12,1,low,0.5,1.0
7171,121276,1,2,7,1,55,3,1,1,12,0,low,0.5,81.0
7172,121277,2,5,7,0,45,2,10,2,12,0,low,0.4,67.0
7173,121279,1,5,7,2,50,1,1,1,12,0,low,0.2,9.0
7174,121280,1,2,7,0,35,2,10,1,12,1,low,0.5,14.0
7175,121281,1,1,7,0,10,1,1,1,12,1,high,1.0,28.0
7176,121282,1,4,7,2,70,3,1,1,12,1,low,0.25,8.0
7177,121283,1,1,7,0,35,1,10,1,12,0,high,1.0,11.0
7178,121284,1,1,7,0,30,2,1,1,12,0,high,1.0,16.0
7179,121285,1,1,7,0,45,2,1,1,12,1,high,1.0,9.0
7180,121286,1,7,5,1,40,1,1,1,12,1,low,0.14285714285714285,9.0
7181,121287,1,2,5,6,40,1,1,1,12,0,low,0.5,25.0
7182,121288,1,5,5,6,35,3,1,1,12,1,low,0.2,7.0
7183,121289,1,4,5,7,40,1,1,1,12,1,low,0.25,15.0
7184,121290,1,1,5,0,35,3,2,2,12,1,high,1.0,8.0
7185,121291,1,1,5,0,40,1,1,1,12,0,high,1.0,874.0
7186,121293,1,1,5,0,70,3,1,1,12,0,high,1.0,16.0
7187,121294,2,3,6,1,45,2,1,1,12,0,high,0.6666666666666666,6.0
7188,121295,1,2,6,0,35,3,1,1,12,0,low,0.5,32.0
7189,121296,1,2,6,0,55,6,1,1,12,0,low,0.5,5.0
7190,121297,1,3,5,6,45,1,1,1,12,0,low,0.3333333333333333,5.0
7191,121298,1,5,3,6,40,1,1,1,12,1,low,0.2,14.0
7192,121299,1,1,6,0,35,1,10,1,12,0,high,1.0,6.0
7193,121300,1,2,6,6,45,2,1,1,12,0,low,0.5,23.0
7194,121301,1,1,6,0,25,3,1,1,12,1,high,1.0,21.0
7195,121302,1,5,6,6,45,1,2,2,12,0,low,0.2,30.0
7196,121303,1,4,7,6,65,1,1,1,12,0,low,0.25,5.0
7197,121304,1,3,7,2,35,2,1,1,12,0,low,0.3333333333333333,48.0
7198,121305,1,1,7,0,65,1,1,1,12,0,high,1.0,30.0
7199,121306,1,6,7,9,70,1,1,1,12,0,low,0.16666666666666666,7.0
7200,121307,1,3,7,0,60,1,10,1,12,0,low,0.3333333333333333,5.0
7201,121308,1,3,7,1,50,3,1,1,12,1,low,0.3333333333333333,50.0
7202,121309,1,2,7,6,50,1,1,1,12,0,low,0.5,17.0
7203,121310,1,3,7,0,0,1,1,0,12,0,low,0.3333333333333333,22.0
7204,121311,1,2,7,6,45,1,10,1,12,0,low,0.5,23.0
7205,121312,1,3,7,6,45,5,10,1,12,0,low,0.3333333333333333,10.0
7206,121313,2,7,7,0,70,1,10,1,12,0,low,0.2857142857142857,8.0
7207,121314,2,7,7,2,65,3,1,1,12,1,low,0.2857142857142857,10.0
7208,121315,1,1,7,0,60,2,10,1,12,0,high,1.0,8.0
7209,121316,1,4,7,6,45,3,1,1,12,0,low,0.25,3.0