,ST_CASE,FATALS,PERSONS,MONTH,MAN_COLL,VSPD_LIM,LGT_COND,WEATHER,VSURCOND,STATE,DRUNK_DR,rate,rate_numerical,arrival_time
7967,122107,1,1,10,0,40,1,1,1,12,0,high,1.0,8.0
7968,122108,1,2,10,0,45,1,1,1,12,0,low,0.5,0.0
7969,122109,1,1,10,0,40,4,1,1,12,0,high,1.0,4.0
7970,122110,1,5,11,6,40,3,1,1,12,0,low,0.2,10.0
7971,122111,1,5,11,6,45,2,1,1,12,0,low,0.2,6.0
7972,122112,1,1,11,0,45,3,1,1,12,0,high,1.0,1.0
7973,122113,1,2,11,6,45,1,1,1,12,0,low,0.5,5.0
7974,122114,1,3,8,6,30,1,1,1,12,0,low,0.3333333333333333,1.0
7975,122115,1,2,10,6,40,4,1,1,12,0,low,0.5,8.0
7976,122116,1,2,10,0,45,1,1,1,12,0,low,0.5,3.0
7977,122117,1,3,10,0,25,3,1,1,12,0,low,0.3333333333333333,26.0
7978,122118,1,1,10,0,55,2,1,1,12,0,high,1.0,9.0
7979,122119,1,7,10,1,55,1,1,1,12,0,low,0.14285714285714285,8.0
7980,122120,1,1,10,0,35,3,1,1,12,0,high,1.0,10.0
7981,122121,1,2,10,0,55,2,1,1,12,0,low,0.5,35.0
7982,122122,1,1,10,0,60,5,1,1,12,0,high,1.0,5.0
7983,122123,1,2,11,0,50,1,1,1,12,1,low,0.5,8.0
7984,122124,1,3,11,6,60,1,2,2,12,0,low,0.3333333333333333,3.0
7985,122125,1,3,11,6,45,3,1,1,12,0,low,0.3333333333333333,5.0
7986,122126,1,2,10,1,40,3,1,1,12,0,low,0.5,1.0
7987,122127,2,4,11,6,40,1,1,1,12,0,low,0.5,34.0
7988,122128,1,3,11,6,70,2,1,1,12,0,low,0.3333333333333333,12.0
7989,122129,1,7,11,0,55,2,10,1,12,0,low,0.14285714285714285,24.0
7990,122130,1,2,11,0,45,2,1,1,12,1,low,0.5,4.0
7991,122131,1,4,11,2,45,1,10,1,12,0,low,0.25,12.0
7992,122132,1,1,11,0,35,2,1,1,12,1,high,1.0,11.0
7993,122133,3,3,10,0,35,2,1,1,12,0,high,1.0,10.0
7994,122134,1,1,10,0,35,3,1,1,12,0,high,1.0,9.0
7995,122136,1,2,10,2,35,1,1,1,12,1,low,0.5,15.0
7996,122137,1,3,11,0,55,5,1,1,12,0,low,0.3333333333333333,9.0
7997,122138,1,1,8,0,45,1,1,1,12,1,high,1.0,13.0
7998,122139,1,3,8,2,45,1,1,1,12,0,low,0.3333333333333333,17.0
7999,122140,1,2,8,6,45,3,1,1,12,1,low,0.5,6.0
8000,122141,1,1,10,0,45,3,1,1,12,1,high,1.0,1.0
8001,122142,2,5,10,0,70,2,1,1,12,0,low,0.4,8.0
8002,122143,1,3,11,6,55,1,2,2,12,0,low,0.3333333333333333,4.0
8003,122144,1,1,11,0,50,2,1,1,12,0,high,1.0,10.0
8004,122145,1,1,11,0,45,1,10,1,12,0,high,1.0,3.0
8005,122146,1,3,11,6,55,5,1,1,12,0,low,0.3333333333333333,6.0
8006,122147,1,3,11,2,55,2,1,1,12,0,low,0.3333333333333333,6.0
8007,122148,1,2,11,0,65,3,10,1,12,0,low,0.5,7.0
8008,122149,1,4,11,2,55,1,10,1,12,0,low,0.25,4.0
8009,122150,1,2,9,1,50,2,10,1,12,0,low,0.5,3.0
8010,122151,1,4,9,0,70,4,1,1,12,0,low,0.25,9.0
8011,122152,1,2,10,0,45,2,2,2,12,0,low,0.5,63.0
8012,122153,1,1,10,0,35,2,10,1,12,1,high,1.0,9.0
8013,122154,1,2,10,0,20,1,1,1,12,0,low,0.5,0.0
8014,122155,1,3,10,1,70,1,1,1,12,0,low,0.3333333333333333,6.0
8015,122156,1,2,11,0,55,2,1,1,12,0,low,0.5,11.0
8016,122157,1,2,11,0,40,2,1,1,12,0,low,0.5,6.0
8017,122158,1,1,11,0,45,1,1,1,12,0,high,1.0,25.0
8018,122159,1,1,11,0,35,3,1,1,12,0,high,1.0,12.0
8019,122161,1,3,2,2,35,3,10,2,12,0,low,0.3333333333333333,9.0
8020,122162,1,3,8,6,25,3,1,1,12,1,low,0.3333333333333333,6.0
8021,122163,1,1,9,0,55,3,10,1,12,1,high,1.0,13.0
8022,122164,1,2,10,2,60,2,10,1,12,1,low,0.5,7.0
8023,122165,1,1,10,0,45,1,1,1,12,0,high,1.0,11.0
8024,122166,1,1,10,0,25,1,1,1,12,0,high,1.0,97.0
8025,122167,1,1,10,0,55,1,10,1,12,0,high,1.0,9.0
8026,122168,1,1,10,0,45,1,1,1,12,0,high,1.0,14.0
8027,122169,1,1,10,0,30,3,2,2,12,0,high,1.0,4.0
8028,122170,1,3,10,6,45,1,2,2,12,0,low,0.3333333333333333,12.0
8029,122171,1,2,10,0,45,1,10,1,12,0,low,0.5,12.0
8030,122172,1,1,10,0,65,2,1,1,12,0,high,1.0,20.0
8031,122173,1,1,10,0,70,3,10,1,12,0,high,1.0,23.0
8032,122174,1,1,10,0,70,2,10,1,12,0,high,1.0,13.0
8033,122175,1,6,11,1,70,2,1,1,12,0,low,0.16666666666666666,9.0
8034,122176,1,2,11,0,45,5,10,1,12,0,low,0.5,14.0
8035,122177,1,3,11,2,55,2,1,1,12,0,low,0.3333333333333333,0.0
8036,122178,1,1,11,0,98,1,1,1,12,0,high,1.0,12.0
8037,122179,1,5,11,1,70,2,10,1,12,0,low,0.2,25.0
8038,122180,1,3,11,1,55,1,1,1,12,0,low,0.3333333333333333,0.0
8039,122181,2,1,11,0,35,3,1,1,12,0,high,2.0,8.0
8040,122182,1,2,11,0,55,2,1,1,12,1,low,0.5,3.0
8041,122183,1,3,11,6,45,1,1,1,12,0,low,0.3333333333333333,6.0
8042,122184,1,2,11,1,98,1,1,1,12,0,low,0.5,46.0
8043,122185,1,1,12,0,25,1,1,1,12,0,high,1.0,5.0
8044,122186,1,1,11,0,60,2,10,2,12,1,high,1.0,10.0
8045,122187,1,6,10,6,45,1,1,1,12,0,low,0.16666666666666666,4.0
8046,122188,1,1,10,0,98,1,1,1,12,0,high,1.0,11.0
8047,122190,1,2,11,0,45,1,1,1,12,0,low,0.5,14.0
8048,122191,1,2,11,6,40,3,1,1,12,0,low,0.5,17.0
8049,122193,1,2,11,2,45,1,1,1,12,0,low,0.5,65.0
8050,122194,1,1,11,0,45,3,1,1,12,0,high,1.0,5.0
8051,122195,1,1,11,0,45,3,1,1,12,0,high,1.0,3.0
8052,122196,1,1,11,0,98,3,10,2,12,0,high,1.0,8.0
8053,122197,1,1,11,0,40,2,1,1,12,0,high,1.0,10.0
8054,122198,1,2,10,6,35,1,1,1,12,0,low,0.5,8.0
8055,122199,1,1,10,0,55,1,10,1,12,0,high,1.0,9.0
8056,122200,1,4,10,0,40,1,1,1,12,0,low,0.25,6.0
8057,122201,1,5,11,1,25,2,1,1,12,0,low,0.2,6.0
8058,122202,1,11,11,6,70,2,1,1,12,1,low,0.09090909090909091,15.0
8059,122203,1,1,11,0,40,1,1,1,12,0,high,1.0,7.0
8060,122204,1,3,11,6,45,5,10,1,12,0,low,0.3333333333333333,24.0
8061,122205,1,3,11,0,55,2,10,1,12,0,low,0.3333333333333333,3.0
8062,122206,1,2,11,6,45,3,10,1,12,0,low,0.5,8.0
8063,122207,1,2,11,1,40,2,10,1,12,1,low,0.5,10.0
8064,122208,1,2,11,0,65,3,1,1,12,1,low,0.5,8.0
8065,122209,1,3,11,6,60,1,2,2,12,0,low,0.3333333333333333,15.0
8066,122210,1,1,11,0,45,3,10,1,12,1,high,1.0,7.0
8067,122211,1,2,11,0,65,1,2,2,12,1,low,0.5,4.0
8068,122212,1,4,11,0,45,2,1,1,12,0,low,0.25,5.0
8069,122213,1,1,11,0,40,3,2,2,12,0,high,1.0,8.0
8070,122214,1,2,11,0,25,3,1,1,12,0,low,0.5,23.0
8071,122215,1,6,11,6,25,2,1,1,12,1,low,0.16666666666666666,9.0
8072,122216,1,3,11,6,45,3,1,1,12,0,low,0.3333333333333333,13.0
8073,122217,1,2,11,2,45,2,1,1,12,0,low,0.5,20.0
8074,122218,1,1,11,0,55,2,1,1,12,0,high,1.0,2.0
8075,122220,5,10,10,6,70,1,10,2,12,0,low,0.5,8.0
8076,122221,1,1,10,0,70,1,1,1,12,0,high,1.0,3.0
8077,122222,1,2,10,0,65,2,10,1,12,1,low,0.5,4.0
8078,122223,1,1,10,0,0,3,1,0,12,0,high,1.0,10.0
8079,122224,1,2,10,6,45,3,1,1,12,0,low,0.5,17.0
8080,122225,1,1,10,0,30,3,1,1,12,0,high,1.0,10.0
8081,122226,1,1,11,0,45,1,1,1,12,0,high,1.0,6.0
8082,122227,1,1,11,0,30,3,1,1,12,0,high,1.0,3.0
8083,122228,1,3,11,6,30,3,1,1,12,0,low,0.3333333333333333,10.0
8084,122229,1,3,11,6,25,2,10,2,12,1,low,0.3333333333333333,11.0
8085,122230,1,1,11,0,45,3,10,2,12,0,high,1.0,2.0
8086,122231,1,1,11,0,45,1,10,1,12,0,high,1.0,10.0
8087,122232,1,6,11,0,60,2,1,1,12,0,low,0.16666666666666666,3.0
8088,122233,1,5,11,0,65,2,1,1,12,0,low,0.2,11.0
8089,122234,1,2,11,0,55,2,1,1,12,0,low,0.5,2.0
8090,122235,1,1,11,0,70,5,1,1,12,1,high,1.0,11.0
8091,122236,2,4,11,6,55,2,1,1,12,1,low,0.5,6.0
8092,122237,1,3,11,6,25,1,10,1,12,0,low,0.3333333333333333,9.0
8093,122238,1,2,11,6,70,2,10,1,12,0,low,0.5,10.0
8094,122239,1,2,11,1,55,2,1,1,12,1,low,0.5,11.0
8095,122240,1,2,11,0,30,2,1,1,12,0,low,0.5,17.0
8096,122241,1,2,11,6,45,1,10,1,12,0,low,0.5,10.0
8097,122242,1,2,11,6,15,1,1,1,12,0,low,0.5,10.0
8098,122243,1,2,11,1,55,2,1,1,12,1,low,0.5,9.0
8099,122244,1,3,11,7,70,2,10,2,12,0,low,0.3333333333333333,5.0
8100,122245,1,1,11,0,45,1,10,1,12,0,high,1.0,9.0
8101,122246,1,2,11,6,35,5,1,1,12,0,low,0.5,11.0
8102,122247,1,3,11,2,35,1,1,1,12,0,low,0.3333333333333333,15.0
8103,122248,1,3,11,0,45,2,1,1,12,0,low,0.3333333333333333,0.0
8104,122249,1,2,11,2,55,1,2,2,12,1,low,0.5,10.0
8105,122250,1,2,11,0,65,3,10,1,12,1,low,0.5,2.0
8106,122251,1,8,11,1,40,3,1,1,12,1,low,0.125,22.0
8107,122252,1,9,11,0,70,5,10,2,12,0,low,0.1111111111111111,49.0
8108,122253,1,4,11,0,35,1,10,2,12,0,low,0.25,5.0
8109,122254,1,2,11,2,45,1,10,2,12,0,low,0.5,10.0
8110,122255,1,1,11,0,45,3,1,1,12,0,high,1.0,16.0
8111,122256,1,7,11,7,70,1,1,1,12,0,low,0.14285714285714285,7.0
8112,122257,1,2,11,6,60,3,1,1,12,0,low,0.5,3.0
8113,122258,1,1,11,0,55,2,10,2,12,1,high,1.0,6.0
8114,122259,1,1,11,0,40,2,1,1,12,0,high,1.0,3.0
8115,122260,1,1,11,0,65,3,1,1,12,1,high,1.0,3.0
8116,122261,1,1,11,0,55,3,1,1,12,0,high,1.0,7.0
8117,122262,1,1,11,0,25,1,1,1,12,1,high,1.0,16.0
8118,122263,1,1,11,0,45,3,10,1,12,0,high,1.0,7.0
8119,122264,1,1,11,0,35,2,5,1,12,0,high,1.0,10.0
8120,122265,1,1,11,0,60,2,10,1,12,0,high,1.0,3.0
8121,122266,1,1,11,0,70,2,2,2,12,1,high,1.0,13.0
8122,122267,1,3,11,0,45,1,10,2,12,0,low,0.3333333333333333,5.0
8123,122268,1,3,11,1,45,3,1,1,12,0,low,0.3333333333333333,9.0
8124,122269,1,4,11,2,55,2,1,1,12,0,low,0.25,17.0
8125,122270,1,2,11,0,45,3,1,1,12,0,low,0.5,10.0
8126,122271,1,1,11,0,45,3,10,2,12,0,high,1.0,5.0
8127,122272,1,2,11,0,50,2,1,1,12,0,low,0.5,10.0
8128,122273,1,4,10,6,30,1,1,1,12,0,low,0.25,11.0
8129,122274,1,1,11,0,40,3,10,1,12,0,high,1.0,10.0
8130,122275,1,1,11,0,40,1,1,1,12,0,high,1.0,6.0
8131,122276,1,2,11,6,40,1,10,1,12,0,low,0.5,12.0
8132,122277,1,2,11,6,60,1,1,1,12,0,low,0.5,21.0
8133,122278,1,1,11,0,45,3,10,1,12,0,high,1.0,13.0
8134,122279,1,5,11,0,65,3,10,1,12,0,low,0.2,5.0
8135,122280,1,3,11,0,55,3,10,1,12,0,low,0.3333333333333333,10.0
8136,122281,1,1,11,0,45,2,10,1,12,0,high,1.0,7.0
8137,122282,1,3,10,0,45,3,1,1,12,0,low,0.3333333333333333,9.0
8138,122283,1,1,11,0,30,1,1,1,12,1,high,1.0,10.0
8139,122284,1,1,11,0,40,2,1,1,12,0,high,1.0,16.0
8140,122285,1,4,11,6,45,2,1,1,12,0,low,0.25,9.0
8141,122286,1,3,11,0,70,1,1,1,12,0,low,0.3333333333333333,7.0
8142,122287,1,1,11,0,15,3,1,1,12,0,high,1.0,4.0
8143,122288,1,3,11,1,40,3,10,2,12,0,low,0.3333333333333333,12.0
8144,122290,1,2,9,6,35,3,10,2,12,0,low,0.5,19.0
8145,122291,1,2,11,0,45,1,1,1,12,0,low,0.5,10.0
8146,122292,1,2,9,0,35,3,2,2,12,0,low,0.5,13.0
8147,122293,1,1,11,0,35,2,5,1,12,1,high,1.0,6.0
8148,122294,1,2,3,7,40,1,1,1,12,0,low,0.5,337.0
8149,122295,1,4,10,1,45,1,10,1,12,0,low,0.25,7.0
8150,122297,1,1,11,0,45,2,1,1,12,0,high,1.0,5.0
8151,122298,1,1,12,0,45,2,1,1,12,0,high,1.0,9.0
8152,122299,1,2,11,6,35,3,1,1,12,0,low,0.5,2.0
8153,122300,2,3,11,1,45,3,2,2,12,0,high,0.6666666666666666,24.0
8154,122301,1,1,11,0,45,2,1,1,12,0,high,1.0,6.0
8155,122302,1,3,11,0,45,2,1,1,12,0,low,0.3333333333333333,15.0
8156,122303,1,4,11,7,45,1,1,1,12,0,low,0.25,20.0
8157,122304,1,3,11,6,30,1,1,1,12,0,low,0.3333333333333333,8.0
8158,122305,1,3,11,0,35,6,1,1,12,0,low,0.3333333333333333,10.0
8159,122306,1,1,10,0,35,3,1,1,12,0,high,1.0,5.0
8160,122307,1,1,11,0,55,3,5,1,12,0,high,1.0,2.0
8161,122308,1,1,11,0,40,3,1,1,12,0,high,1.0,5.0
8162,122309,3,3,11,0,35,3,1,1,12,0,high,1.0,21.0
8163,122310,1,1,11,0,30,3,2,2,12,0,high,1.0,8.0
8164,122311,1,2,11,6,35,1,1,1,12,0,low,0.5,4.0
8165,122312,1,1,11,0,70,4,2,2,12,0,high,1.0,10.0
8166,122313,2,2,11,2,50,3,1,2,12,0,high,1.0,8.0
8167,122314,1,1,11,0,25,1,10,1,12,0,high,1.0,12.0
8168,122315,1,1,11,0,55,1,1,1,12,0,high,1.0,9.0
8169,122316,1,2,11,6,45,2,1,1,12,0,low,0.5,7.0
8170,122317,1,6,11,0,30,2,1,1,12,1,low,0.16666666666666666,4.0
8171,122318,1,5,11,6,45,1,1,1,12,0,low,0.2,8.0
8172,122319,1,2,11,0,35,3,1,1,12,0,low,0.5,5.0
8173,122320,1,3,11,6,45,1,1,1,12,0,low,0.3333333333333333,10.0
8174,122321,1,3,11,0,35,2,1,1,12,1,low,0.3333333333333333,44.0
8175,122322,1,1,11,0,45,3,1,1,12,0,high,1.0,8.0
8176,122323,1,4,11,2,45,2,1,1,12,0,low,0.25,6.0
8177,122324,1,1,11,0,45,3,1,1,12,0,high,1.0,4.0
8178,122325,1,1,11,0,30,1,1,1,12,0,high,1.0,63.0
8179,122326,1,1,11,0,60,1,1,1,12,0,high,1.0,11.0
8180,122327,1,3,12,0,55,2,10,1,12,1,low,0.3333333333333333,8.0
8181,122328,1,1,12,0,30,3,1,1,12,1,high,1.0,8.0
8182,122329,1,1,12,0,45,2,2,2,12,0,high,1.0,10.0
8183,122331,1,1,12,0,45,3,1,1,12,0,high,1.0,4.0
8184,122332,1,3,12,2,45,1,1,1,12,0,low,0.3333333333333333,10.0
8185,122333,1,3,10,6,45,1,1,1,12,0,low,0.3333333333333333,4.0
8186,122334,1,2,11,6,45,2,10,1,12,0,low,0.5,23.0
8187,122335,1,2,11,6,45,3,1,1,12,0,low,0.5,27.0
8188,122336,1,1,11,0,45,1,10,1,12,0,high,1.0,8.0
8189,122337,1,1,11,0,30,3,1,1,12,0,high,1.0,14.0
8190,122338,2,3,11,0,55,5,1,1,12,1,high,0.6666666666666666,6.0
8191,122339,1,1,11,0,35,3,1,1,12,0,high,1.0,1.0
8192,122340,1,2,11,6,45,5,1,1,12,0,low,0.5,6.0
8193,122341,1,5,12,6,45,1,1,1,12,0,low,0.2,4.0
8194,122342,1,7,12,1,40,3,1,1,12,1,low,0.14285714285714285,19.0
8195,122344,1,2,12,0,45,3,10,1,12,0,low,0.5,27.0
8196,122345,1,3,12,2,45,1,1,1,12,0,low,0.3333333333333333,4.0
8197,122346,1,1,12,0,45,2,10,1,12,0,high,1.0,6.0
8198,122347,1,3,12,0,55,2,10,1,12,0,low,0.3333333333333333,14.0
8199,122348,1,1,12,0,55,1,1,1,12,0,high,1.0,4.0
8200,122349,1,1,12,0,65,1,2,2,12,0,high,1.0,19.0
8201,122350,1,1,10,0,35,3,1,1,12,0,high,1.0,13.0
8202,122351,1,2,11,6,55,5,1,1,12,0,low,0.5,11.0
8203,122352,1,1,11,0,40,1,2,2,12,0,high,1.0,3.0
8204,122353,1,2,11,6,45,1,1,1,12,0,low,0.5,20.0
8205,122354,1,1,11,0,30,1,1,1,12,0,high,1.0,6.0
8206,122355,1,3,11,6,45,1,1,1,12,0,low,0.3333333333333333,31.0
8207,122356,1,1,11,0,35,5,1,1,12,0,high,1.0,8.0
8208,122358,1,2,11,0,45,3,1,1,12,0,low,0.5,4.0
8209,122359,1,1,12,0,30,2,10,1,12,0,high,1.0,7.0
8210,122360,1,1,12,0,50,1,1,1,12,0,high,1.0,8.0
8211,122361,1,2,12,0,70,2,10,1,12,0,low,0.5,10.0
8212,122362,1,1,12,0,55,1,10,1,12,1,high,1.0,5.0
8213,122363,1,3,12,6,35,1,1,1,12,0,low,0.3333333333333333,9.0
8214,122365,1,1,12,0,35,2,1,1,12,1,high,1.0,11.0
8215,122366,1,2,12,0,45,1,1,1,12,0,low,0.5,3.0
8216,122367,1,3,12,6,40,3,10,1,12,1,low,0.3333333333333333,17.0
8217,122368,1,1,12,0,60,2,1,1,12,0,high,1.0,9.0
8218,122369,1,2,12,6,45,1,1,1,12,0,low,0.5,11.0
8219,122370,1,8,12,0,50,2,1,1,12,0,low,0.125,10.0
8220,122371,1,4,12,2,60,2,10,1,12,0,low,0.25,12.0
8221,122372,1,1,12,0,60,1,10,1,12,0,high,1.0,5.0
8222,122373,1,2,12,0,45,1,10,1,12,1,low,0.5,12.0
8223,122374,1,3,12,0,50,3,1,1,12,1,low,0.3333333333333333,5.0
8224,122375,1,3,12,0,45,2,1,1,12,0,low,0.3333333333333333,4.0
8225,122376,1,1,12,0,45,3,10,2,12,0,high,1.0,4.0
8226,122377,1,2,12,6,45,1,1,1,12,0,low,0.5,7.0
8227,122378,1,5,12,1,45,3,1,1,12,1,low,0.2,17.0
8228,122379,1,2,12,6,45,1,1,1,12,0,low,0.5,3.0
8229,122380,1,1,12,0,45,2,1,1,12,1,high,1.0,3.0
8230,122381,1,3,4,6,30,1,1,1,12,1,low,0.3333333333333333,3.0
8231,122382,1,2,9,6,55,3,10,2,12,2,low,0.5,7.0
8232,122383,1,4,9,6,45,1,10,1,12,0,low,0.25,21.0
8233,122384,1,2,9,6,50,1,10,1,12,0,low,0.5,11.0
8234,122385,1,1,9,0,45,3,1,1,12,1,high,1.0,25.0
8235,122386,1,2,9,6,30,3,1,1,12,0,low,0.5,1.0
8236,122387,1,2,9,0,30,2,1,1,12,0,low,0.5,67.0
8237,122388,1,2,9,1,70,1,10,1,12,0,low,0.5,7.0
8238,122389,1,2,9,6,50,1,1,1,12,0,low,0.5,11.0
8239,122390,1,2,9,6,30,2,1,1,12,0,low,0.5,12.0
8240,122392,1,2,10,6,98,1,1,1,12,0,low,0.5,12.0
8241,122393,1,2,10,6,25,1,1,1,12,0,low,0.5,3.0
8242,122394,1,4,10,0,70,3,1,1,12,0,low,0.25,10.0
8243,122395,1,1,10,0,45,1,10,2,12,0,high,1.0,16.0
8244,122396,1,2,10,0,60,1,2,2,12,0,low,0.5,9.0
8245,122397,1,1,10,0,40,1,1,1,12,0,high,1.0,5.0
8246,122398,1,5,10,0,45,1,1,1,12,1,low,0.2,3.0
8247,122399,1,1,10,0,45,3,1,1,12,0,high,1.0,2.0
8248,122400,1,1,10,0,35,3,1,1,12,0,high,1.0,4.0
8249,122401,1,1,10,0,30,1,10,1,12,0,high,1.0,8.0
8250,122402,1,2,10,0,35,3,2,2,12,0,low,0.5,3.0
8251,122404,1,1,10,0,40,1,1,1,12,0,high,1.0,10.0
8252,122405,1,1,10,0,35,3,1,1,12,0,high,1.0,1.0
8253,122406,1,3,10,6,45,1,10,1,12,0,low,0.3333333333333333,8.0
8254,122407,1,1,10,0,35,3,1,1,12,0,high,1.0,6.0
8255,122408,1,2,10,2,98,3,1,1,12,0,low,0.5,2.0
8256,122409,1,2,10,8,25,1,1,1,12,0,low,0.5,7.0
8257,122410,1,3,10,1,55,1,10,1,12,1,low,0.3333333333333333,13.0
8258,122411,1,1,11,0,40,3,1,1,12,0,high,1.0,15.0
8259,122412,1,1,11,0,40,1,1,1,12,0,high,1.0,1.0
8260,122413,1,2,11,0,35,5,1,1,12,0,low,0.5,9.0
8261,122414,2,2,11,0,40,2,1,1,12,1,high,1.0,9.0
8262,122415,1,4,11,6,55,1,1,1,12,0,low,0.25,12.0
8263,122416,1,2,11,6,30,5,1,1,12,0,low,0.5,6.0
8264,122417,2,2,11,0,70,1,1,1,12,0,high,1.0,6.0
8265,122418,1,1,11,0,45,1,1,1,12,0,high,1.0,6.0
8266,122419,1,1,11,0,20,1,1,1,12,1,high,1.0,3.0
8267,122420,1,2,11,0,45,1,1,1,12,0,low,0.5,13.0
8268,122421,1,1,11,0,15,1,1,1,12,0,high,1.0,10.0
8269,122422,1,2,11,1,45,3,1,2,12,1,low,0.5,5.0
8270,122423,1,4,11,6,35,1,1,2,12,0,low,0.25,4.0
8271,122424,1,2,11,1,45,3,1,1,12,0,low,0.5,9.0
8272,122425,1,1,11,0,45,3,1,1,12,1,high,1.0,5.0
8273,122426,1,2,11,2,45,4,1,1,12,0,low,0.5,9.0
8274,122427,1,2,11,6,45,3,1,1,12,0,low,0.5,5.0
8275,122428,1,1,11,0,70,1,1,1,12,0,high,1.0,6.0
8276,122429,1,4,12,2,45,1,1,1,12,0,low,0.25,13.0
8277,122430,1,1,11,1,70,1,1,1,12,0,high,1.0,14.0
8278,122431,1,3,11,0,40,1,10,1,12,0,low,0.3333333333333333,4.0
8279,122432,1,1,11,0,55,2,1,1,12,1,high,1.0,6.0
8280,122433,1,1,11,0,50,3,10,1,12,0,high,1.0,5.0
8281,122434,1,1,11,0,30,3,1,1,12,0,high,1.0,11.0
8282,122435,1,2,11,6,35,3,1,1,12,0,low,0.5,57.0
8283,122436,1,1,11,0,30,2,10,1,12,0,high,1.0,27.0
8284,122437,1,3,11,0,45,5,1,1,12,0,low,0.3333333333333333,18.0
8285,122438,1,2,11,2,45,6,1,1,12,1,low,0.5,14.0
8286,122439,1,1,11,0,35,1,10,1,12,1,high,1.0,2.0
8287,122440,1,1,11,0,25,3,2,2,12,0,high,1.0,3.0
8288,122441,1,1,11,0,45,3,1,1,12,0,high,1.0,9.0
8289,122442,1,6,11,1,45,3,10,2,12,0,low,0.16666666666666666,254.0
8290,122443,1,1,11,0,55,2,1,1,12,1,high,1.0,20.0
8291,122444,1,2,11,1,45,1,1,1,12,0,low,0.5,9.0
8292,122445,1,1,11,0,25,3,1,1,12,1,high,1.0,1.0
8293,122446,1,10,11,0,98,3,1,1,12,0,low,0.1,12.0
8294,122447,1,1,12,1,60,2,10,1,12,1,high,1.0,119.0
8295,122448,1,4,12,7,60,2,1,1,12,0,low,0.25,47.0
8296,122449,1,4,12,0,30,2,10,1,12,0,low,0.25,9.0
8297,122450,1,1,12,0,45,3,10,1,12,0,high,1.0,10.0
8298,122451,1,1,12,0,35,5,10,1,12,0,high,1.0,10.0
8299,122452,2,3,12,7,70,1,10,1,12,0,high,0.6666666666666666,21.0
8300,122453,1,3,12,2,55,2,10,1,12,0,low,0.3333333333333333,14.0
8301,122454,1,1,12,0,45,3,1,1,12,0,high,1.0,7.0
8302,122455,1,6,12,1,55,3,10,1,12,1,low,0.16666666666666666,5.0
8303,122456,1,1,12,0,45,2,1,1,12,0,high,1.0,7.0
8304,122457,1,1,12,0,35,1,1,1,12,0,high,1.0,3.0
8305,122458,1,2,12,0,45,2,1,1,12,0,low,0.5,5.0
8306,122459,1,1,12,0,20,3,1,1,12,0,high,1.0,7.0
8307,122460,1,2,12,0,55,2,1,1,12,1,low,0.5,8.0
8308,122461,1,2,12,6,35,3,1,1,12,0,low,0.5,7.0
8309,122462,1,2,12,6,35,1,1,1,12,0,low,0.5,4.0
8310,122463,1,1,12,0,45,2,1,1,12,0,high,1.0,17.0
8311,122464,1,1,12,0,60,1,1,1,12,0,high,1.0,11.0
8312,122465,1,4,12,1,55,1,1,1,12,0,low,0.25,3.0
8313,122466,1,4,12,6,45,2,1,1,12,0,low,0.25,5.0
8314,122467,1,2,12,6,45,4,10,2,12,0,low,0.5,9.0
8315,122468,1,1,12,0,98,1,1,1,12,0,high,1.0,11.0
8316,122469,1,1,12,0,45,3,1,1,12,0,high,1.0,9.0
8317,122470,1,5,12,1,70,2,1,1,12,0,low,0.2,6.0
8318,122471,1,3,12,0,45,1,1,1,12,0,low,0.3333333333333333,24.0
8319,122472,1,1,12,0,50,2,1,1,12,0,high,1.0,46.0
8320,122473,1,1,12,0,40,2,5,1,12,0,high,1.0,13.0
8321,122474,1,2,12,0,45,3,1,1,12,0,low,0.5,14.0
8322,122475,1,1,12,0,30,1,1,1,12,0,high,1.0,9.0
8323,122476,1,1,12,0,55,2,1,1,12,0,high,1.0,10.0
8324,122477,1,3,12,2,55,1,1,1,12,1,low,0.3333333333333333,3.0
8325,122478,2,2,12,0,65,1,10,1,12,0,high,1.0,13.0
8326,122479,1,2,12,6,45,1,1,1,12,0,low,0.5,9.0
8327,122480,1,3,12,6,40,2,1,1,12,0,low,0.3333333333333333,2.0
8328,122481,1,5,12,0,30,5,1,1,12,0,low,0.2,5.0
8329,122482,1,3,12,0,60,3,10,1,12,0,low,0.3333333333333333,7.0
8330,122483,1,4,12,0,55,1,1,1,12,0,low,0.25,18.0
8331,122484,1,4,12,0,45,1,1,1,12,0,low,0.25,1.0
8332,122485,1,1,12,0,40,3,1,1,12,0,high,1.0,1.0
8333,122486,1,1,12,0,25,2,1,1,12,0,high,1.0,41.0
8334,122487,1,1,12,0,45,3,1,1,12,0,high,1.0,8.0
8335,122488,1,1,10,0,45,1,10,1,12,0,high,1.0,8.0
8336,122489,1,1,10,0,30,4,1,1,12,0,high,1.0,4.0
8337,122490,2,2,11,0,25,3,1,1,12,1,high,1.0,8.0
8338,122491,1,2,11,0,45,1,10,1,12,0,low,0.5,9.0