,ST_CASE,FATALS,PERSONS,MONTH,MAN_COLL,VSPD_LIM,LGT_COND,WEATHER,VSURCOND,STATE,DRUNK_DR,rate,rate_numerical,arrival_time
8339,122492,1,2,11,0,55,2,10,1,12,0,low,0.5,5.0
8340,122493,1,2,12,2,45,2,10,1,12,0,low,0.5,8.0
8341,122494,1,2,12,0,45,3,1,1,12,0,low,0.5,5.0
8342,122495,1,6,12,6,55,1,2,2,12,0,low,0.16666666666666666,7.0
8343,122496,1,2,12,0,55,2,1,1,12,1,low,0.5,13.0
8344,122497,1,1,12,0,45,3,1,1,12,0,high,1.0,13.0
8345,122498,1,2,12,0,45,3,1,1,12,0,low,0.5,7.0
8346,122499,1,1,12,0,55,3,10,1,12,0,high,1.0,4.0
8347,122500,2,5,12,2,45,1,1,1,12,0,low,0.4,10.0
8348,122501,1,1,12,0,30,2,1,1,12,1,high,1.0,8.0
8349,122502,1,1,12,0,40,3,1,1,12,0,high,1.0,9.0
8350,122503,1,1,12,0,40,3,10,1,12,0,high,1.0,4.0
8351,122504,1,4,12,6,50,3,1,1,12,1,low,0.25,0.0
8352,122505,1,2,12,0,55,3,1,1,12,0,low,0.5,9.0
8353,122506,1,1,12,0,45,4,1,1,12,0,high,1.0,4.0
8354,122507,1,2,12,0,45,3,1,1,12,0,low,0.5,4.0
8355,122508,1,4,12,2,55,3,10,1,12,0,low,0.25,3.0
8356,122509,1,1,12,0,35,2,5,1,12,1,high,1.0,6.0
8357,122510,1,1,12,0,55,3,1,1,12,0,high,1.0,2.0
8358,122511,1,2,10,0,40,3,1,1,12,0,low,0.5,10.0
8359,122512,1,2,12,1,70,3,10,1,12,0,low,0.5,6.0
8360,122513,1,2,12,0,35,1,10,1,12,0,low,0.5,4.0
8361,122514,1,1,12,0,70,2,1,1,12,0,high,1.0,9.0
8362,122515,1,1,12,0,55,1,1,1,12,0,high,1.0,9.0
8363,122516,1,1,12,0,55,2,10,2,12,0,high,1.0,8.0
8364,122517,1,1,12,0,55,1,10,1,12,0,high,1.0,4.0
8365,122518,1,2,12,2,65,1,10,2,12,0,low,0.5,13.0
8366,122519,1,2,12,6,25,5,1,1,12,0,low,0.5,8.0
8367,122520,1,2,12,0,45,2,1,1,12,0,low,0.5,2.0
8368,122521,2,5,12,6,30,2,1,1,12,0,low,0.4,12.0
8369,122522,1,4,12,6,25,3,1,1,12,0,low,0.25,7.0
8370,122523,1,3,11,2,45,2,10,2,12,0,low,0.3333333333333333,6.0
8371,122524,2,2,12,0,45,2,1,1,12,1,high,1.0,8.0
8372,122525,1,2,12,0,55,3,1,1,12,0,low,0.5,17.0
8373,122526,2,4,12,6,50,1,1,1,12,0,low,0.5,6.0
8374,122527,1,3,12,2,65,2,1,1,12,1,low,0.3333333333333333,2.0
8375,122528,1,4,12,0,70,2,10,2,12,0,low,0.25,22.0
8376,122529,1,1,12,0,55,2,10,1,12,1,high,1.0,9.0
8377,122530,1,1,12,0,30,2,1,1,12,0,high,1.0,18.0
8378,122531,1,1,12,0,45,3,1,1,12,0,high,1.0,5.0
8379,122532,1,1,12,0,55,9,99,2,12,0,high,1.0,5.0
8380,122533,1,1,12,0,45,1,1,1,12,0,high,1.0,8.0
8381,122534,1,1,12,0,30,1,1,1,12,0,high,1.0,9.0
8382,122535,1,2,12,6,45,1,10,1,12,0,low,0.5,6.0
8383,122536,1,8,12,6,30,3,1,1,12,1,low,0.125,6.0
8384,122537,1,1,12,0,55,3,10,1,12,0,high,1.0,56.0
8385,122538,1,1,12,0,40,3,1,1,12,1,high,1.0,0.0
8386,122539,1,1,12,0,30,3,1,1,12,0,high,1.0,10.0
8387,122540,1,1,12,0,45,2,1,1,12,0,high,1.0,11.0
8388,122541,1,2,7,6,40,1,1,1,12,1,low,0.5,5.0
8389,122542,1,3,8,6,40,1,1,1,12,1,low,0.3333333333333333,4.0
8390,122543,1,1,9,0,15,1,1,1,12,0,high,1.0,4.0
8391,122544,1,1,9,0,40,3,1,1,12,0,high,1.0,5.0
8392,122545,1,1,11,0,45,2,1,1,12,0,high,1.0,17.0
8393,122546,1,1,11,0,35,3,1,1,12,1,high,1.0,43.0
8394,122547,1,1,12,0,40,2,10,2,12,0,high,1.0,5.0
8395,122548,2,1,12,0,45,3,1,1,12,1,high,2.0,9.0
8396,122549,1,4,12,0,45,3,1,1,12,0,low,0.25,1.0
8397,122550,1,1,12,0,65,1,1,1,12,0,high,1.0,3.0
8398,122551,1,1,12,0,45,2,1,1,12,0,high,1.0,4.0
8399,122552,3,4,12,6,70,1,1,1,12,0,high,0.75,7.0
8400,122553,1,1,12,0,45,3,1,1,12,0,high,1.0,10.0
8401,122554,1,3,11,6,40,3,10,1,12,0,low,0.3333333333333333,12.0
8402,122555,1,1,12,0,55,3,1,1,12,0,high,1.0,5.0
8403,122556,1,2,12,0,70,2,1,1,12,1,low,0.5,9.0
8404,122557,1,1,12,0,50,3,1,1,12,0,high,1.0,0.0
8405,122558,1,4,12,0,45,3,1,1,12,1,low,0.25,5.0
8406,122559,1,2,12,6,45,3,1,1,12,0,low,0.5,2.0
8407,122560,1,4,12,6,40,2,1,1,12,1,low,0.25,37.0
8408,122561,2,2,12,0,70,2,1,1,12,1,high,1.0,4.0
8409,122562,1,1,12,0,45,2,1,1,12,1,high,1.0,12.0
8410,122563,1,2,12,6,30,1,1,1,12,0,low,0.5,6.0
8411,122564,1,4,12,2,70,2,1,1,12,1,low,0.25,8.0
8412,122565,1,1,12,0,40,3,10,1,12,0,high,1.0,15.0
8413,122566,1,1,12,0,40,3,1,1,12,0,high,1.0,9.0
8414,122567,1,1,12,0,45,1,1,1,12,0,high,1.0,7.0
8415,122568,1,1,12,0,30,3,1,1,12,0,high,1.0,5.0
8416,122569,1,4,12,6,45,3,2,2,12,0,low,0.25,7.0
8417,122570,1,3,12,0,55,1,2,2,12,0,low,0.3333333333333333,5.0
8418,122571,2,4,12,2,55,2,1,1,12,1,low,0.5,3.0
8419,122572,1,2,12,0,60,3,1,1,12,0,low,0.5,7.0
8420,122573,1,1,12,0,35,3,10,1,12,0,high,1.0,7.0
8421,122574,1,1,12,0,60,2,1,1,12,1,high,1.0,9.0
8422,122575,1,1,12,0,35,2,1,1,12,0,high,1.0,1.0
8423,122576,1,3,12,2,65,1,1,1,12,0,low,0.3333333333333333,11.0
8424,122577,1,3,12,0,45,1,10,1,12,0,low,0.3333333333333333,4.0
8425,122578,1,2,12,0,60,2,10,1,12,1,low,0.5,14.0
8426,122579,1,4,12,2,35,2,1,1,12,0,low,0.25,7.0
8427,122580,1,3,12,0,45,3,1,1,12,0,low,0.3333333333333333,1.0
8428,122581,1,3,12,0,30,3,1,1,12,0,low,0.3333333333333333,1.0
8429,122582,1,7,12,6,60,2,1,1,12,1,low,0.14285714285714285,10.0
8430,122583,1,1,12,0,45,1,10,1,12,1,high,1.0,0.0
8431,122584,1,1,1,0,45,3,1,1,12,0,high,1.0,3.0
8432,122585,1,1,11,0,40,2,2,2,12,1,high,1.0,16.0
8433,122586,1,1,12,0,45,2,1,99,12,0,high,1.0,9.0
8434,122587,1,8,12,0,60,3,10,1,12,0,low,0.125,5.0
8435,122588,1,2,12,6,35,2,2,2,12,1,low,0.5,6.0
8436,122589,1,2,12,6,45,1,10,1,12,0,low,0.5,1.0
8437,122590,1,1,12,0,35,3,10,1,12,0,high,1.0,53.0
8438,122591,1,1,12,0,45,1,10,1,12,0,high,1.0,25.0
8439,122592,1,1,12,0,45,3,2,2,12,0,high,1.0,5.0
8440,122593,1,1,12,0,35,2,10,1,12,0,high,1.0,8.0
8441,122594,1,1,12,0,25,1,1,1,12,0,high,1.0,8.0
8442,122595,1,2,12,1,65,2,10,2,12,0,low,0.5,0.0
8443,122597,1,2,12,0,45,2,10,1,12,0,low,0.5,8.0
8444,122598,1,6,12,6,45,1,1,1,12,0,low,0.16666666666666666,9.0
8445,122599,3,4,12,0,70,1,1,1,12,0,high,0.75,8.0
8446,122600,1,1,12,0,65,1,1,1,12,0,high,1.0,5.0
8447,122601,1,2,12,0,65,3,10,1,12,0,low,0.5,10.0
8448,122602,1,2,12,6,35,3,1,1,12,0,low,0.5,3.0
8449,122603,1,1,12,0,65,2,1,1,12,0,high,1.0,26.0
8450,122604,1,1,12,0,45,3,10,1,12,0,high,1.0,6.0
8451,122605,1,1,12,0,60,1,2,2,12,0,high,1.0,3.0
8452,122606,1,10,12,1,45,3,10,1,12,1,low,0.1,11.0
8453,122607,1,1,12,0,40,3,10,1,12,0,high,1.0,5.0
8454,122608,1,1,12,0,45,1,1,1,12,1,high,1.0,7.0
8455,122609,1,2,12,1,45,3,1,1,12,1,low,0.5,8.0
8456,122610,1,7,12,0,70,1,1,1,12,0,low,0.14285714285714285,4.0
8457,122611,1,1,12,0,45,1,1,1,12,0,high,1.0,1.0
8458,122612,5,8,12,7,55,3,1,1,12,1,high,0.625,19.0
8459,122613,1,1,12,0,45,3,1,1,12,0,high,1.0,13.0
8460,122614,1,4,12,1,55,3,1,1,12,0,low,0.25,4.0
8461,122615,1,1,12,0,45,3,1,1,12,0,high,1.0,10.0
8462,122616,1,2,12,0,40,1,10,1,12,0,low,0.5,18.0
8463,122617,1,1,12,0,70,1,10,1,12,0,high,1.0,10.0
8464,122618,1,1,12,0,45,2,1,1,12,0,high,1.0,10.0
8465,122619,1,1,12,0,40,1,10,1,12,0,high,1.0,11.0
8466,122620,1,2,12,1,65,1,1,1,12,0,low,0.5,4.0
8467,122621,1,2,12,1,40,4,10,1,12,0,low,0.5,1.0
8468,122622,1,1,12,0,45,2,10,1,12,0,high,1.0,6.0
8469,122623,1,3,12,7,45,1,10,1,12,0,low,0.3333333333333333,4.0
8470,122624,1,7,12,1,98,2,1,1,12,1,low,0.14285714285714285,3.0
8471,122625,1,2,12,0,45,3,1,1,12,0,low,0.5,12.0
8472,122626,1,1,12,0,45,3,1,1,12,0,high,1.0,2.0
8473,122627,1,1,12,0,45,1,1,1,12,0,high,1.0,4.0
8474,122628,1,3,12,6,25,1,1,1,12,0,low,0.3333333333333333,4.0
8475,122629,1,1,12,0,45,3,1,1,12,0,high,1.0,10.0
8476,122630,1,5,12,6,55,2,10,1,12,0,low,0.2,10.0
8477,122631,1,3,12,2,55,2,1,1,12,1,low,0.3333333333333333,20.0
8478,122632,1,1,10,0,35,1,1,1,12,0,high,1.0,3.0
8479,122633,1,1,11,0,45,1,1,1,12,1,high,1.0,19.0
8480,122634,1,1,11,0,40,3,2,2,12,0,high,1.0,3.0
8481,122635,1,2,11,6,45,1,1,1,12,0,low,0.5,11.0
8482,122636,1,2,11,1,55,6,2,2,12,0,low,0.5,8.0
8483,122637,1,2,11,0,70,3,1,1,12,0,low,0.5,8.0
8484,122638,1,1,11,0,45,3,1,1,12,0,high,1.0,4.0
8485,122639,1,1,11,0,25,3,1,1,12,0,high,1.0,8.0
8486,122640,1,1,12,0,98,3,2,2,12,0,high,1.0,12.0
8487,122641,1,2,12,2,55,2,1,1,12,0,low,0.5,25.0
8488,122642,1,1,12,0,98,2,1,1,12,0,high,1.0,5.0
8489,122643,1,1,12,0,45,4,1,1,12,0,high,1.0,5.0
8490,122644,1,2,12,6,45,3,10,1,12,0,low,0.5,6.0
8491,122645,1,4,12,6,35,1,1,1,12,0,low,0.25,2.0
8492,122646,1,2,12,2,35,5,1,1,12,0,low,0.5,5.0
8493,122647,1,2,12,0,45,3,1,1,12,0,low,0.5,4.0
8494,122648,1,6,12,1,55,5,1,1,12,0,low,0.16666666666666666,4.0
8495,122649,1,1,12,0,30,3,1,1,12,0,high,1.0,5.0
8496,122650,1,1,12,0,45,3,1,1,12,0,high,1.0,11.0
8497,122651,1,1,12,0,40,3,1,1,12,0,high,1.0,2.0
8498,122652,1,11,12,1,70,1,1,1,12,0,low,0.09090909090909091,10.0
8499,122653,2,4,12,1,70,2,1,1,12,1,low,0.5,8.0
8500,122654,1,1,12,0,50,3,1,1,12,0,high,1.0,72.0
8501,122655,1,1,12,0,45,3,1,1,12,0,high,1.0,14.0
8502,122658,1,3,12,6,55,1,1,1,12,1,low,0.3333333333333333,10.0
8503,122659,1,1,12,0,45,3,1,1,12,0,high,1.0,5.0
8504,122660,1,4,12,6,45,1,1,1,12,2,low,0.25,13.0
8505,122661,1,1,12,0,45,3,1,1,12,0,high,1.0,8.0
8506,122662,1,6,12,6,30,3,1,1,12,0,low,0.16666666666666666,11.0
8507,122663,1,1,12,0,25,5,10,1,12,0,high,1.0,15.0
8508,122664,1,1,12,0,45,3,1,1,12,0,high,1.0,46.0
8509,122665,1,2,12,6,45,1,1,1,12,0,low,0.5,4.0
8510,122666,1,3,12,0,45,2,1,1,12,0,low,0.3333333333333333,2.0
8511,122667,1,1,11,0,35,1,1,1,12,0,high,1.0,3.0
8512,122668,4,4,12,2,60,2,1,1,12,1,high,1.0,3.0
8513,122669,1,1,10,0,45,3,1,1,12,0,high,1.0,5.0
8514,122670,1,3,10,0,35,5,1,1,12,1,low,0.3333333333333333,2.0
8515,122671,1,1,8,0,40,1,1,1,12,0,high,1.0,18.0
8516,122672,2,2,11,0,25,3,1,1,12,0,high,1.0,5.0
8517,122673,1,1,11,0,99,3,1,1,12,0,high,1.0,8.0
8518,122674,1,2,11,0,35,3,1,1,12,0,low,0.5,10.0
8519,122675,1,2,12,0,98,1,1,1,12,0,low,0.5,11.0
8520,122676,1,2,2,6,45,3,1,1,12,0,low,0.5,38.0
8521,122677,1,1,7,0,35,3,1,1,12,0,high,1.0,3.0
8522,122678,1,1,9,0,30,1,1,1,12,0,high,1.0,1.0
8523,122679,1,4,10,0,45,3,1,1,12,0,low,0.25,1.0
8524,122680,1,2,10,6,50,1,1,1,12,0,low,0.5,14.0
8525,122681,1,2,11,6,98,1,1,1,12,0,low,0.5,12.0
8526,122682,1,2,11,0,98,3,1,1,12,1,low,0.5,2.0
8527,122683,1,2,12,2,35,1,1,1,12,0,low,0.5,4.0
8528,122684,1,1,12,0,55,2,1,1,12,0,high,1.0,6.0
8529,122685,1,2,12,6,65,2,1,1,12,0,low,0.5,11.0
8530,122686,1,1,12,0,45,2,1,1,12,0,high,1.0,5.0
8531,122687,1,1,12,0,45,5,1,1,12,0,high,1.0,6.0
8532,122688,1,1,12,0,40,4,1,1,12,0,high,1.0,4.0
8533,122689,1,3,12,6,40,1,1,1,12,0,low,0.3333333333333333,1.0
8534,122690,1,1,12,0,55,2,1,1,12,0,high,1.0,11.0
8535,122691,1,2,12,1,55,3,1,1,12,0,low,0.5,7.0
8536,122692,1,10,12,6,98,2,1,1,12,0,low,0.1,6.0
8537,122693,1,1,12,0,25,3,1,1,12,0,high,1.0,8.0
8538,122694,1,3,12,0,70,6,10,2,12,1,low,0.3333333333333333,7.0
8539,122695,1,5,12,1,45,1,1,1,12,0,low,0.2,2.0
8540,122696,1,1,12,0,20,1,1,1,12,0,high,1.0,12.0
8541,122697,1,3,12,6,35,1,1,1,12,0,low,0.3333333333333333,5.0
8542,122698,1,2,12,0,45,2,1,1,12,1,low,0.5,7.0
8543,122699,1,1,12,0,30,1,1,1,12,0,high,1.0,2.0
8544,122700,1,2,12,0,45,3,1,1,12,0,low,0.5,10.0
8545,122701,1,3,12,0,30,1,1,1,12,0,low,0.3333333333333333,4.0
8546,122702,1,1,12,0,55,3,1,1,12,1,high,1.0,8.0
8547,122703,1,6,12,2,25,1,1,1,12,1,low,0.16666666666666666,4.0
8548,122704,1,3,12,1,45,2,1,1,12,1,low,0.3333333333333333,59.0
8549,122705,1,4,12,6,40,3,10,1,12,1,low,0.25,14.0
8550,122706,1,3,12,1,98,3,1,1,12,0,low,0.3333333333333333,4.0
8551,122707,1,6,12,0,40,3,1,1,12,2,low,0.16666666666666666,25.0
8552,122708,1,3,12,1,65,1,1,1,12,0,low,0.3333333333333333,7.0
8553,122709,1,2,12,0,35,3,1,1,12,0,low,0.5,7.0
8554,122710,1,2,10,6,35,1,1,1,12,0,low,0.5,7.0
8555,122711,1,1,7,0,70,1,1,1,12,0,high,1.0,12.0
8556,122712,1,2,8,6,35,1,10,1,12,0,low,0.5,10.0
8557,122713,1,1,8,0,40,3,10,1,12,0,high,1.0,70.0
8558,122714,1,2,10,6,45,5,1,1,12,0,low,0.5,14.0
8559,122715,1,2,10,6,30,1,1,1,12,0,low,0.5,13.0
8560,122716,1,1,11,0,45,1,1,1,12,0,high,1.0,8.0
8561,122717,1,4,12,6,45,3,1,1,12,0,low,0.25,12.0
8562,122718,1,1,10,0,40,2,1,1,12,0,high,1.0,9.0
8563,122719,1,1,10,0,25,1,1,1,12,0,high,1.0,1.0
8564,122720,1,1,12,0,25,3,5,1,12,0,high,1.0,7.0
8565,122721,1,1,12,0,45,1,1,1,12,0,high,1.0,0.0
8566,122722,1,1,12,0,35,3,10,2,12,0,high,1.0,4.0
8567,122723,1,6,12,1,40,3,1,1,12,0,low,0.16666666666666666,9.0
8568,122724,1,10,9,6,35,1,1,1,12,0,low,0.1,5.0
8569,122725,1,1,9,0,35,3,1,1,12,0,high,1.0,3.0
8570,122726,1,3,12,2,45,3,1,1,12,1,low,0.3333333333333333,16.0
8571,122727,1,1,11,0,30,3,1,1,12,0,high,1.0,1.0
8572,122728,1,2,10,2,30,1,1,1,12,0,low,0.5,4.0
8573,122729,1,4,12,6,30,3,1,1,12,0,low,0.25,3.0
8574,122730,1,3,8,2,45,1,1,1,12,0,low,0.3333333333333333,6.0
8575,122731,1,7,11,6,35,1,1,1,12,0,low,0.14285714285714285,5.0
8576,122732,1,3,8,6,30,1,1,1,12,0,low,0.3333333333333333,6.0
8577,122733,1,1,9,0,45,2,10,1,12,0,high,1.0,5.0
8578,122734,1,1,11,0,45,4,1,1,12,0,high,1.0,5.0
8579,122735,1,2,2,0,45,3,5,1,12,0,low,0.5,7.0
8580,122736,1,5,10,6,45,5,1,1,12,0,low,0.2,6.0
8581,122737,1,5,4,0,35,2,10,1,12,1,low,0.2,10.0
8582,122738,1,3,5,1,55,1,1,1,12,1,low,0.3333333333333333,12.0
8583,122739,1,2,3,0,0,2,1,0,12,0,low,0.5,2.0
8584,122740,1,1,5,0,45,1,1,1,12,0,high,1.0,6.0
8585,122741,2,2,3,2,45,1,1,1,12,1,high,1.0,4.0
8586,122742,1,4,3,1,55,3,1,1,12,1,low,0.25,20.0
8587,122743,1,4,9,6,45,1,1,1,12,0,low,0.25,1.0
8588,122744,1,1,10,0,40,3,10,1,12,0,high,1.0,4.0
8589,122745,1,1,10,0,35,2,1,1,12,0,high,1.0,1.0
8590,122746,1,5,11,0,35,1,1,1,12,0,low,0.2,3.0
8591,122747,1,4,12,6,50,1,1,1,12,0,low,0.25,1.0
8592,122748,1,2,12,1,45,2,1,1,12,0,low,0.5,43.0
8593,122749,1,1,12,0,45,3,10,1,12,0,high,1.0,2.0
8594,122750,1,2,11,2,45,1,10,1,12,0,low,0.5,12.0
8595,122751,1,1,11,0,35,3,1,1,12,0,high,1.0,27.0
8596,122752,1,6,9,6,40,1,1,1,12,0,low,0.16666666666666666,19.0
8597,122753,1,1,11,0,20,3,1,1,12,0,high,1.0,9.0
8598,122754,1,5,3,6,30,1,1,1,12,0,low,0.2,30.0
8599,122755,1,1,12,0,45,1,10,1,12,0,high,1.0,11.0
8600,122756,1,1,10,0,98,3,1,1,12,0,high,1.0,5.0
8601,122757,1,1,5,0,35,3,1,1,12,1,high,1.0,26.0
8602,122758,1,6,4,2,45,3,5,2,12,0,low,0.16666666666666666,18.0
8603,122759,3,3,4,0,35,3,1,1,12,0,high,1.0,6.0
8604,122760,1,2,5,0,40,1,1,1,12,0,low,0.5,34.0
8605,122761,1,6,7,2,30,1,1,1,12,0,low,0.16666666666666666,18.0
8606,122762,1,1,9,0,30,3,1,1,12,0,high,1.0,7.0
8607,122763,1,1,10,0,45,3,1,1,12,0,high,1.0,12.0
8608,122764,1,2,9,6,35,3,1,1,12,0,low,0.5,7.0
8609,122765,1,1,3,0,30,3,1,1,12,1,high,1.0,8.0
8610,122766,1,1,5,0,30,1,1,1,12,0,high,1.0,17.0
8611,122767,1,3,11,6,30,3,1,1,12,0,low,0.3333333333333333,6.0
8612,122768,1,1,12,0,65,3,1,1,12,0,high,1.0,1.0
8613,122769,1,2,12,0,45,4,10,1,12,0,low,0.5,10.0
8614,122770,1,1,12,0,45,4,10,1,12,0,high,1.0,5.0
8615,122771,1,1,12,0,35,3,1,1,12,0,high,1.0,3.0
8616,122772,1,2,5,6,35,3,1,1,12,1,low,0.5,3.0
8617,122773,1,5,12,1,55,1,1,1,12,0,low,0.2,4.0
8618,122774,1,1,10,0,45,3,1,1,12,0,high,1.0,2.0
8619,122775,1,3,12,6,45,1,1,1,12,0,low,0.3333333333333333,0.0
8620,122776,1,1,12,0,98,2,10,2,12,0,high,1.0,11.0
8621,122777,1,2,12,6,45,1,10,1,12,0,low,0.5,3.0
8622,122778,1,1,4,0,55,2,1,1,12,0,high,1.0,5.0
8623,122779,1,5,12,0,45,3,1,1,12,0,low,0.2,6.0
8624,122780,1,8,12,6,45,1,1,1,12,0,low,0.125,7.0
8625,122781,1,3,12,0,50,5,1,1,12,0,low,0.3333333333333333,3.0
8626,122782,1,1,12,0,40,2,1,1,12,0,high,1.0,8.0
8627,122783,1,2,12,0,40,5,1,1,12,0,low,0.5,9.0
8628,122784,1,1,12,0,55,3,1,1,12,1,high,1.0,11.0
8629,122785,1,1,12,0,65,3,1,1,12,0,high,1.0,6.0
8630,122786,1,1,10,0,45,2,1,1,12,0,high,1.0,11.0
8631,122787,1,3,7,6,98,3,1,1,12,0,low,0.3333333333333333,20.0
8632,122788,1,1,3,0,98,1,10,1,12,0,high,1.0,11.0
8633,122789,1,1,8,0,35,1,1,1,12,0,high,1.0,12.0
8634,122790,1,2,9,0,30,4,1,1,12,0,low,0.5,0.0
8635,122791,1,1,9,0,30,3,2,2,12,0,high,1.0,52.0
8636,122792,1,2,11,0,40,3,1,1,12,0,low,0.5,4.0
8637,122793,1,3,5,6,40,1,1,1,12,0,low,0.3333333333333333,16.0
8638,122794,1,1,7,0,30,3,1,1,12,0,high,1.0,8.0
8639,122795,1,1,12,0,35,1,1,1,12,0,high,1.0,3.0
8640,122796,1,1,12,0,40,3,10,1,12,0,high,1.0,3.0
8641,122797,1,3,12,6,40,3,1,1,12,0,low,0.3333333333333333,4.0
8642,122798,1,3,12,6,45,3,1,1,12,0,low,0.3333333333333333,5.0
8643,122799,1,2,4,6,30,1,1,1,12,0,low,0.5,2.0
8644,122800,1,1,12,0,35,2,1,1,12,1,high,1.0,12.0
8645,122801,1,1,4,0,45,4,1,1,12,0,high,1.0,7.0
8646,122802,1,1,11,0,40,2,1,1,12,0,high,1.0,10.0
8647,122803,1,6,11,6,35,1,1,1,12,0,low,0.16666666666666666,22.0
8648,122804,1,1,12,0,98,3,1,1,12,0,high,1.0,23.0
8649,122805,2,2,12,0,10,2,1,1,12,0,high,1.0,3.0
8650,122806,1,3,12,6,40,1,1,1,12,0,low,0.3333333333333333,13.0
8651,122807,1,1,5,0,40,1,1,1,12,0,high,1.0,8.0
8652,122808,1,2,2,0,30,1,1,1,12,0,low,0.5,6.0
8653,130001,1,1,1,0,55,2,10,1,13,1,high,1.0,7.0
8654,130002,1,1,1,0,35,2,1,1,13,1,high,1.0,8.0
8655,130003,1,2,1,0,45,1,10,1,13,0,low,0.5,17.0
8656,130004,1,2,1,2,35,1,10,1,13,0,low,0.5,10.0
8657,130005,1,2,1,0,55,1,2,2,13,0,low,0.5,11.0
8658,130006,2,2,1,0,55,2,2,2,13,0,high,1.0,7.0
8659,130007,1,2,1,1,45,2,5,2,13,0,low,0.5,1.0
8660,130008,1,1,1,0,40,3,2,2,13,0,high,1.0,6.0
8661,130009,1,3,1,0,55,1,1,2,13,0,low,0.3333333333333333,4.0
8662,130010,2,5,1,2,55,1,10,1,13,0,low,0.4,31.0
8663,130011,1,1,1,0,98,2,10,1,13,0,high,1.0,8.0
8664,130012,1,2,1,0,35,3,1,1,13,0,low,0.5,7.0
8665,130013,1,6,1,1,45,1,1,1,13,0,low,0.16666666666666666,7.0
8666,130014,1,2,1,6,55,1,1,1,13,0,low,0.5,2.0
8667,130015,1,1,1,0,65,2,1,1,13,0,high,1.0,2.0
8668,130016,1,1,1,0,30,1,1,1,13,0,high,1.0,2.0
8669,130017,1,1,1,0,45,2,1,1,13,0,high,1.0,7.0
8670,130018,2,4,1,2,55,5,1,1,13,0,low,0.5,10.0
8671,130019,1,8,1,1,55,1,1,1,13,0,low,0.125,9.0
8672,130020,1,2,1,6,55,2,1,1,13,0,low,0.5,3.0
8673,130021,1,1,1,0,65,2,1,1,13,0,high,1.0,5.0
8674,130022,1,1,1,0,45,1,1,1,13,0,high,1.0,2.0
8675,130023,1,1,1,0,45,1,1,1,13,0,high,1.0,7.0
8676,130024,1,3,1,2,55,1,10,1,13,0,low,0.3333333333333333,7.0
8677,130025,1,1,1,0,30,4,1,1,13,0,high,1.0,5.0
8678,130026,1,1,1,0,45,2,1,1,13,1,high,1.0,9.0
8679,130027,1,3,1,2,45,2,1,1,13,1,low,0.3333333333333333,10.0
8680,130028,1,1,1,0,55,2,1,1,13,1,high,1.0,4.0
8681,130029,1,1,1,0,50,2,10,1,13,0,high,1.0,3.0
8682,130030,1,1,1,0,35,1,10,1,13,1,high,1.0,12.0
8683,130031,1,1,1,0,70,1,10,1,13,0,high,1.0,4.0
8684,130032,1,2,1,1,70,2,5,1,13,0,low,0.5,4.0
8685,130033,1,1,1,0,55,1,1,2,13,0,high,1.0,1.0
8686,130034,1,1,1,0,35,1,10,2,13,0,high,1.0,8.0
8687,130035,1,2,1,6,35,1,5,2,13,0,low,0.5,6.0
8688,130036,1,1,1,0,35,1,10,2,13,0,high,1.0,6.0
8689,130037,1,1,1,0,35,3,1,2,13,0,high,1.0,2.0
8690,130038,1,1,1,0,30,3,2,2,13,0,high,1.0,33.0
8691,130039,1,1,1,0,35,2,2,2,13,0,high,1.0,5.0
8692,130040,1,5,1,6,65,2,2,2,13,0,low,0.2,8.0
8693,130041,1,1,1,0,55,2,10,1,13,1,high,1.0,8.0
8694,130042,1,1,1,0,55,2,10,1,13,0,high,1.0,2.0
8695,130043,1,1,1,0,45,1,10,1,13,0,high,1.0,6.0
8696,130044,1,1,1,0,70,1,10,1,13,0,high,1.0,724.0
8697,130045,1,1,1,0,50,2,10,2,13,0,high,1.0,16.0
8698,130046,1,1,1,0,45,4,10,1,13,0,high,1.0,8.0
8699,130047,1,2,1,2,55,1,1,1,13,0,low,0.5,3.0
8700,130048,1,2,1,1,65,1,1,1,13,0,low,0.5,6.0
8701,130049,1,2,1,2,55,1,1,1,13,1,low,0.5,6.0
8702,130050,1,3,1,0,45,2,10,1,13,0,low,0.3333333333333333,62.0
8703,130051,1,5,1,1,55,3,1,1,13,1,low,0.2,9.0
8704,130052,1,1,1,0,45,2,1,1,13,0,high,1.0,8.0
8705,130053,1,2,1,0,55,2,1,1,13,0,low,0.5,2.0
8706,130054,1,1,1,0,55,2,1,1,13,0,high,1.0,3.0
8707,130055,1,2,1,1,55,1,1,1,13,0,low,0.5,17.0
8708,130056,1,1,1,0,40,2,1,1,13,1,high,1.0,5.0
8709,130057,1,2,1,0,40,2,1,1,13,0,low,0.5,8.0
8710,130058,1,2,1,7,35,1,1,1,13,0,low,0.5,12.0
8711,130059,1,1,1,0,70,1,1,1,13,0,high,1.0,7.0
8712,130060,1,2,1,0,55,1,1,1,13,0,low,0.5,9.0
8713,130061,2,3,1,0,45,1,1,1,13,0,high,0.6666666666666666,5.0
8714,130062,1,4,1,6,55,2,10,1,13,1,low,0.25,6.0
8715,130063,1,1,1,0,55,1,10,1,13,0,high,1.0,11.0
8716,130064,1,1,1,0,55,2,1,1,13,0,high,1.0,10.0
8717,130065,1,2,1,0,45,3,2,2,13,0,low,0.5,8.0