,ST_CASE,FATALS,PERSONS,MONTH,MAN_COLL,VSPD_LIM,LGT_COND,WEATHER,VSURCOND,STATE,DRUNK_DR,rate,rate_numerical,arrival_time
8718,130066,1,6,1,6,45,3,2,2,13,0,low,0.16666666666666666,14.0
8719,130067,1,4,1,2,45,2,10,2,13,1,low,0.25,7.0
8720,130068,1,3,1,8,45,2,2,2,13,0,low,0.3333333333333333,8.0
8721,130069,1,1,1,0,45,2,2,2,13,1,high,1.0,9.0
8722,130070,1,1,1,0,35,1,1,1,13,0,high,1.0,51.0
8723,130071,1,1,1,0,45,1,1,1,13,0,high,1.0,7.0
8724,130072,1,5,1,2,55,2,2,2,13,0,low,0.2,9.0
8725,130073,1,3,1,1,45,1,1,1,13,1,low,0.3333333333333333,5.0
8726,130074,1,2,1,6,55,2,1,1,13,1,low,0.5,6.0
8727,130075,1,5,1,1,55,2,2,2,13,2,low,0.2,12.0
8728,130076,1,1,1,0,55,1,1,1,13,0,high,1.0,5.0
8729,130077,1,1,1,0,30,1,1,1,13,0,high,1.0,10.0
8730,130078,1,6,1,6,45,1,1,1,13,0,low,0.16666666666666666,66.0
8731,130079,1,2,1,2,50,2,2,2,13,0,low,0.5,6.0
8732,130080,2,2,1,0,50,1,1,1,13,0,high,1.0,8.0
8733,130081,1,1,1,0,55,1,10,1,13,0,high,1.0,8.0
8734,130082,1,3,1,0,45,2,10,2,13,1,low,0.3333333333333333,12.0
8735,130083,1,1,1,0,55,2,1,1,13,0,high,1.0,5.0
8736,130084,1,1,1,0,35,2,1,1,13,0,high,1.0,40.0
8737,130085,1,2,1,6,0,1,1,0,13,0,low,0.5,16.0
8738,130086,1,3,1,1,70,1,10,1,13,0,low,0.3333333333333333,5.0
8739,130087,1,2,1,2,55,1,1,1,13,1,low,0.5,13.0
8740,130088,1,1,1,0,55,2,1,1,13,0,high,1.0,4.0
8741,130089,1,2,1,6,45,1,1,1,13,0,low,0.5,9.0
8742,130090,1,2,1,1,55,1,1,1,13,0,low,0.5,20.0
8743,130091,1,2,1,6,35,1,1,1,13,0,low,0.5,8.0
8744,130092,1,4,1,2,55,1,1,1,13,0,low,0.25,4.0
8745,130093,1,1,1,0,55,3,1,1,13,0,high,1.0,9.0
8746,130094,1,3,1,0,45,2,1,1,13,1,low,0.3333333333333333,13.0
8747,130095,1,2,1,0,55,2,1,1,13,0,low,0.5,7.0
8748,130096,1,1,2,0,65,2,1,1,13,1,high,1.0,15.0
8749,130097,1,3,2,0,70,1,2,2,13,0,low,0.3333333333333333,6.0
8750,130098,1,1,2,0,55,1,2,2,13,0,high,1.0,10.0
8751,130099,1,8,2,6,30,3,10,1,13,1,low,0.125,18.0
8752,130100,1,3,2,0,55,2,2,2,13,1,low,0.3333333333333333,3.0
8753,130101,1,2,2,0,55,1,1,1,13,1,low,0.5,10.0
8754,130102,1,2,2,6,55,1,1,1,13,0,low,0.5,10.0
8755,130103,1,1,2,0,25,1,1,1,13,0,high,1.0,12.0
8756,130105,2,3,2,2,65,2,10,2,13,1,high,0.6666666666666666,36.0
8757,130106,1,2,2,2,45,1,1,1,13,0,low,0.5,9.0
8758,130107,1,1,2,0,55,2,1,1,13,1,high,1.0,21.0
8759,130108,1,3,2,6,55,1,1,1,13,0,low,0.3333333333333333,18.0
8760,130110,1,2,2,0,45,1,10,1,13,0,low,0.5,4.0
8761,130111,1,2,2,2,55,1,1,1,13,0,low,0.5,4.0
8762,130112,1,2,2,1,55,2,1,1,13,1,low,0.5,1.0
8763,130113,1,2,2,0,35,3,1,1,13,0,low,0.5,16.0
8764,130114,1,5,2,7,65,1,1,1,13,0,low,0.2,0.0
8765,130115,1,3,2,7,35,1,1,1,13,0,low,0.3333333333333333,4.0
8766,130116,1,1,2,0,65,2,1,1,13,0,high,1.0,1.0
8767,130117,2,3,2,6,45,1,1,1,13,0,high,0.6666666666666666,9.0
8768,130118,1,1,2,0,45,3,1,1,13,1,high,1.0,4.0
8769,130119,1,1,2,0,35,1,1,1,13,0,high,1.0,1.0
8770,130120,1,1,2,0,45,3,1,1,13,0,high,1.0,15.0
8771,130121,1,1,2,0,30,1,1,1,13,0,high,1.0,19.0
8772,130122,2,3,2,6,35,2,1,1,13,0,high,0.6666666666666666,13.0
8773,130123,1,1,2,0,99,6,99,99,13,0,high,1.0,6.0
8774,130124,1,1,2,0,55,2,1,1,13,1,high,1.0,2.0
8775,130125,1,1,2,0,55,2,1,1,13,1,high,1.0,6.0
8776,130126,1,1,2,0,45,1,1,1,13,0,high,1.0,6.0
8777,130127,2,5,2,6,45,1,10,1,13,0,low,0.4,0.0
8778,130128,1,1,2,0,55,1,10,1,13,0,high,1.0,4.0
8779,130129,1,1,2,0,55,2,1,1,13,0,high,1.0,5.0
8780,130130,1,3,2,0,70,1,2,2,13,0,low,0.3333333333333333,5.0
8781,130131,1,1,2,0,45,2,1,1,13,0,high,1.0,1.0
8782,130132,1,3,2,0,45,1,2,2,13,0,low,0.3333333333333333,3.0
8783,130133,1,2,2,0,40,2,1,1,13,1,low,0.5,10.0
8784,130134,1,1,2,0,55,1,1,1,13,0,high,1.0,9.0
8785,130135,1,2,2,0,40,2,1,1,13,0,low,0.5,0.0
8786,130136,1,1,2,0,35,1,1,1,13,0,high,1.0,11.0
8787,130137,1,2,2,2,55,2,1,1,13,1,low,0.5,2.0
8788,130138,1,1,2,0,35,3,1,1,13,1,high,1.0,5.0
8789,130139,1,3,2,1,65,1,1,1,13,0,low,0.3333333333333333,20.0
8790,130140,1,2,2,0,55,2,1,1,13,0,low,0.5,17.0
8791,130141,1,3,2,6,45,2,1,1,13,0,low,0.3333333333333333,10.0
8792,130142,1,1,2,0,35,2,1,1,13,1,high,1.0,3.0
8793,130143,1,2,2,0,25,3,1,1,13,1,low,0.5,4.0
8794,130144,1,1,2,0,50,5,1,1,13,1,high,1.0,10.0
8795,130145,1,3,2,8,55,2,1,1,13,0,low,0.3333333333333333,12.0
8796,130146,1,6,2,7,70,2,1,1,13,1,low,0.16666666666666666,12.0
8797,130147,1,1,2,0,45,2,1,1,13,0,high,1.0,14.0
8798,130148,1,6,2,0,35,1,1,1,13,0,low,0.16666666666666666,11.0
8799,130149,1,2,2,0,45,2,1,1,13,0,low,0.5,8.0
8800,130150,1,2,2,0,45,3,1,1,13,0,low,0.5,3.0
8801,130151,1,1,2,0,55,2,2,2,13,1,high,1.0,5.0
8802,130152,1,6,2,6,55,1,10,1,13,0,low,0.16666666666666666,8.0
8803,130153,1,3,2,6,55,2,2,2,13,0,low,0.3333333333333333,7.0
8804,130154,1,2,2,0,45,2,1,1,13,1,low,0.5,3.0
8805,130155,1,1,2,0,35,1,10,1,13,0,high,1.0,6.0
8806,130156,1,3,2,2,55,2,10,1,13,0,low,0.3333333333333333,18.0
8807,130157,2,2,2,0,70,2,10,2,13,1,high,1.0,9.0
8808,130158,1,3,2,0,55,2,1,1,13,0,low,0.3333333333333333,5.0
8809,130159,1,3,2,2,45,2,1,1,13,1,low,0.3333333333333333,5.0
8810,130160,1,2,2,0,70,2,1,1,13,0,low,0.5,3.0
8811,130161,1,1,2,0,70,2,1,1,13,0,high,1.0,12.0
8812,130162,1,1,2,0,70,1,1,1,13,0,high,1.0,7.0
8813,130163,1,2,2,0,55,2,1,1,13,1,low,0.5,37.0
8814,130164,1,2,2,0,35,1,10,1,13,1,low,0.5,2.0
8815,130165,1,2,2,2,70,2,2,2,13,1,low,0.5,6.0
8816,130166,1,1,2,0,35,3,2,2,13,0,high,1.0,3.0
8817,130167,1,1,2,0,35,4,2,2,13,0,high,1.0,3.0
8818,130168,1,1,2,0,45,1,2,2,13,0,high,1.0,14.0
8819,130169,1,2,2,2,55,1,2,2,13,1,low,0.5,7.0
8820,130170,2,2,2,2,40,2,2,2,13,2,high,1.0,4.0
8821,130171,1,1,2,0,35,1,2,2,13,0,high,1.0,4.0
8822,130172,1,12,2,1,60,2,2,2,13,0,low,0.08333333333333333,107.0
8823,130173,1,1,2,0,55,2,2,2,13,1,high,1.0,3.0
8824,130174,1,2,2,6,45,2,2,2,13,0,low,0.5,16.0
8825,130175,1,5,2,1,70,2,2,2,13,0,low,0.2,1.0
8826,130176,1,2,2,0,45,2,2,2,13,0,low,0.5,3.0
8827,130177,2,3,2,2,55,1,2,2,13,1,high,0.6666666666666666,23.0
8828,130178,1,1,2,0,55,2,2,2,13,0,high,1.0,11.0
8829,130179,1,1,2,0,55,1,10,1,13,0,high,1.0,5.0
8830,130180,1,3,2,6,55,1,1,1,13,0,low,0.3333333333333333,9.0
8831,130181,1,3,2,0,45,1,10,2,13,1,low,0.3333333333333333,4.0
8832,130182,2,2,2,6,35,1,1,1,13,0,high,1.0,3.0
8833,130183,1,3,2,0,45,2,1,1,13,0,low,0.3333333333333333,9.0
8834,130184,1,1,2,0,55,3,1,1,13,1,high,1.0,10.0
8835,130185,1,3,2,2,55,2,10,1,13,0,low,0.3333333333333333,18.0
8836,130186,1,3,2,2,70,2,1,1,13,1,low,0.3333333333333333,12.0
8837,130187,1,2,2,6,35,1,1,1,13,1,low,0.5,23.0
8838,130188,1,1,2,0,45,3,1,1,13,0,high,1.0,4.0
8839,130189,1,3,2,0,45,3,1,1,13,0,low,0.3333333333333333,6.0
8840,130190,1,2,2,6,35,1,10,1,13,0,low,0.5,16.0
8841,130191,1,1,3,0,35,2,10,1,13,0,high,1.0,12.0
8842,130192,1,6,3,1,35,3,2,2,13,1,low,0.16666666666666666,8.0
8843,130193,1,2,3,6,45,1,10,1,13,1,low,0.5,7.0
8844,130194,4,8,3,2,70,1,1,1,13,0,low,0.5,4.0
8845,130195,1,1,3,0,45,2,10,2,13,0,high,1.0,0.0
8846,130196,1,8,3,2,45,2,5,2,13,0,low,0.125,4.0
8847,130197,1,1,3,0,45,2,2,2,13,0,high,1.0,2.0
8848,130198,1,2,3,6,45,3,10,1,13,1,low,0.5,13.0
8849,130199,1,10,3,7,70,1,5,2,13,0,low,0.1,4.0
8850,130200,1,1,3,0,45,1,1,1,13,0,high,1.0,11.0
8851,130201,1,2,3,6,45,3,2,2,13,0,low,0.5,13.0
8852,130202,1,2,3,6,35,1,10,2,13,0,low,0.5,11.0
8853,130203,1,2,3,1,70,2,1,1,13,0,low,0.5,8.0
8854,130204,1,1,3,0,55,1,10,1,13,0,high,1.0,8.0
8855,130205,1,4,3,2,55,2,10,1,13,0,low,0.25,10.0
8856,130206,1,1,3,0,55,1,5,2,13,0,high,1.0,18.0
8857,130207,1,1,3,0,45,2,1,1,13,0,high,1.0,12.0
8858,130208,2,2,3,0,55,1,1,1,13,0,high,1.0,10.0
8859,130209,1,2,3,8,45,3,1,1,13,1,low,0.5,2.0
8860,130210,2,6,3,2,55,2,1,1,13,1,low,0.3333333333333333,13.0
8861,130211,1,1,3,0,45,2,10,1,13,0,high,1.0,9.0
8862,130212,1,2,3,0,35,3,1,1,13,0,low,0.5,16.0
8863,130213,1,2,3,2,50,2,10,1,13,1,low,0.5,6.0
8864,130214,1,4,3,2,35,3,1,1,13,0,low,0.25,5.0
8865,130215,1,1,3,0,35,2,1,1,13,1,high,1.0,15.0
8866,130216,1,2,3,6,40,1,1,1,13,1,low,0.5,2.0
8867,130217,1,1,3,0,70,1,1,1,13,0,high,1.0,2.0
8868,130218,1,1,3,0,35,1,1,1,13,1,high,1.0,7.0
8869,130219,1,1,3,0,25,3,1,1,13,1,high,1.0,11.0
8870,130220,1,1,3,0,55,1,10,1,13,1,high,1.0,3.0
8871,130221,1,2,3,7,45,1,1,1,13,0,low,0.5,4.0
8872,130222,1,1,3,0,45,2,1,1,13,1,high,1.0,6.0
8873,130223,1,1,3,0,25,1,1,1,13,0,high,1.0,16.0
8874,130224,1,1,3,0,55,1,1,1,13,0,high,1.0,1.0
8875,130225,1,1,3,0,70,1,1,1,13,0,high,1.0,5.0
8876,130226,1,3,3,6,45,5,1,1,13,0,low,0.3333333333333333,20.0
8877,130227,1,2,3,0,40,1,10,1,13,0,low,0.5,6.0
8878,130228,1,1,3,0,45,2,1,1,13,0,high,1.0,25.0
8879,130229,1,1,3,0,35,1,1,1,13,0,high,1.0,5.0
8880,130230,1,1,3,0,55,1,10,1,13,0,high,1.0,1.0
8881,130231,1,1,3,0,55,1,10,1,13,0,high,1.0,3.0
8882,130232,1,1,3,0,55,2,10,1,13,1,high,1.0,11.0
8883,130233,1,2,3,0,45,2,5,1,13,0,low,0.5,6.0
8884,130234,1,1,3,0,55,2,10,2,13,0,high,1.0,7.0
8885,130235,1,1,3,0,45,2,10,1,13,0,high,1.0,9.0
8886,130236,1,2,3,6,45,5,10,1,13,0,low,0.5,1.0
8887,130237,1,7,3,2,45,1,10,1,13,0,low,0.14285714285714285,3.0
8888,130238,1,1,3,0,65,2,10,1,13,0,high,1.0,11.0
8889,130239,1,1,3,0,45,2,1,1,13,0,high,1.0,14.0
8890,130240,1,1,3,0,35,2,2,2,13,0,high,1.0,4.0
8891,130241,1,2,3,0,55,2,1,1,13,1,low,0.5,11.0
8892,130242,2,8,3,6,45,2,10,2,13,1,low,0.25,8.0
8893,130243,1,1,3,0,35,3,1,1,13,1,high,1.0,6.0
8894,130244,1,1,3,0,55,2,1,1,13,0,high,1.0,36.0
8895,130245,1,1,3,0,55,2,1,1,13,0,high,1.0,5.0
8896,130246,1,1,3,0,45,1,1,1,13,0,high,1.0,64.0
8897,130247,2,2,3,0,35,1,1,1,13,0,high,1.0,40.0
8898,130248,1,2,3,1,65,4,1,1,13,0,low,0.5,5.0
8899,130249,2,4,3,6,45,3,1,1,13,0,low,0.5,8.0
8900,130250,1,3,3,8,45,1,1,1,13,1,low,0.3333333333333333,7.0
8901,130251,1,7,3,1,70,1,1,1,13,1,low,0.14285714285714285,4.0
8902,130252,1,4,3,2,45,1,1,1,13,0,low,0.25,13.0
8903,130253,1,10,3,2,65,3,1,1,13,1,low,0.1,14.0
8904,130254,1,2,3,6,0,2,1,0,13,0,low,0.5,4.0
8905,130255,1,3,3,6,45,1,1,1,13,0,low,0.3333333333333333,0.0
8906,130256,1,1,3,0,55,1,1,1,13,0,high,1.0,10.0
8907,130257,1,2,3,6,55,2,1,1,13,0,low,0.5,12.0
8908,130258,1,1,3,0,55,2,1,1,13,0,high,1.0,4.0
8909,130259,1,1,3,0,55,1,1,1,13,0,high,1.0,10.0
8910,130260,1,2,3,6,30,1,1,1,13,0,low,0.5,4.0
8911,130261,1,1,3,0,30,1,1,1,13,0,high,1.0,26.0
8912,130262,1,3,3,1,55,1,1,1,13,0,low,0.3333333333333333,9.0
8913,130263,1,1,3,0,55,1,2,2,13,0,high,1.0,51.0
8914,130264,1,2,3,2,35,2,1,1,13,1,low,0.5,14.0
8915,130265,1,1,3,0,35,3,1,1,13,0,high,1.0,10.0
8916,130266,1,1,3,0,45,2,10,1,13,0,high,1.0,2.0
8917,130267,1,2,3,1,65,3,1,1,13,1,low,0.5,22.0
8918,130268,1,1,3,0,45,2,10,2,13,1,high,1.0,18.0
8919,130269,1,3,3,6,30,1,10,1,13,0,low,0.3333333333333333,4.0
8920,130270,1,5,3,2,55,1,1,1,13,0,low,0.2,10.0
8921,130271,1,3,3,0,35,1,2,2,13,0,low,0.3333333333333333,10.0
8922,130272,1,3,3,0,45,3,2,2,13,0,low,0.3333333333333333,5.0
8923,130273,1,1,3,0,45,2,2,2,13,0,high,1.0,5.0
8924,130274,1,4,3,1,55,1,2,2,13,0,low,0.25,10.0
8925,130275,1,6,3,2,55,1,10,2,13,1,low,0.16666666666666666,3.0
8926,130276,1,1,3,0,25,2,1,1,13,0,high,1.0,7.0
8927,130277,1,1,3,0,65,3,1,1,13,0,high,1.0,14.0
8928,130278,1,1,3,0,35,3,2,2,13,0,high,1.0,10.0
8929,130279,2,2,3,0,65,1,10,1,13,0,high,1.0,9.0
8930,130280,1,3,3,0,55,1,1,1,13,0,low,0.3333333333333333,16.0
8931,130281,1,4,3,0,45,1,10,1,13,1,low,0.25,17.0
8932,130282,1,1,3,0,65,1,10,1,13,0,high,1.0,2.0
8933,130283,1,2,3,2,55,1,1,1,13,0,low,0.5,2.0
8934,130284,1,2,3,0,45,3,1,1,13,0,low,0.5,9.0
8935,130285,1,1,3,0,35,1,10,2,13,0,high,1.0,6.0
8936,130286,1,3,3,6,30,1,1,1,13,0,low,0.3333333333333333,27.0
8937,130287,1,2,3,0,35,1,1,1,13,0,low,0.5,17.0
8938,130288,1,1,3,0,35,3,1,1,13,1,high,1.0,7.0
8939,130289,1,2,3,2,40,2,2,2,13,0,low,0.5,16.0
8940,130290,1,1,3,0,55,4,2,2,13,1,high,1.0,2.0
8941,130291,1,1,3,0,45,1,1,1,13,0,high,1.0,12.0
8942,130292,1,6,3,6,45,2,10,1,13,1,low,0.16666666666666666,9.0
8943,130293,1,2,3,6,45,1,1,1,13,0,low,0.5,5.0
8944,130294,1,2,3,0,55,1,1,1,13,0,low,0.5,2.0
8945,130295,1,2,1,6,55,1,1,1,13,0,low,0.5,20.0
8946,130296,1,3,1,1,65,2,1,1,13,0,low,0.3333333333333333,4.0
8947,130297,1,3,1,0,45,1,1,1,13,0,low,0.3333333333333333,46.0
8948,130298,1,2,2,1,65,1,1,1,13,0,low,0.5,6.0
8949,130299,1,1,2,0,35,2,1,1,13,0,high,1.0,105.0
8950,130300,1,1,2,0,55,5,10,1,13,0,high,1.0,5.0
8951,130301,1,3,3,6,55,4,1,1,13,0,low,0.3333333333333333,6.0
8952,130302,1,1,4,0,40,3,1,1,13,0,high,1.0,6.0
8953,130303,1,3,3,6,40,1,1,1,13,0,low,0.3333333333333333,6.0
8954,130304,1,2,4,1,55,1,1,1,13,1,low,0.5,3.0
8955,130305,1,1,4,0,45,3,1,1,13,0,high,1.0,8.0
8956,130306,1,7,4,1,70,1,1,1,13,0,low,0.14285714285714285,3.0
8957,130307,1,1,4,0,25,1,1,1,13,0,high,1.0,1.0
8958,130308,1,1,4,0,35,2,1,1,13,1,high,1.0,46.0
8959,130309,1,4,4,6,55,1,1,1,13,0,low,0.25,2.0
8960,130310,1,3,4,6,55,1,1,1,13,0,low,0.3333333333333333,4.0
8961,130311,1,6,4,1,70,2,1,1,13,0,low,0.16666666666666666,16.0
8962,130312,1,1,4,0,45,1,1,1,13,0,high,1.0,8.0
8963,130313,1,4,4,7,45,1,1,1,13,0,low,0.25,8.0
8964,130314,1,5,4,1,55,1,10,1,13,0,low,0.2,9.0
8965,130315,2,3,4,6,99,1,1,1,13,0,high,0.6666666666666666,11.0
8966,130316,1,1,4,0,55,2,5,1,13,0,high,1.0,23.0
8967,130317,1,1,4,0,35,2,2,2,13,0,high,1.0,29.0
8968,130318,2,2,4,2,55,1,1,1,13,0,high,1.0,7.0
8969,130319,1,1,4,0,45,2,1,1,13,1,high,1.0,10.0
8970,130320,1,1,4,0,55,1,1,1,13,0,high,1.0,7.0
8971,130321,1,1,4,0,35,2,1,1,13,1,high,1.0,6.0
8972,130322,1,1,4,0,45,2,2,2,13,0,high,1.0,11.0
8973,130323,1,2,4,2,45,1,1,1,13,0,low,0.5,8.0
8974,130324,1,2,4,2,45,1,1,1,13,1,low,0.5,13.0
8975,130325,1,7,4,6,55,1,10,1,13,0,low,0.14285714285714285,2.0
8976,130326,1,1,4,0,25,2,1,1,13,1,high,1.0,5.0
8977,130327,1,4,4,6,40,1,10,1,13,0,low,0.25,11.0
8978,130328,3,12,4,0,70,2,1,1,13,0,low,0.25,6.0
8979,130329,1,2,4,0,70,2,1,2,13,0,low,0.5,15.0
8980,130330,1,2,4,0,55,1,1,1,13,1,low,0.5,33.0
8981,130331,1,1,4,0,55,1,1,1,13,0,high,1.0,6.0
8982,130332,1,2,4,6,55,1,10,1,13,0,low,0.5,4.0
8983,130333,1,2,4,6,50,1,1,1,13,0,low,0.5,4.0
8984,130334,2,4,4,0,70,1,1,1,13,0,low,0.5,6.0
8985,130335,1,2,4,2,45,1,1,1,13,0,low,0.5,7.0
8986,130336,1,1,4,0,55,1,1,1,13,0,high,1.0,3.0
8987,130337,2,4,4,0,45,1,1,1,13,1,low,0.5,11.0
8988,130338,1,1,4,0,45,1,10,1,13,0,high,1.0,19.0
8989,130339,1,2,4,7,65,1,1,1,13,0,low,0.5,10.0
8990,130340,1,2,4,7,70,1,1,1,13,0,low,0.5,11.0
8991,130341,1,1,4,0,35,1,1,1,13,0,high,1.0,12.0
8992,130342,1,4,4,8,45,1,1,1,13,0,low,0.25,8.0
8993,130343,1,1,4,0,55,1,1,1,13,0,high,1.0,10.0
8994,130344,1,1,4,0,55,2,10,1,13,0,high,1.0,8.0
8995,130345,1,2,4,0,35,1,1,1,13,0,low,0.5,4.0
8996,130346,1,1,4,0,70,3,1,1,13,1,high,1.0,40.0
8997,130347,1,2,4,2,55,1,1,1,13,1,low,0.5,9.0
8998,130348,1,1,4,0,55,4,1,1,13,0,high,1.0,8.0
8999,130349,3,6,4,6,45,2,1,1,13,0,low,0.5,1.0
9000,130350,1,1,4,0,45,2,10,1,13,0,high,1.0,13.0
9001,130351,1,1,4,0,30,2,10,1,13,0,high,1.0,3.0
9002,130352,1,2,4,0,55,2,10,1,13,1,low,0.5,3.0
9003,130353,1,1,4,0,70,1,1,1,13,1,high,1.0,10.0
9004,130354,1,2,4,0,55,1,10,1,13,0,low,0.5,6.0
9005,130355,1,2,4,6,55,1,10,2,13,0,low,0.5,2.0
9006,130356,1,1,4,0,70,1,2,2,13,0,high,1.0,8.0
9007,130357,1,3,1,2,35,1,10,1,13,0,low,0.3333333333333333,408.0
9008,130358,1,3,1,2,45,1,2,2,13,0,low,0.3333333333333333,1.0
9009,130359,1,2,1,0,35,1,1,1,13,0,low,0.5,127.0
9010,130360,2,2,3,0,25,1,2,2,13,0,high,1.0,8.0
9011,130361,1,1,3,0,45,2,1,1,13,0,high,1.0,1.0
9012,130362,1,2,3,6,35,1,1,1,13,0,low,0.5,5.0
9013,130363,1,1,3,0,70,1,1,1,13,0,high,1.0,8.0
9014,130364,1,1,3,0,55,2,1,1,13,0,high,1.0,5.0
9015,130365,1,1,4,0,55,3,2,2,13,0,high,1.0,9.0
9016,130366,1,1,4,0,30,2,10,2,13,0,high,1.0,7.0
9017,130367,1,2,4,0,45,3,10,1,13,0,low,0.5,9.0
9018,130368,1,2,4,0,50,1,2,2,13,0,low,0.5,8.0
9019,130369,1,3,4,1,70,3,2,2,13,1,low,0.3333333333333333,5.0
9020,130370,1,2,4,6,65,1,10,2,13,0,low,0.5,12.0
9021,130371,1,2,4,6,65,2,1,1,13,0,low,0.5,7.0
9022,130372,1,1,4,0,55,1,2,2,13,0,high,1.0,8.0
9023,130373,1,3,4,0,45,2,10,1,13,0,low,0.3333333333333333,4.0
9024,130374,2,3,4,0,45,1,2,2,13,0,high,0.6666666666666666,6.0
9025,130375,1,2,4,0,55,1,1,2,13,1,low,0.5,6.0
9026,130376,1,3,4,6,65,3,2,2,13,0,low,0.3333333333333333,6.0
9027,130377,1,1,4,0,55,2,2,2,13,0,high,1.0,4.0
9028,130378,1,2,4,2,55,2,2,2,13,0,low,0.5,5.0
9029,130379,1,2,4,6,25,3,10,2,13,0,low,0.5,6.0
9030,130380,1,4,4,0,35,1,2,2,13,0,low,0.25,9.0
9031,130381,1,2,4,1,65,2,10,1,13,0,low,0.5,7.0
9032,130382,1,2,4,0,45,2,2,2,13,0,low,0.5,240.0
9033,130383,1,1,4,0,45,1,10,1,13,0,high,1.0,9.0
9034,130384,1,4,4,0,35,1,1,1,13,0,low,0.25,65.0
9035,130385,5,12,4,1,70,2,1,1,13,0,low,0.4166666666666667,4.0
9036,130386,1,6,4,0,45,2,2,2,13,0,low,0.16666666666666666,17.0
9037,130387,1,1,4,0,35,1,1,1,13,0,high,1.0,4.0
9038,130388,1,2,4,6,45,1,1,1,13,0,low,0.5,20.0
9039,130389,1,5,4,1,45,2,1,1,13,0,low,0.2,1.0
9040,130390,1,3,4,6,40,1,1,1,13,0,low,0.3333333333333333,5.0
9041,130391,1,1,4,0,55,2,1,1,13,0,high,1.0,3.0
9042,130392,1,2,4,0,55,2,1,1,13,0,low,0.5,25.0
9043,130393,1,1,4,0,35,2,1,1,13,1,high,1.0,11.0
9044,130394,1,2,4,0,55,2,1,1,13,0,low,0.5,17.0
9045,130395,1,1,4,0,70,2,10,1,13,0,high,1.0,9.0
9046,130396,1,4,4,6,25,1,1,1,13,0,low,0.25,10.0
9047,130397,1,2,4,6,45,3,1,1,13,0,low,0.5,2.0
9048,130398,2,3,4,2,45,2,1,1,13,1,high,0.6666666666666666,13.0
9049,130399,1,3,4,2,55,2,1,1,13,0,low,0.3333333333333333,17.0
9050,130400,1,1,4,0,35,1,1,1,13,0,high,1.0,7.0
9051,130401,1,4,4,1,65,2,1,1,13,0,low,0.25,37.0
9052,130402,1,4,4,2,45,3,1,1,13,0,low,0.25,8.0
9053,130403,1,1,4,0,35,1,1,1,13,0,high,1.0,5.0
9054,130404,1,1,4,0,35,3,1,1,13,1,high,1.0,0.0
9055,130405,1,2,4,2,45,2,1,1,13,1,low,0.5,7.0
9056,130406,1,1,4,0,35,1,1,11,13,1,high,1.0,7.0
9057,130407,1,1,4,0,55,1,1,1,13,0,high,1.0,11.0
9058,130408,1,1,4,0,35,3,1,1,13,0,high,1.0,3.0
9059,130409,1,2,4,6,45,1,1,1,13,0,low,0.5,8.0
9060,130410,1,2,4,7,35,2,1,2,13,0,low,0.5,0.0
9061,130411,1,5,4,6,45,1,1,1,13,0,low,0.2,2.0
9062,130412,1,2,4,0,20,1,10,1,13,0,low,0.5,10.0
9063,130413,1,1,4,0,35,2,10,1,13,0,high,1.0,4.0
9064,130414,1,2,4,0,45,1,10,1,13,0,low,0.5,1.0
9065,130415,1,1,4,0,65,1,1,1,13,0,high,1.0,1.0
9066,130416,1,3,4,0,45,1,1,1,13,0,low,0.3333333333333333,9.0
9067,130417,1,1,4,0,55,1,1,1,13,1,high,1.0,5.0
9068,130418,1,1,3,0,45,1,10,2,13,0,high,1.0,38.0
9069,130419,1,7,1,7,70,3,1,1,13,0,low,0.14285714285714285,2.0
9070,130420,1,2,3,0,25,1,10,1,13,0,low,0.5,1.0
9071,130421,1,2,4,2,45,1,1,1,13,0,low,0.5,14.0
9072,130422,1,1,5,0,35,3,1,1,13,0,high,1.0,28.0
9073,130423,1,3,5,6,55,2,1,1,13,0,low,0.3333333333333333,51.0
9074,130424,1,1,5,0,55,2,10,1,13,1,high,1.0,8.0
9075,130425,1,2,5,0,45,1,1,1,13,0,low,0.5,6.0
9076,130426,1,2,5,0,55,2,1,1,13,1,low,0.5,4.0
9077,130427,1,2,5,2,55,1,1,1,13,0,low,0.5,7.0
9078,130428,1,4,5,6,55,2,1,1,13,0,low,0.25,6.0
9079,130430,1,1,5,0,45,3,1,1,13,1,high,1.0,4.0
9080,130431,1,1,5,0,55,1,1,1,13,0,high,1.0,18.0
9081,130432,1,4,5,6,25,1,1,1,13,0,low,0.25,10.0
9082,130433,2,4,5,0,45,2,1,1,13,1,low,0.5,3.0
9083,130434,1,1,5,7,45,3,1,1,13,1,high,1.0,19.0
9084,130435,1,1,5,0,40,3,10,1,13,0,high,1.0,9.0
9085,130436,1,1,5,0,45,1,1,1,13,0,high,1.0,3.0
9086,130437,1,1,5,0,55,1,1,1,13,0,high,1.0,9.0
9087,130439,1,2,5,2,65,2,10,1,13,0,low,0.5,3.0
9088,130440,1,3,5,11,55,1,1,1,13,0,low,0.3333333333333333,10.0
9089,130441,1,1,5,0,70,1,10,1,13,1,high,1.0,17.0
9090,130442,1,1,5,0,35,1,1,1,13,1,high,1.0,3.0
9091,130443,1,2,5,0,55,1,2,2,13,1,low,0.5,8.0
9092,130444,1,2,5,6,55,1,1,1,13,0,low,0.5,6.0
9093,130445,1,6,5,6,45,1,10,1,13,0,low,0.16666666666666666,8.0
9094,130446,1,1,5,0,35,1,1,1,13,0,high,1.0,8.0
9095,130447,1,1,5,0,55,1,1,1,13,0,high,1.0,229.0
9096,130448,1,1,5,0,50,1,1,1,13,1,high,1.0,3.0