,ST_CASE,FATALS,PERSONS,MONTH,MAN_COLL,VSPD_LIM,LGT_COND,WEATHER,VSURCOND,STATE,DRUNK_DR,rate,rate_numerical,arrival_time
9097,130449,1,5,5,0,55,1,1,1,13,0,low,0.2,9.0
9098,130450,1,4,5,6,30,1,1,1,13,0,low,0.25,12.0
9099,130451,1,2,5,6,55,4,1,1,13,0,low,0.5,2.0
9100,130452,1,1,5,0,45,1,1,1,13,0,high,1.0,14.0
9101,130453,1,3,5,2,50,1,1,1,13,0,low,0.3333333333333333,6.0
9102,130454,1,4,5,2,45,1,1,1,13,1,low,0.25,4.0
9103,130455,1,1,5,0,55,1,1,1,13,1,high,1.0,4.0
9104,130456,1,1,5,0,45,2,10,1,13,0,high,1.0,9.0
9105,130457,1,2,5,2,55,1,1,1,13,0,low,0.5,2.0
9106,130458,1,2,5,6,70,4,2,2,13,0,low,0.5,3.0
9107,130459,1,3,5,0,55,1,1,1,13,0,low,0.3333333333333333,34.0
9108,130460,1,4,5,2,55,1,1,1,13,0,low,0.25,7.0
9109,130461,1,1,5,0,25,1,1,1,13,1,high,1.0,7.0
9110,130462,1,4,5,6,55,1,1,1,13,2,low,0.25,2.0
9111,130463,1,3,5,0,35,1,1,1,13,0,low,0.3333333333333333,18.0
9112,130464,1,2,5,0,70,1,1,1,13,0,low,0.5,11.0
9113,130465,1,2,5,1,65,2,10,1,13,1,low,0.5,7.0
9114,130466,1,2,5,6,55,1,1,1,13,0,low,0.5,6.0
9115,130467,1,1,5,0,45,2,1,1,13,0,high,1.0,8.0
9116,130468,1,3,5,0,55,1,1,1,13,0,low,0.3333333333333333,5.0
9117,130469,1,4,5,1,55,1,10,1,13,0,low,0.25,8.0
9118,130470,1,1,5,0,35,1,1,1,13,0,high,1.0,47.0
9119,130471,1,1,5,0,35,1,1,1,13,0,high,1.0,3.0
9120,130472,1,1,3,0,45,2,5,2,13,0,high,1.0,3.0
9121,130473,1,2,4,6,45,1,10,1,13,0,low,0.5,0.0
9122,130474,1,2,4,6,55,2,1,1,13,0,low,0.5,12.0
9123,130475,1,1,5,0,45,2,1,1,13,0,high,1.0,59.0
9124,130476,1,1,5,0,55,2,2,2,13,0,high,1.0,35.0
9125,130477,1,1,5,0,55,2,1,1,13,0,high,1.0,14.0
9126,130478,1,1,5,0,45,9,1,1,13,0,high,1.0,2.0
9127,130479,1,2,5,6,35,1,1,1,13,0,low,0.5,15.0
9128,130480,5,11,5,7,65,1,1,1,13,0,low,0.45454545454545453,11.0
9129,130481,2,3,5,1,65,1,10,1,13,0,high,0.6666666666666666,11.0
9130,130482,1,1,5,0,30,2,1,1,13,0,high,1.0,5.0
9131,130483,1,2,5,8,55,1,1,1,13,0,low,0.5,7.0
9132,130484,1,1,5,0,55,2,1,1,13,1,high,1.0,6.0
9133,130485,2,4,5,2,70,2,1,1,13,0,low,0.5,2.0
9134,130486,1,4,5,6,45,1,1,1,13,0,low,0.25,6.0
9135,130487,1,2,5,0,45,2,1,1,13,0,low,0.5,4.0
9136,130488,1,4,5,6,45,2,1,1,13,0,low,0.25,2.0
9137,130489,1,2,5,0,55,3,1,1,13,1,low,0.5,8.0
9138,130490,2,2,5,2,55,3,1,1,13,2,high,1.0,0.0
9139,130491,1,3,5,6,25,1,1,1,13,0,low,0.3333333333333333,22.0
9140,130492,1,1,5,0,45,1,1,1,13,0,high,1.0,8.0
9141,130493,1,5,5,2,45,1,1,1,13,1,low,0.2,1.0
9142,130494,1,1,5,0,55,1,1,1,13,1,high,1.0,9.0
9143,130495,1,4,5,0,40,1,10,1,13,0,low,0.25,3.0
9144,130496,1,1,5,0,55,2,1,1,13,0,high,1.0,2.0
9145,130497,1,2,5,6,35,1,1,1,13,0,low,0.5,10.0
9146,130498,1,5,5,1,65,2,1,1,13,0,low,0.2,1.0
9147,130499,1,1,5,0,30,2,1,1,13,1,high,1.0,9.0
9148,130500,1,2,5,2,50,1,10,1,13,0,low,0.5,4.0
9149,130501,1,1,5,0,55,1,10,1,13,0,high,1.0,2.0
9150,130502,1,4,5,8,35,1,10,1,13,1,low,0.25,13.0
9151,130503,1,1,5,0,55,2,10,1,13,1,high,1.0,3.0
9152,130504,1,3,5,6,45,1,1,1,13,0,low,0.3333333333333333,11.0
9153,130505,1,3,5,2,65,2,10,2,13,0,low,0.3333333333333333,22.0
9154,130506,1,6,5,2,45,1,2,2,13,0,low,0.16666666666666666,27.0
9155,130507,1,1,5,0,55,1,2,2,13,0,high,1.0,3.0
9156,130508,1,1,5,0,35,2,10,2,13,0,high,1.0,12.0
9157,130509,1,3,5,6,70,1,10,1,13,0,low,0.3333333333333333,955.0
9158,130510,1,2,5,0,70,1,1,1,13,0,low,0.5,22.0
9159,130511,1,5,5,2,55,1,10,1,13,1,low,0.2,1.0
9160,130512,1,4,5,6,55,1,1,1,13,0,low,0.25,22.0
9161,130513,1,1,5,0,50,4,10,2,13,0,high,1.0,8.0
9162,130514,1,2,5,6,55,1,1,1,13,0,low,0.5,24.0
9163,130515,1,3,5,6,0,1,1,0,13,0,low,0.3333333333333333,3.0
9164,130516,1,1,5,0,55,1,1,1,13,0,high,1.0,2.0
9165,130517,1,1,5,0,55,1,1,1,13,0,high,1.0,6.0
9166,130518,1,3,5,0,45,1,1,1,13,0,low,0.3333333333333333,1.0
9167,130519,1,1,5,0,55,2,1,1,13,0,high,1.0,1.0
9168,130520,1,1,5,0,35,3,1,1,13,1,high,1.0,7.0
9169,130521,1,3,5,2,45,1,1,1,13,0,low,0.3333333333333333,6.0
9170,130522,1,7,5,2,50,2,10,2,13,0,low,0.14285714285714285,8.0
9171,130523,1,1,5,0,65,1,1,1,13,0,high,1.0,6.0
9172,130524,1,2,5,2,25,3,1,1,13,0,low,0.5,4.0
9173,130525,1,2,5,0,35,3,1,1,13,0,low,0.5,4.0
9174,130526,1,1,5,0,45,1,10,1,13,0,high,1.0,3.0
9175,130527,1,1,6,0,45,3,10,1,13,0,high,1.0,10.0
9176,130528,1,2,6,6,55,3,1,1,13,0,low,0.5,4.0
9177,130529,1,3,6,2,55,2,10,1,13,1,low,0.3333333333333333,3.0
9178,130530,3,5,6,6,45,1,10,2,13,0,high,0.6,1.0
9179,130531,1,1,6,0,45,1,1,1,13,0,high,1.0,7.0
9180,130532,1,1,6,0,45,1,10,1,13,0,high,1.0,7.0
9181,130533,1,5,6,6,20,1,1,1,13,0,low,0.2,9.0
9182,130534,1,1,6,0,65,1,10,1,13,0,high,1.0,9.0
9183,130535,1,6,6,6,99,1,2,2,13,0,low,0.16666666666666666,8.0
9184,130536,1,1,6,0,55,2,1,1,13,0,high,1.0,5.0
9185,130537,1,2,6,6,55,1,10,1,13,0,low,0.5,13.0
9186,130538,1,8,6,2,40,1,10,1,13,0,low,0.125,9.0
9187,130539,1,1,5,0,55,2,1,8,13,1,high,1.0,3.0
9188,130540,1,3,6,6,35,1,1,1,13,0,low,0.3333333333333333,12.0
9189,130541,1,3,6,1,45,1,1,1,13,0,low,0.3333333333333333,4.0
9190,130542,1,2,6,6,45,1,1,1,13,0,low,0.5,8.0
9191,130543,1,2,6,2,45,1,1,1,13,1,low,0.5,7.0
9192,130544,1,6,6,6,35,1,1,1,13,0,low,0.16666666666666666,8.0
9193,130545,1,1,6,0,55,1,10,1,13,0,high,1.0,2.0
9194,130546,1,4,6,6,45,2,1,1,13,0,low,0.25,6.0
9195,130547,1,4,6,1,40,1,1,1,13,0,low,0.25,5.0
9196,130548,1,1,6,0,35,1,1,1,13,1,high,1.0,14.0
9197,130549,1,1,6,0,99,3,1,1,13,1,high,1.0,11.0
9198,130550,1,4,6,6,45,2,1,1,13,1,low,0.25,1.0
9199,130551,1,3,6,11,45,1,1,1,13,0,low,0.3333333333333333,5.0
9200,130552,1,1,6,0,55,2,1,1,13,1,high,1.0,49.0
9201,130553,1,1,6,0,50,2,1,1,13,1,high,1.0,7.0
9202,130554,1,1,6,0,35,3,1,1,13,0,high,1.0,4.0
9203,130555,1,3,6,2,55,1,1,1,13,1,low,0.3333333333333333,3.0
9204,130556,1,2,6,0,25,1,10,1,13,0,low,0.5,7.0
9205,130557,1,4,6,6,55,1,1,1,13,0,low,0.25,8.0
9206,130558,1,3,6,6,45,1,10,1,13,0,low,0.3333333333333333,2.0
9207,130559,1,2,6,6,35,1,10,1,13,0,low,0.5,41.0
9208,130560,1,3,6,2,45,1,1,1,13,0,low,0.3333333333333333,4.0
9209,130561,1,1,6,0,45,2,10,2,13,0,high,1.0,10.0
9210,130562,1,1,6,0,55,1,1,1,13,0,high,1.0,21.0
9211,130563,2,4,6,6,55,1,1,1,13,0,low,0.5,2.0
9212,130564,1,2,6,2,55,2,1,1,13,1,low,0.5,17.0
9213,130565,1,4,6,0,40,1,1,1,13,1,low,0.25,11.0
9214,130566,1,11,6,6,65,1,1,1,13,0,low,0.09090909090909091,5.0
9215,130567,1,2,6,6,70,2,1,1,13,0,low,0.5,119.0
9216,130568,1,2,6,0,45,2,1,1,13,0,low,0.5,6.0
9217,130569,1,1,6,0,35,3,1,1,13,1,high,1.0,10.0
9218,130570,1,0,6,0,25,2,1,1,13,0,high,inf,3.0
9219,130571,1,5,6,1,70,1,1,1,13,0,low,0.2,12.0
9220,130572,1,1,6,0,55,1,1,1,13,1,high,1.0,4.0
9221,130573,1,2,6,2,35,1,1,1,13,0,low,0.5,5.0
9222,130574,1,2,6,2,35,3,1,1,13,1,low,0.5,9.0
9223,130575,1,2,6,6,55,1,1,1,13,0,low,0.5,12.0
9224,130576,1,1,6,0,55,2,1,1,13,1,high,1.0,6.0
9225,130577,1,2,6,2,50,1,1,1,13,1,low,0.5,4.0
9226,130578,1,3,6,0,55,1,1,1,13,0,low,0.3333333333333333,9.0
9227,130579,1,1,6,0,70,2,1,1,13,0,high,1.0,7.0
9228,130580,2,2,6,0,65,1,1,1,13,0,high,1.0,7.0
9229,130581,1,2,6,0,45,1,1,1,13,0,low,0.5,6.0
9230,130582,1,1,6,0,65,2,10,1,13,1,high,1.0,1.0
9231,130583,2,4,6,6,35,2,10,1,13,0,low,0.5,6.0
9232,130584,1,3,5,2,35,1,1,1,13,0,low,0.3333333333333333,4.0
9233,130585,1,1,3,0,55,2,10,2,13,1,high,1.0,5.0
9234,130586,1,2,6,1,45,1,10,1,13,0,low,0.5,6.0
9235,130587,1,5,6,6,35,1,1,1,13,0,low,0.2,7.0
9236,130588,1,5,6,6,25,1,1,1,13,0,low,0.2,6.0
9237,130589,1,1,6,0,25,2,10,1,13,0,high,1.0,11.0
9238,130590,1,2,6,2,50,5,2,2,13,0,low,0.5,7.0
9239,130591,1,2,6,0,50,1,10,1,13,0,low,0.5,7.0
9240,130592,3,4,6,1,70,2,1,1,13,0,high,0.75,5.0
9241,130593,1,3,6,6,40,1,1,1,13,0,low,0.3333333333333333,0.0
9242,130594,1,1,6,0,40,1,1,1,13,0,high,1.0,3.0
9243,130595,1,3,6,2,45,1,1,1,13,0,low,0.3333333333333333,12.0
9244,130596,1,4,6,2,55,1,1,1,13,0,low,0.25,10.0
9245,130597,1,2,6,6,55,1,1,1,13,0,low,0.5,9.0
9246,130598,1,1,6,0,45,2,1,1,13,0,high,1.0,3.0
9247,130599,1,1,6,0,55,2,1,1,13,1,high,1.0,7.0
9248,130600,1,1,6,0,35,1,1,1,13,1,high,1.0,13.0
9249,130601,1,1,6,0,35,2,1,1,13,1,high,1.0,8.0
9250,130602,3,6,6,2,65,3,1,1,13,1,low,0.5,11.0
9251,130603,1,1,6,0,50,2,2,2,13,1,high,1.0,19.0
9252,130604,1,2,6,0,25,1,1,99,13,0,low,0.5,7.0
9253,130605,1,3,6,2,45,1,1,1,13,0,low,0.3333333333333333,0.0
9254,130606,1,1,6,0,55,1,1,1,13,1,high,1.0,3.0
9255,130607,1,1,6,0,55,6,1,1,13,0,high,1.0,5.0
9256,130608,1,1,6,0,55,1,1,1,13,0,high,1.0,13.0
9257,130609,1,2,6,6,55,1,2,2,13,0,low,0.5,13.0
9258,130610,1,2,6,0,45,3,10,2,13,0,low,0.5,2.0
9259,130611,1,2,6,1,25,2,1,1,13,0,low,0.5,4.0
9260,130612,1,1,6,0,25,3,10,1,13,0,high,1.0,5.0
9261,130613,1,3,6,7,70,1,1,1,13,0,low,0.3333333333333333,22.0
9262,130614,1,2,6,2,55,1,1,1,13,0,low,0.5,4.0
9263,130615,1,4,6,6,45,2,10,2,13,1,low,0.25,2.0
9264,130616,1,1,6,0,55,1,1,1,13,0,high,1.0,5.0
9265,130617,1,7,6,8,55,4,1,1,13,0,low,0.14285714285714285,23.0
9266,130618,1,3,6,2,45,3,10,1,13,2,low,0.3333333333333333,6.0
9267,130619,1,2,6,8,55,1,1,1,13,0,low,0.5,14.0
9268,130620,1,4,6,6,55,1,1,1,13,0,low,0.25,6.0
9269,130621,1,1,6,0,45,1,1,1,13,0,high,1.0,0.0
9270,130622,1,5,6,7,65,1,1,1,13,0,low,0.2,9.0
9271,130623,1,5,6,6,55,1,1,1,13,0,low,0.2,16.0
9272,130624,1,1,6,0,55,1,1,1,13,0,high,1.0,7.0
9273,130625,1,3,6,6,40,1,1,1,13,0,low,0.3333333333333333,7.0
9274,130626,1,3,6,6,45,1,1,1,13,0,low,0.3333333333333333,4.0
9275,130627,1,3,6,6,35,5,10,1,13,0,low,0.3333333333333333,3.0
9276,130628,1,1,6,0,35,2,1,1,13,0,high,1.0,9.0
9277,130629,1,4,6,6,70,2,1,2,13,0,low,0.25,6.0
9278,130630,1,1,6,0,35,1,1,1,13,0,high,1.0,3.0
9279,130631,1,1,6,0,65,2,10,2,13,0,high,1.0,4.0
9280,130632,2,6,6,6,25,1,10,1,13,0,low,0.3333333333333333,15.0
9281,130633,1,1,6,0,55,2,1,1,13,1,high,1.0,2.0
9282,130634,1,4,6,6,0,1,2,0,13,0,low,0.25,26.0
9283,130635,1,3,6,0,70,4,2,2,13,0,low,0.3333333333333333,9.0
9284,130636,1,1,6,0,55,1,1,1,13,0,high,1.0,5.0
9285,130637,1,1,6,0,35,2,1,1,13,1,high,1.0,5.0
9286,130638,1,1,6,0,45,1,10,1,13,0,high,1.0,8.0
9287,130639,1,1,6,0,35,1,1,1,13,0,high,1.0,7.0
9288,130640,2,3,6,0,70,1,1,1,13,0,high,0.6666666666666666,2.0
9289,130642,1,1,7,0,45,1,1,2,13,0,high,1.0,3.0
9290,130643,1,2,7,6,55,1,1,1,13,0,low,0.5,4.0
9291,130644,1,2,7,0,35,2,1,1,13,0,low,0.5,7.0
9292,130645,1,1,7,0,25,1,1,1,13,0,high,1.0,5.0
9293,130646,1,1,7,0,50,1,2,2,13,0,high,1.0,1.0
9294,130647,1,2,7,0,45,1,2,2,13,0,low,0.5,12.0
9295,130648,1,3,7,6,35,1,2,2,13,1,low,0.3333333333333333,7.0
9296,130649,1,1,7,0,35,1,1,1,13,0,high,1.0,8.0
9297,130650,1,4,7,6,55,1,2,2,13,0,low,0.25,7.0
9298,130651,1,4,7,6,35,1,1,1,13,2,low,0.25,10.0
9299,130652,2,4,7,6,45,2,10,2,13,0,low,0.5,6.0
9300,130653,1,2,7,0,25,1,99,1,13,1,low,0.5,11.0
9301,130654,1,2,7,0,45,3,10,2,13,1,low,0.5,46.0
9302,130655,3,4,7,6,45,1,1,1,13,1,high,0.75,8.0
9303,130656,1,1,7,0,65,1,10,1,13,0,high,1.0,13.0
9304,130657,1,2,7,0,35,1,1,1,13,0,low,0.5,6.0
9305,130658,1,1,7,0,45,1,1,1,13,0,high,1.0,4.0
9306,130659,1,5,7,0,70,1,10,1,13,0,low,0.2,6.0
9307,130660,1,3,7,0,55,2,1,1,13,0,low,0.3333333333333333,4.0
9308,130661,1,1,7,0,55,2,5,1,13,0,high,1.0,8.0
9309,130662,1,2,7,2,45,2,1,1,13,1,low,0.5,11.0
9310,130663,1,2,7,6,55,2,1,1,13,0,low,0.5,6.0
9311,130664,1,4,7,6,45,1,1,1,13,0,low,0.25,1.0
9312,130665,1,2,7,0,45,1,1,1,13,0,low,0.5,6.0
9313,130666,1,3,7,6,25,1,1,1,13,0,low,0.3333333333333333,8.0
9314,130667,2,2,7,2,55,1,10,2,13,1,high,1.0,1.0
9315,130668,1,2,7,0,70,2,1,1,13,1,low,0.5,8.0
9316,130669,1,1,7,0,15,2,1,1,13,0,high,1.0,1.0
9317,130670,2,5,7,1,55,2,10,1,13,0,low,0.4,24.0
9318,130671,1,2,7,6,55,1,1,1,13,0,low,0.5,3.0
9319,130672,1,3,7,6,45,2,1,1,13,2,low,0.3333333333333333,3.0
9320,130673,1,2,7,0,55,3,10,1,13,1,low,0.5,2.0
9321,130674,1,2,7,1,45,2,1,1,13,1,low,0.5,3.0
9322,130675,1,1,7,0,40,1,10,1,13,1,high,1.0,7.0
9323,130676,1,1,7,0,55,1,1,1,13,0,high,1.0,6.0
9324,130677,1,1,7,0,70,2,1,1,13,0,high,1.0,382.0
9325,130678,1,2,7,6,40,1,1,1,13,0,low,0.5,14.0
9326,130679,1,1,7,0,55,1,1,2,13,0,high,1.0,5.0
9327,130680,1,1,7,0,45,1,1,1,13,1,high,1.0,6.0
9328,130681,1,2,7,2,55,1,1,1,13,0,low,0.5,6.0
9329,130682,1,2,7,6,50,1,1,1,13,0,low,0.5,9.0
9330,130683,1,3,7,7,70,1,1,1,13,0,low,0.3333333333333333,7.0
9331,130684,1,1,7,0,45,3,1,1,13,0,high,1.0,24.0
9332,130685,1,3,7,6,55,1,10,1,13,0,low,0.3333333333333333,12.0
9333,130686,1,4,7,1,55,1,1,1,13,0,low,0.25,13.0
9334,130688,1,2,4,1,55,2,5,1,13,0,low,0.5,55.0
9335,130689,1,1,7,0,70,1,1,1,13,0,high,1.0,5.0
9336,130690,1,4,7,0,55,2,1,1,13,0,low,0.25,2.0
9337,130691,1,2,7,8,35,1,1,1,13,0,low,0.5,2.0
9338,130692,1,4,7,6,45,1,1,1,13,0,low,0.25,2.0
9339,130693,1,1,7,0,45,1,1,1,13,0,high,1.0,9.0
9340,130694,1,1,7,0,40,1,1,1,13,0,high,1.0,2.0
9341,130695,1,2,7,0,30,1,1,1,13,0,low,0.5,7.0
9342,130696,1,3,7,2,45,1,1,1,13,0,low,0.3333333333333333,15.0
9343,130697,1,1,7,0,35,3,1,1,13,0,high,1.0,12.0
9344,130698,1,4,7,2,55,1,1,1,13,0,low,0.25,1.0
9345,130699,1,3,7,6,55,1,1,1,13,0,low,0.3333333333333333,160.0
9346,130700,1,7,7,1,60,3,1,1,13,0,low,0.14285714285714285,4.0
9347,130701,1,2,7,0,45,2,1,1,13,0,low,0.5,0.0
9348,130702,1,2,7,0,40,3,1,1,13,1,low,0.5,25.0
9349,130703,1,4,7,2,45,2,1,1,13,0,low,0.25,8.0
9350,130704,1,2,7,1,55,2,10,1,13,1,low,0.5,9.0
9351,130705,1,2,7,1,40,3,2,2,13,0,low,0.5,4.0
9352,130706,1,3,7,1,45,1,1,1,13,0,low,0.3333333333333333,10.0
9353,130707,1,2,7,1,60,1,1,1,13,0,low,0.5,3.0
9354,130708,1,2,7,6,55,1,10,1,13,1,low,0.5,1.0
9355,130709,1,1,7,0,50,1,1,1,13,0,high,1.0,4.0
9356,130710,1,3,7,0,35,2,1,1,13,0,low,0.3333333333333333,3.0
9357,130711,1,3,7,1,55,2,1,1,13,1,low,0.3333333333333333,7.0
9358,130712,1,3,7,0,50,2,1,1,13,0,low,0.3333333333333333,10.0
9359,130713,1,3,7,1,70,2,1,1,13,1,low,0.3333333333333333,30.0
9360,130714,1,8,7,2,45,1,1,1,13,1,low,0.125,2.0
9361,130715,2,2,7,0,45,2,1,1,13,1,high,1.0,4.0
9362,130716,1,2,7,0,55,1,1,1,13,0,low,0.5,7.0
9363,130717,1,1,7,0,55,2,1,1,13,0,high,1.0,8.0
9364,130718,1,1,7,0,45,2,1,1,13,0,high,1.0,14.0
9365,130719,1,4,7,6,65,2,1,1,13,0,low,0.25,4.0
9366,130720,1,1,7,0,40,1,1,1,13,0,high,1.0,11.0
9367,130721,1,2,7,2,55,2,1,1,13,1,low,0.5,28.0
9368,130722,1,1,7,0,45,2,1,1,13,0,high,1.0,18.0
9369,130723,3,3,7,0,70,1,1,1,13,0,high,1.0,2.0
9370,130724,1,1,7,0,55,1,1,1,13,0,high,1.0,7.0
9371,130725,1,4,7,1,35,1,1,1,13,0,low,0.25,23.0
9372,130726,1,1,7,0,45,2,1,1,13,1,high,1.0,28.0
9373,130727,1,1,7,0,35,3,1,1,13,1,high,1.0,21.0
9374,130728,1,2,7,2,45,1,1,1,13,0,low,0.5,27.0
9375,130729,1,5,7,7,55,1,1,1,13,1,low,0.2,25.0
9376,130730,1,1,7,0,45,1,1,1,13,0,high,1.0,9.0
9377,130731,1,6,7,1,35,2,1,1,13,0,low,0.16666666666666666,23.0
9378,130732,1,1,7,0,45,2,1,1,13,1,high,1.0,10.0
9379,130733,1,1,7,0,55,4,1,1,13,0,high,1.0,20.0
9380,130734,1,1,7,0,55,1,1,1,13,0,high,1.0,11.0
9381,130735,1,1,7,0,55,1,10,1,13,0,high,1.0,2.0
9382,130736,1,4,6,0,45,1,1,1,13,0,low,0.25,11.0
9383,130737,1,2,7,2,45,1,10,1,13,0,low,0.5,20.0
9384,130738,1,2,7,1,55,1,1,1,13,0,low,0.5,41.0
9385,130739,1,2,7,0,55,1,1,1,13,0,low,0.5,21.0
9386,130740,1,1,8,0,45,1,1,1,13,0,high,1.0,47.0
9387,130741,1,6,8,6,55,1,1,1,13,0,low,0.16666666666666666,5.0
9388,130742,1,2,8,6,45,1,1,1,13,0,low,0.5,15.0
9389,130743,2,2,8,0,55,2,1,1,13,0,high,1.0,11.0
9390,130744,1,2,8,0,35,3,1,1,13,0,low,0.5,9.0
9391,130745,1,3,8,1,70,2,1,1,13,2,low,0.3333333333333333,8.0
9392,130746,2,3,8,6,45,1,1,1,13,0,high,0.6666666666666666,14.0
9393,130747,1,5,8,2,55,2,1,1,13,0,low,0.2,12.0
9394,130748,1,2,8,6,55,1,1,1,13,0,low,0.5,16.0
9395,130749,1,2,8,1,70,1,1,1,13,0,low,0.5,32.0
9396,130750,1,1,8,0,55,3,1,1,13,0,high,1.0,19.0
9397,130751,1,1,8,0,45,2,1,1,13,0,high,1.0,11.0
9398,130752,1,1,8,0,55,1,2,2,13,0,high,1.0,36.0
9399,130753,1,1,8,0,35,3,1,1,13,0,high,1.0,5.0
9400,130754,1,4,8,0,70,2,10,1,13,0,low,0.25,22.0
9401,130755,1,1,8,0,35,2,10,1,13,1,high,1.0,10.0
9402,130756,1,1,8,0,45,2,10,2,13,0,high,1.0,16.0
9403,130757,1,1,8,0,55,1,1,1,13,0,high,1.0,13.0
9404,130758,1,6,8,6,70,2,1,1,13,0,low,0.16666666666666666,28.0
9405,130759,1,2,8,6,45,1,1,1,13,0,low,0.5,9.0
9406,130760,1,2,8,1,40,3,1,1,13,0,low,0.5,29.0
9407,130761,1,1,8,0,35,6,1,1,13,1,high,1.0,33.0
9408,130762,1,1,8,0,55,1,1,1,13,0,high,1.0,12.0
9409,130763,1,1,8,0,55,1,1,1,13,0,high,1.0,16.0
9410,130764,1,4,8,7,60,1,1,1,13,0,low,0.25,21.0
9411,130765,2,3,8,6,35,5,1,1,13,0,high,0.6666666666666666,4.0
9412,130766,1,3,8,0,35,3,1,1,13,0,low,0.3333333333333333,9.0
9413,130767,1,1,8,0,55,2,1,1,13,0,high,1.0,39.0
9414,130768,1,2,8,11,45,1,1,1,13,0,low,0.5,5.0
9415,130769,1,1,8,0,45,1,1,1,13,1,high,1.0,0.0
9416,130770,1,1,8,0,55,1,10,1,13,0,high,1.0,10.0
9417,130771,1,1,8,0,70,1,10,1,13,0,high,1.0,23.0
9418,130772,1,2,8,2,45,1,1,1,13,0,low,0.5,34.0
9419,130773,1,4,8,0,70,2,2,2,13,0,low,0.25,15.0
9420,130774,1,1,8,0,35,1,1,1,13,0,high,1.0,16.0
9421,130775,1,1,8,0,45,2,1,1,13,0,high,1.0,6.0
9422,130776,1,1,8,0,55,1,1,1,13,0,high,1.0,3.0
9423,130777,1,4,8,6,55,1,1,1,13,0,low,0.25,13.0
9424,130778,1,2,8,1,55,4,1,1,13,0,low,0.5,17.0
9425,130779,1,3,8,6,45,1,1,1,13,0,low,0.3333333333333333,19.0
9426,130780,1,1,8,0,45,2,1,1,13,0,high,1.0,18.0
9427,130781,1,1,8,0,35,2,1,1,13,0,high,1.0,14.0
9428,130782,1,3,8,1,55,1,1,1,13,1,low,0.3333333333333333,8.0
9429,130783,1,1,8,0,55,1,1,1,13,0,high,1.0,15.0
9430,130784,1,1,8,0,50,3,1,1,13,1,high,1.0,20.0
9431,130785,1,2,8,6,55,2,1,1,13,0,low,0.5,13.0
9432,130786,1,3,8,0,35,1,1,1,13,0,low,0.3333333333333333,0.0
9433,130787,1,1,8,0,55,2,1,1,13,1,high,1.0,24.0
9434,130788,1,3,6,6,35,2,1,1,13,0,low,0.3333333333333333,19.0
9435,130789,1,1,6,0,65,1,1,1,13,0,high,1.0,4.0
9436,130790,1,1,8,0,40,2,1,1,13,0,high,1.0,18.0
9437,130791,1,1,8,0,35,1,2,2,13,1,high,1.0,5.0
9438,130792,1,3,8,1,55,3,1,1,13,1,low,0.3333333333333333,20.0
9439,130793,1,1,8,0,65,3,1,1,13,1,high,1.0,11.0
9440,130794,1,1,8,0,45,6,1,1,13,0,high,1.0,9.0
9441,130795,1,2,8,0,70,2,2,2,13,0,low,0.5,7.0
9442,130796,1,7,8,6,45,1,2,2,13,0,low,0.14285714285714285,16.0
9443,130797,1,4,8,1,45,1,10,1,13,0,low,0.25,23.0
9444,130798,1,1,8,0,65,2,1,1,13,0,high,1.0,9.0
9445,130799,2,6,8,0,55,1,10,1,13,0,low,0.3333333333333333,22.0
9446,130800,1,1,8,0,25,2,8,2,13,0,high,1.0,20.0
9447,130801,1,3,8,6,55,1,1,1,13,0,low,0.3333333333333333,8.0
9448,130802,1,3,8,6,45,4,1,1,13,0,low,0.3333333333333333,15.0
9449,130803,1,3,8,1,65,2,10,2,13,0,low,0.3333333333333333,31.0
9450,130804,1,3,8,6,55,5,1,1,13,0,low,0.3333333333333333,20.0
9451,130805,1,3,8,1,65,1,1,1,13,1,low,0.3333333333333333,108.0
9452,130806,1,1,8,0,45,2,1,1,13,0,high,1.0,23.0
9453,130807,1,1,8,0,35,1,1,1,13,0,high,1.0,20.0
9454,130808,1,2,8,0,30,2,1,1,13,0,low,0.5,6.0
9455,130809,1,3,8,0,55,2,10,1,13,0,low,0.3333333333333333,1.0
9456,130810,1,1,8,0,40,2,1,1,13,0,high,1.0,11.0
9457,130811,1,1,8,0,65,1,10,2,13,0,high,1.0,10.0
9458,130812,1,1,8,0,55,2,10,1,13,0,high,1.0,50.0
9459,130813,1,1,8,0,45,3,1,1,13,0,high,1.0,49.0
9460,130814,1,3,8,6,55,1,1,1,13,0,low,0.3333333333333333,21.0
9461,130815,1,2,8,0,45,2,1,2,13,0,low,0.5,23.0
9462,130816,2,5,8,2,45,1,1,1,13,0,low,0.4,4.0
9463,130817,1,2,8,6,55,5,1,1,13,0,low,0.5,11.0
9464,130818,1,1,8,0,55,1,1,1,13,0,high,1.0,6.0
9465,130819,1,3,8,6,35,1,1,1,13,0,low,0.3333333333333333,29.0
9466,130820,2,4,8,6,25,1,1,1,13,0,low,0.5,9.0
9467,130821,1,1,8,0,30,1,1,1,13,0,high,1.0,18.0
9468,130822,1,2,8,6,45,1,1,1,13,0,low,0.5,13.0
9469,130823,1,4,8,0,70,2,1,1,13,0,low,0.25,7.0
9470,130824,1,1,8,0,45,2,1,1,13,1,high,1.0,712.0
9471,130825,1,1,8,0,45,2,1,1,13,1,high,1.0,14.0
9472,130826,1,3,8,6,45,1,1,1,13,0,low,0.3333333333333333,13.0
9473,130827,1,1,8,0,55,1,1,1,13,0,high,1.0,24.0
9474,130828,1,1,8,0,55,1,1,1,13,0,high,1.0,0.0
9475,130829,3,5,8,2,65,1,1,1,13,1,high,0.6,6.0