,ST_CASE,FATALS,PERSONS,MONTH,MAN_COLL,VSPD_LIM,LGT_COND,WEATHER,VSURCOND,STATE,DRUNK_DR,rate,rate_numerical,arrival_time
9848,131203,1,2,12,6,55,2,2,2,13,0,low,0.5,13.0
9849,131204,1,1,12,0,70,1,1,1,13,0,high,1.0,17.0
9850,131205,1,4,12,0,35,3,1,1,13,0,low,0.25,8.0
9851,131206,2,3,12,2,55,2,10,1,13,0,high,0.6666666666666666,17.0
9852,131207,1,1,12,0,50,1,1,1,13,0,high,1.0,23.0
9853,131208,1,2,12,6,25,1,1,1,13,0,low,0.5,10.0
9854,131209,2,4,12,0,55,1,1,1,13,0,low,0.5,16.0
9855,131211,1,2,12,1,55,1,1,1,13,0,low,0.5,25.0
9856,131212,1,2,12,6,55,2,1,1,13,0,low,0.5,6.0
9857,131213,1,2,12,0,55,1,1,1,13,0,low,0.5,8.0
9858,131214,1,1,12,0,65,1,1,1,13,0,high,1.0,12.0
9859,131215,1,3,12,0,45,3,10,1,13,0,low,0.3333333333333333,13.0
9860,131216,1,1,12,0,45,1,1,1,13,0,high,1.0,8.0
9861,131217,1,1,12,0,40,3,1,1,13,0,high,1.0,15.0
9862,131218,1,6,12,8,35,3,1,1,13,1,low,0.16666666666666666,11.0
9863,131219,1,2,12,0,45,1,1,1,13,0,low,0.5,6.0
9864,131220,1,1,12,0,55,1,1,1,13,0,high,1.0,7.0
9865,131221,1,4,12,6,45,1,1,1,13,0,low,0.25,8.0
9866,131222,1,2,12,2,65,3,1,1,13,0,low,0.5,10.0
9867,131223,1,2,12,0,45,2,1,1,13,0,low,0.5,3.0
9868,131224,1,2,12,2,55,2,10,1,13,1,low,0.5,6.0
9869,131225,1,3,12,0,45,2,2,2,13,1,low,0.3333333333333333,4.0
9870,131226,1,2,12,0,45,1,1,1,13,0,low,0.5,10.0
9871,131227,1,1,12,0,70,2,10,1,13,0,high,1.0,13.0
9872,131228,1,3,12,2,55,2,5,2,13,0,low,0.3333333333333333,11.0
9873,131229,1,4,12,1,55,1,1,1,13,0,low,0.25,8.0
9874,131230,2,2,12,0,55,1,1,1,13,0,high,1.0,5.0
9875,131231,1,3,12,6,45,1,1,1,13,0,low,0.3333333333333333,19.0
9876,131232,1,2,12,6,35,2,1,1,13,0,low,0.5,18.0
9877,131233,1,2,12,2,45,1,1,1,13,0,low,0.5,5.0
9878,131234,1,3,12,6,55,1,1,1,13,0,low,0.3333333333333333,10.0
9879,131235,1,1,12,0,45,2,1,1,13,1,high,1.0,3.0
9880,131236,1,2,12,6,45,1,10,1,13,0,low,0.5,45.0
9881,131237,1,1,12,0,45,2,1,1,13,0,high,1.0,4.0
9882,131238,1,1,12,0,45,2,1,1,13,1,high,1.0,5.0
9883,131239,1,1,12,0,55,1,10,1,13,0,high,1.0,47.0
9884,131240,1,3,12,2,55,1,1,1,13,0,low,0.3333333333333333,10.0
9885,131241,1,2,12,6,35,1,10,1,13,0,low,0.5,11.0
9886,131242,1,4,12,2,45,1,1,1,13,0,low,0.25,46.0
9887,131243,1,2,12,0,35,1,1,1,13,0,low,0.5,11.0
9888,131244,1,3,12,0,25,2,1,1,13,1,low,0.3333333333333333,6.0
9889,131245,1,1,12,0,15,1,5,2,13,1,high,1.0,17.0
9890,131246,1,4,12,0,35,1,1,1,13,0,low,0.25,19.0
9891,131247,1,1,12,0,45,2,1,1,13,0,high,1.0,24.0
9892,131248,1,4,12,1,70,2,10,1,13,0,low,0.25,5.0
9893,131249,2,2,12,0,40,2,10,1,13,1,high,1.0,6.0
9894,131250,1,1,12,0,55,3,1,1,13,0,high,1.0,8.0
9895,131251,1,1,12,0,45,2,1,1,13,1,high,1.0,55.0
9896,131252,1,6,12,0,45,2,1,1,13,0,low,0.16666666666666666,14.0
9897,131253,1,1,12,0,25,1,1,1,13,0,high,1.0,6.0
9898,131254,1,1,12,0,45,2,1,1,13,0,high,1.0,7.0
9899,131255,1,1,12,0,35,2,1,1,13,0,high,1.0,18.0
9900,131256,1,6,12,0,65,3,1,1,13,1,low,0.16666666666666666,11.0
9901,131257,1,2,12,0,55,1,1,1,13,0,low,0.5,3.0
9902,131258,1,4,12,6,55,2,1,1,13,0,low,0.25,16.0
9903,131259,1,1,12,0,99,2,2,2,13,0,high,1.0,16.0
9904,131260,1,1,12,0,55,1,1,1,13,0,high,1.0,8.0
9905,131261,1,1,12,0,55,3,1,1,13,1,high,1.0,11.0
9906,131262,1,2,10,0,45,3,1,1,13,0,low,0.5,8.0
9907,131263,1,3,10,2,45,3,1,1,13,0,low,0.3333333333333333,28.0
9908,131264,1,3,11,2,55,1,2,2,13,0,low,0.3333333333333333,11.0
9909,131265,1,2,11,0,25,1,98,1,13,0,low,0.5,3.0
9910,131266,1,3,11,0,45,2,1,1,13,0,low,0.3333333333333333,4.0
9911,131267,1,3,11,2,55,2,1,1,13,0,low,0.3333333333333333,26.0
9912,131268,1,1,12,0,55,2,2,2,13,0,high,1.0,3.0
9913,131269,1,1,12,0,70,2,1,1,13,0,high,1.0,3.0
9914,131270,1,2,12,1,70,1,1,1,13,0,low,0.5,24.0
9915,131271,1,1,12,0,70,2,10,1,13,0,high,1.0,8.0
9916,131272,1,1,12,0,55,1,1,1,13,0,high,1.0,11.0
9917,131273,1,1,12,0,55,2,1,1,13,0,high,1.0,11.0
9918,131274,1,2,12,0,55,2,1,1,13,0,low,0.5,17.0
9919,131275,1,1,12,0,45,1,1,1,13,0,high,1.0,13.0
9920,131276,1,2,12,0,45,2,1,1,13,0,low,0.5,7.0
9921,131277,1,1,12,0,35,2,1,1,13,0,high,1.0,6.0
9922,131278,1,1,12,0,55,2,1,1,13,1,high,1.0,9.0
9923,131279,1,1,12,0,55,2,1,1,13,0,high,1.0,11.0
9924,131280,1,1,12,0,40,1,1,1,13,0,high,1.0,4.0
9925,131281,1,12,12,8,50,3,1,1,13,0,low,0.08333333333333333,6.0
9926,131282,1,5,12,6,25,1,1,1,13,0,low,0.2,15.0
9927,131283,2,2,12,0,50,2,1,1,13,1,high,1.0,9.0
9928,131284,1,2,12,6,45,2,1,1,13,0,low,0.5,10.0
9929,131285,1,5,12,6,55,3,10,1,13,0,low,0.2,5.0
9930,131286,1,2,12,0,30,3,10,1,13,1,low,0.5,10.0
9931,131287,1,1,12,0,35,1,1,1,13,1,high,1.0,10.0
9932,131288,1,1,12,0,55,2,10,1,13,0,high,1.0,9.0
9933,131289,1,3,12,6,55,2,2,2,13,0,low,0.3333333333333333,12.0
9934,131290,1,1,12,0,45,1,10,1,13,1,high,1.0,39.0
9935,131291,1,1,12,0,55,2,1,1,13,0,high,1.0,12.0
9936,131292,1,2,12,0,55,2,10,1,13,0,low,0.5,5.0
9937,131293,1,3,12,0,40,3,2,2,13,0,low,0.3333333333333333,5.0
9938,131294,1,7,12,6,35,2,2,2,13,0,low,0.14285714285714285,8.0
9939,131295,1,1,12,0,45,1,10,2,13,0,high,1.0,10.0
9940,131296,1,3,12,6,55,2,10,2,13,0,low,0.3333333333333333,8.0
9941,131297,1,2,12,2,55,1,10,2,13,0,low,0.5,11.0
9942,131298,1,7,12,6,45,3,2,2,13,0,low,0.14285714285714285,7.0
9943,131299,1,3,12,0,35,2,2,2,13,0,low,0.3333333333333333,5.0
9944,131300,1,2,12,0,45,2,2,2,13,0,low,0.5,7.0
9945,131301,1,3,12,1,70,2,2,2,13,0,low,0.3333333333333333,8.0
9946,131302,2,5,12,6,55,1,2,2,13,0,low,0.4,35.0
9947,131303,1,8,12,1,70,1,10,2,13,0,low,0.125,6.0
9948,131304,1,1,12,0,45,3,2,2,13,0,high,1.0,25.0
9949,131305,2,2,12,7,70,1,2,2,13,0,high,1.0,6.0
9950,131306,1,2,12,2,55,2,2,2,13,0,low,0.5,11.0
9951,131307,1,3,12,6,25,2,2,2,13,0,low,0.3333333333333333,2.0
9952,131308,1,1,12,0,45,2,10,2,13,0,high,1.0,37.0
9953,131309,1,5,12,2,35,2,10,1,13,1,low,0.2,247.0
9954,131310,1,1,12,0,55,2,10,2,13,0,high,1.0,9.0
9955,131311,1,7,12,0,70,3,1,1,13,1,low,0.14285714285714285,7.0
9956,131312,1,1,12,0,55,2,1,1,13,0,high,1.0,23.0
9957,131313,1,1,12,0,35,3,1,1,13,0,high,1.0,11.0
9958,131314,1,1,12,0,35,1,1,11,13,1,high,1.0,12.0
9959,131315,1,1,12,0,45,2,1,1,13,0,high,1.0,15.0
9960,131316,1,1,12,0,99,6,99,1,13,0,high,1.0,23.0
9961,131317,1,1,12,0,55,2,5,2,13,1,high,1.0,49.0
9962,131318,1,6,12,1,55,2,10,1,13,0,low,0.16666666666666666,39.0
9963,131319,1,2,12,1,70,2,10,2,13,0,low,0.5,23.0
9964,131320,1,1,12,0,35,3,10,2,13,0,high,1.0,13.0
9965,131321,1,2,12,0,55,2,2,2,13,0,low,0.5,9.0
9966,131322,1,1,12,0,55,3,1,1,13,0,high,1.0,7.0
9967,131323,1,2,12,0,45,2,2,2,13,1,low,0.5,12.0
9968,131324,1,2,12,6,45,1,2,2,13,0,low,0.5,19.0
9969,131325,2,2,12,0,45,1,2,2,13,0,high,1.0,8.0
9970,131326,1,1,12,0,55,1,2,2,13,0,high,1.0,7.0
9971,131327,1,3,12,0,55,2,2,2,13,0,low,0.3333333333333333,12.0
9972,131328,1,1,12,0,55,1,10,1,13,1,high,1.0,6.0
9973,131329,1,1,12,0,55,2,1,1,13,0,high,1.0,21.0
9974,131330,1,3,12,6,45,3,1,1,13,0,low,0.3333333333333333,28.0
9975,131331,1,2,4,0,70,1,2,2,13,0,low,0.5,4.0
9976,131332,1,1,5,0,25,1,1,1,13,0,high,1.0,11.0
9977,131333,1,3,10,6,35,1,1,1,13,0,low,0.3333333333333333,9.0
9978,131334,1,1,12,0,35,1,1,1,13,0,high,1.0,10.0
9979,131335,1,5,12,1,70,2,2,2,13,0,low,0.2,28.0
9980,150001,1,3,1,6,35,1,10,1,15,0,low,0.3333333333333333,5.0
9981,150002,1,4,1,0,35,3,2,6,15,0,low,0.25,16.0
9982,150003,1,2,1,0,50,2,10,1,15,0,low,0.5,9.0
9983,150004,1,4,1,0,25,3,1,1,15,0,low,0.25,13.0
9984,150005,1,1,1,0,25,1,1,1,15,0,high,1.0,3.0
9985,150006,1,1,1,0,60,3,1,1,15,0,high,1.0,0.0
9986,150007,1,1,1,0,35,3,1,1,15,0,high,1.0,10.0
9987,150008,1,2,1,6,25,1,1,1,15,0,low,0.5,6.0
9988,150009,1,2,1,0,55,2,1,1,15,0,low,0.5,14.0
9989,150010,1,3,1,0,35,3,10,1,15,1,low,0.3333333333333333,2.0
9990,150011,1,1,1,0,25,2,1,1,15,0,high,1.0,3.0
9991,150012,1,1,1,0,25,3,1,1,15,0,high,1.0,1.0
9992,150013,1,1,2,0,25,3,1,1,15,0,high,1.0,25.0
9993,150014,1,1,2,0,35,3,1,1,15,0,high,1.0,8.0
9994,150015,3,5,2,2,45,2,1,1,15,1,high,0.6,11.0
9995,150016,1,1,3,0,55,4,1,1,15,0,high,1.0,5.0
9996,150017,1,2,3,0,35,2,1,1,15,0,low,0.5,1.0
9997,150018,1,2,3,0,45,3,1,1,15,0,low,0.5,36.0
9998,150019,1,6,3,11,35,1,1,1,15,0,low,0.16666666666666666,18.0
9999,150020,1,2,3,6,0,1,1,0,15,1,low,0.5,31.0
10000,150021,1,7,4,0,25,1,1,1,15,0,low,0.14285714285714285,15.0
10001,150022,1,2,4,1,25,1,1,1,15,0,low,0.5,6.0
10002,150023,1,3,4,0,25,1,1,1,15,0,low,0.3333333333333333,7.0
10003,150024,1,2,3,1,45,1,1,1,15,0,low,0.5,8.0
10004,150025,1,1,5,0,25,3,10,1,15,0,high,1.0,9.0
10005,150026,1,1,5,0,45,1,1,1,15,0,high,1.0,7.0
10006,150027,1,1,5,0,20,2,2,2,15,1,high,1.0,26.0
10007,150028,1,4,4,6,55,1,1,1,15,0,low,0.25,10.0
10008,150030,1,6,4,2,45,1,1,1,15,0,low,0.16666666666666666,3.0
10009,150031,2,4,5,8,45,2,1,1,15,0,low,0.5,24.0
10010,150032,1,3,5,7,35,1,1,1,15,0,low,0.3333333333333333,38.0
10011,150033,1,1,5,0,55,1,10,1,15,0,high,1.0,12.0
10012,150034,1,1,5,0,35,3,1,1,15,1,high,1.0,30.0
10013,150035,1,3,6,1,55,2,1,1,15,0,low,0.3333333333333333,15.0
10014,150036,1,1,5,0,25,1,1,1,15,1,high,1.0,14.0
10015,150037,1,2,6,0,45,3,1,1,15,1,low,0.5,38.0
10016,150038,1,2,6,0,25,3,1,2,15,0,low,0.5,5.0
10017,150039,1,4,6,2,50,3,1,1,15,1,low,0.25,19.0
10018,150040,1,1,6,0,30,1,10,1,15,0,high,1.0,12.0
10019,150041,1,2,6,6,20,1,1,1,15,0,low,0.5,8.0
10020,150042,1,1,6,0,55,6,1,1,15,0,high,1.0,18.0
10021,150043,3,9,6,6,45,3,1,1,15,2,low,0.3333333333333333,64.0
10022,150044,1,5,7,0,30,1,1,1,15,0,low,0.2,5.0
10023,150045,2,5,7,6,30,3,1,1,15,1,low,0.4,5.0
10024,150046,1,1,7,0,35,5,1,1,15,1,high,1.0,30.0
10025,150047,1,2,6,0,35,1,1,1,15,0,low,0.5,8.0
10026,150048,1,1,7,0,20,1,1,1,15,0,high,1.0,11.0
10027,150049,1,1,7,0,35,1,1,1,15,0,high,1.0,6.0
10028,150050,1,2,7,0,45,4,1,1,15,0,low,0.5,8.0
10029,150051,1,2,8,6,35,3,1,1,15,0,low,0.5,12.0
10030,150052,1,2,6,6,55,3,2,2,15,1,low,0.5,20.0
10031,150053,1,5,6,8,45,1,1,1,15,0,low,0.2,13.0
10032,150054,1,2,8,2,45,2,1,1,15,0,low,0.5,17.0
10033,150055,1,2,8,2,45,2,10,2,15,1,low,0.5,6.0
10034,150056,1,5,8,0,45,3,1,1,15,1,low,0.2,11.0
10035,150057,1,1,8,0,25,3,1,1,15,1,high,1.0,5.0
10036,150058,1,2,9,0,35,2,5,1,15,0,low,0.5,8.0
10037,150059,1,2,9,2,25,1,2,2,15,0,low,0.5,6.0
10038,150060,1,1,9,0,30,3,1,1,15,1,high,1.0,5.0
10039,150061,1,1,9,0,35,3,1,1,15,1,high,1.0,7.0
10040,150062,1,2,9,0,30,3,1,1,15,0,low,0.5,8.0
10041,150063,1,1,9,0,35,1,1,1,15,0,high,1.0,4.0
10042,150064,1,1,9,0,25,3,1,1,15,0,high,1.0,7.0
10043,150065,1,2,9,7,35,1,5,1,15,0,low,0.5,15.0
10044,150066,1,5,10,6,50,2,2,2,15,0,low,0.2,9.0
10045,150068,1,2,9,0,25,6,1,2,15,0,low,0.5,5.0
10046,150069,1,1,10,0,20,3,1,1,15,1,high,1.0,17.0
10047,150070,1,1,9,0,35,4,1,1,15,0,high,1.0,7.0
10048,150071,1,1,9,0,35,3,2,2,15,0,high,1.0,13.0
10049,150072,1,2,10,0,35,3,1,1,15,0,low,0.5,35.0
10050,150073,1,1,10,0,35,2,1,1,15,0,high,1.0,15.0
10051,150074,1,1,11,0,25,2,1,1,15,1,high,1.0,3.0
10052,150075,1,1,11,0,35,1,10,1,15,1,high,1.0,8.0
10053,150076,1,1,11,0,30,4,1,1,15,0,high,1.0,18.0
10054,150077,1,2,11,6,35,1,1,1,15,0,low,0.5,1196.0
10055,150078,1,1,11,0,25,4,2,2,15,0,high,1.0,5.0
10056,150079,1,1,11,0,35,3,1,1,15,0,high,1.0,9.0
10057,150080,1,2,12,6,25,3,1,1,15,0,low,0.5,6.0
10058,150081,1,4,12,6,35,2,1,1,15,1,low,0.25,6.0
10059,150082,2,2,12,0,30,3,1,1,15,1,high,1.0,4.0
10060,150083,1,1,12,0,25,3,10,1,15,0,high,1.0,9.0
10061,150084,1,5,12,0,25,3,1,1,15,1,low,0.2,6.0
10062,150085,1,3,8,2,25,1,1,1,15,0,low,0.3333333333333333,14.0
10063,150086,1,1,10,0,50,1,1,1,15,1,high,1.0,713.0
10064,150087,2,4,12,2,55,1,1,1,15,0,low,0.5,7.0
10065,150088,1,1,11,0,99,2,99,99,15,1,high,1.0,24.0
10066,160001,1,2,1,2,60,2,5,1,16,0,low,0.5,1.0
10067,160002,1,7,1,6,35,1,2,2,16,0,low,0.14285714285714285,15.0
10068,160003,1,1,1,0,80,2,10,2,16,1,high,1.0,23.0
10069,160004,1,1,1,0,80,2,5,4,16,0,high,1.0,10.0
10070,160005,1,3,1,0,35,3,10,1,16,1,low,0.3333333333333333,4.0
10071,160006,1,2,1,1,60,1,1,1,16,0,low,0.5,13.0
10072,160007,1,1,2,0,55,2,2,2,16,1,high,1.0,3.0
10073,160008,1,1,2,0,25,2,10,1,16,1,high,1.0,19.0
10074,160009,1,2,2,0,50,2,10,2,16,1,low,0.5,28.0
10075,160010,1,1,2,0,35,2,1,4,16,0,high,1.0,20.0
10076,160011,2,2,2,0,25,1,1,11,16,1,high,1.0,13.0
10077,160012,1,1,2,0,35,2,10,1,16,1,high,1.0,18.0
10078,160013,1,3,2,6,55,2,1,1,16,0,low,0.3333333333333333,18.0
10079,160014,1,2,2,8,45,2,1,1,16,0,low,0.5,11.0
10080,160015,1,1,2,0,35,3,1,1,16,1,high,1.0,14.0
10081,160016,1,1,3,0,50,2,1,1,16,1,high,1.0,41.0
10082,160017,1,2,3,0,45,3,1,1,16,1,low,0.5,16.0
10083,160018,1,1,3,0,45,2,1,1,16,1,high,1.0,1.0
10084,160019,1,2,3,0,65,2,1,1,16,1,low,0.5,23.0
10085,160020,2,4,3,2,55,2,1,1,16,1,low,0.5,32.0
10086,160021,1,1,3,0,45,1,1,1,16,0,high,1.0,4.0
10087,160022,1,2,3,8,55,2,1,1,16,1,low,0.5,5.0
10088,160023,1,4,3,6,45,1,10,1,16,0,low,0.25,6.0
10089,160024,1,4,3,8,55,1,10,1,16,0,low,0.25,6.0
10090,160025,2,3,3,11,80,2,1,1,16,0,high,0.6666666666666666,7.0
10091,160026,1,2,3,6,35,1,1,1,16,1,low,0.5,3.0
10092,160027,1,1,3,0,55,1,1,1,16,1,high,1.0,7.0
10093,160028,2,5,3,6,45,2,1,1,16,1,low,0.4,27.0
10094,160029,1,2,3,6,55,1,1,1,16,0,low,0.5,6.0
10095,160030,1,5,3,0,35,1,10,1,16,0,low,0.2,14.0
10096,160031,1,2,4,6,40,1,10,1,16,0,low,0.5,4.0
10097,160032,1,1,4,0,65,1,10,1,16,0,high,1.0,9.0
10098,160033,1,2,4,7,70,1,1,1,16,0,low,0.5,1.0
10099,160034,1,2,4,0,65,2,1,1,16,0,low,0.5,12.0
10100,160035,2,2,4,0,25,1,1,1,16,0,high,1.0,11.0
10101,160036,1,1,4,0,50,1,1,1,16,0,high,1.0,41.0
10102,160037,1,4,4,8,65,1,1,1,16,1,low,0.25,21.0
10103,160038,1,4,4,6,35,3,1,1,16,1,low,0.25,9.0
10104,160039,1,1,4,0,65,1,1,1,16,0,high,1.0,5.0
10105,160040,1,1,5,0,35,1,1,1,16,1,high,1.0,23.0
10106,160041,1,3,5,8,35,1,1,1,16,0,low,0.3333333333333333,14.0
10107,160042,1,2,5,0,80,1,1,1,16,1,low,0.5,4.0
10108,160043,1,1,5,0,55,1,10,1,16,1,high,1.0,19.0
10109,160044,2,4,5,0,40,1,1,1,16,0,low,0.5,3.0
10110,160045,1,2,5,6,55,1,1,1,16,0,low,0.5,51.0
10111,160046,1,1,5,0,65,1,10,1,16,0,high,1.0,13.0
10112,160047,1,5,5,8,65,1,10,1,16,0,low,0.2,7.0
10113,160048,1,1,5,0,55,4,1,1,16,0,high,1.0,11.0
10114,160049,1,1,5,0,55,4,10,2,16,0,high,1.0,6.0
10115,160050,1,4,5,0,30,3,1,1,16,0,low,0.25,36.0
10116,160051,1,2,5,2,45,1,1,1,16,0,low,0.5,5.0
10117,160052,1,3,5,6,50,1,1,1,16,0,low,0.3333333333333333,7.0
10118,160053,1,1,5,0,80,2,1,1,16,0,high,1.0,0.0
10119,160054,1,2,5,0,65,1,1,1,16,0,low,0.5,13.0
10120,160055,1,4,5,6,45,1,1,1,16,0,low,0.25,6.0
10121,160056,1,5,6,1,60,1,2,2,16,0,low,0.2,714.0
10122,160057,1,2,6,0,65,1,1,1,16,0,low,0.5,15.0
10123,160058,1,3,6,6,50,1,1,1,16,0,low,0.3333333333333333,11.0
10124,160059,1,1,6,0,45,1,1,1,16,0,high,1.0,20.0
10125,160060,1,2,6,0,65,2,10,2,16,1,low,0.5,20.0
10126,160061,1,2,6,0,25,1,1,1,16,0,low,0.5,17.0
10127,160062,1,2,6,0,55,1,1,1,16,1,low,0.5,4.0
10128,160063,1,1,6,0,35,1,1,1,16,0,high,1.0,22.0
10129,160064,1,1,6,0,65,1,1,1,16,1,high,1.0,9.0
10130,160065,1,1,6,0,80,2,1,1,16,0,high,1.0,3.0
10131,160066,1,1,6,0,55,1,1,1,16,0,high,1.0,34.0
10132,160067,1,1,7,0,45,1,1,1,16,1,high,1.0,23.0
10133,160069,1,1,7,0,25,2,1,1,16,1,high,1.0,6.0
10134,160070,1,3,6,0,50,1,1,1,16,0,low,0.3333333333333333,90.0
10135,160071,1,1,6,0,55,2,1,1,16,1,high,1.0,46.0
10136,160072,1,2,6,2,65,1,1,1,16,0,low,0.5,11.0
10137,160073,1,6,6,0,20,2,1,1,16,1,low,0.16666666666666666,5.0
10138,160074,2,2,6,0,80,2,1,1,16,0,high,1.0,1.0
10139,160075,1,1,6,0,30,1,1,1,16,0,high,1.0,15.0
10140,160076,1,1,6,0,98,1,1,11,16,0,high,1.0,5.0
10141,160077,1,3,6,6,40,1,1,11,16,0,low,0.3333333333333333,24.0
10142,160078,1,1,6,0,80,4,1,1,16,0,high,1.0,15.0
10143,160079,1,3,6,6,50,1,1,1,16,0,low,0.3333333333333333,23.0
10144,160080,1,1,6,0,35,1,1,1,16,1,high,1.0,47.0
10145,160081,1,3,6,0,80,1,1,1,16,0,low,0.3333333333333333,26.0
10146,160082,1,1,6,0,50,1,1,1,16,0,high,1.0,14.0
10147,160083,1,2,6,6,65,2,1,1,16,1,low,0.5,11.0
10148,160084,1,1,6,0,50,2,1,11,16,1,high,1.0,247.0
10149,160085,1,1,6,0,80,1,1,1,16,1,high,1.0,15.0
10150,160086,1,1,7,0,45,2,1,1,16,1,high,1.0,10.0
10151,160087,1,3,9,0,45,3,1,1,16,1,low,0.3333333333333333,28.0
10152,160088,1,2,9,0,35,1,1,1,16,1,low,0.5,17.0
10153,160089,1,2,8,6,50,1,1,1,16,0,low,0.5,27.0
10154,160090,1,1,7,0,80,2,1,1,16,0,high,1.0,13.0
10155,160091,2,4,8,0,80,1,10,2,16,0,low,0.5,4.0
10156,160092,1,1,8,0,25,2,10,1,16,1,high,1.0,9.0
10157,160093,1,4,8,6,45,1,1,1,16,0,low,0.25,8.0
10158,160094,1,1,7,0,50,1,1,1,16,0,high,1.0,14.0
10159,160095,1,1,8,0,35,1,1,1,16,1,high,1.0,24.0
10160,160096,1,1,8,0,45,1,1,1,16,1,high,1.0,7.0
10161,160097,1,1,7,0,25,1,1,1,16,1,high,1.0,18.0
10162,160098,1,1,7,0,80,1,1,1,16,1,high,1.0,21.0
10163,160099,1,5,8,0,35,2,1,1,16,0,low,0.2,38.0
10164,160100,1,3,8,6,50,3,1,1,16,0,low,0.3333333333333333,6.0
10165,160101,1,4,8,0,65,1,1,1,16,0,low,0.25,20.0
10166,160102,1,1,8,0,75,1,1,1,16,0,high,1.0,52.0
10167,160103,1,5,8,0,65,1,1,1,16,0,low,0.2,10.0
10168,160104,1,1,7,0,35,1,1,1,16,0,high,1.0,6.0
10169,160105,1,1,7,0,65,3,10,1,16,1,high,1.0,7.0
10170,160106,1,2,7,2,65,4,1,1,16,0,low,0.5,9.0
10171,160107,1,1,7,0,98,1,1,1,16,0,high,1.0,6.0
10172,160108,2,4,7,6,50,1,1,1,16,1,low,0.5,7.0
10173,160109,1,1,8,0,80,2,10,1,16,1,high,1.0,10.0
10174,160110,1,1,8,0,65,1,1,1,16,1,high,1.0,6.0
10175,160111,1,2,9,0,65,2,1,1,16,1,low,0.5,5.0
10176,160112,1,2,7,6,45,1,1,1,16,1,low,0.5,12.0
10177,160113,1,6,9,0,65,2,1,1,16,0,low,0.16666666666666666,11.0
10178,160114,3,4,9,0,55,2,1,1,16,0,high,0.75,12.0
10179,160115,1,6,7,1,80,2,1,1,16,0,low,0.16666666666666666,7.0
10180,160116,1,1,7,0,80,1,2,2,16,0,high,1.0,62.0
10181,160117,1,4,7,6,50,1,1,1,16,0,low,0.25,10.0
10182,160118,1,5,7,0,80,1,1,1,16,0,low,0.2,11.0
10183,160119,1,2,7,0,80,1,1,1,16,0,low,0.5,24.0
10184,160120,1,2,8,1,80,1,1,1,16,0,low,0.5,28.0
10185,160121,1,1,8,0,35,1,1,1,16,0,high,1.0,7.0
10186,160122,1,1,8,0,35,2,1,1,16,0,high,1.0,6.0
10187,160123,1,1,7,0,60,1,1,1,16,0,high,1.0,19.0
10188,160124,1,4,9,6,55,1,1,1,16,0,low,0.25,24.0
10189,160125,2,11,7,2,60,1,1,1,16,0,low,0.18181818181818182,1.0
10190,160126,1,1,9,0,25,4,1,1,16,1,high,1.0,9.0
10191,160127,1,4,7,1,80,1,1,1,16,0,low,0.25,14.0
10192,160128,3,4,9,2,65,2,1,1,16,1,high,0.75,70.0
10193,160129,1,3,9,6,50,1,1,1,16,0,low,0.3333333333333333,4.0
10194,160130,1,5,7,6,98,2,1,1,16,1,low,0.2,20.0
10195,160131,1,1,7,0,55,1,1,1,16,1,high,1.0,11.0
10196,160132,1,3,7,2,60,1,1,1,16,1,low,0.3333333333333333,17.0
10197,160133,1,4,7,2,45,1,1,1,16,1,low,0.25,6.0
10198,160134,1,2,8,0,80,2,10,1,16,1,low,0.5,9.0
10199,160135,1,1,7,0,25,1,1,11,16,0,high,1.0,19.0
10200,160136,1,3,8,7,65,1,1,1,16,0,low,0.3333333333333333,8.0
10201,160137,1,2,7,0,65,1,1,1,16,0,low,0.5,7.0
10202,160138,1,1,8,0,65,1,5,1,16,0,high,1.0,26.0
10203,160139,1,2,8,0,98,1,1,1,16,1,low,0.5,4.0
10204,160140,1,1,9,0,50,1,1,1,16,0,high,1.0,22.0
10205,160141,1,2,9,2,55,1,1,1,16,0,low,0.5,13.0
10206,160142,1,1,9,0,55,5,1,1,16,1,high,1.0,8.0
10207,160143,1,2,9,0,65,2,1,1,16,0,low,0.5,14.0
10208,160144,1,3,9,6,50,1,1,2,16,0,low,0.3333333333333333,16.0
10209,160145,1,1,9,0,35,1,1,1,16,0,high,1.0,717.0
10210,160146,1,1,9,0,80,1,1,1,16,1,high,1.0,5.0
10211,160147,1,2,9,6,35,1,10,1,16,0,low,0.5,193.0
10212,160148,1,2,9,2,55,1,1,1,16,0,low,0.5,14.0
10213,160149,1,1,9,0,60,1,5,1,16,0,high,1.0,120.0
10214,160150,1,3,9,6,50,5,1,1,16,1,low,0.3333333333333333,13.0
10215,160151,1,2,7,0,80,1,1,1,16,0,low,0.5,15.0
10216,160152,1,3,7,6,55,1,1,1,16,0,low,0.3333333333333333,8.0
10217,160153,1,5,8,11,55,1,1,1,16,0,low,0.2,5.0
10218,160154,1,2,10,0,35,2,1,1,16,1,low,0.5,6.0
10219,160155,2,3,10,6,40,1,1,1,16,0,high,0.6666666666666666,6.0
10220,160156,1,1,10,0,35,2,1,11,16,0,high,1.0,11.0
10221,160157,1,2,10,0,98,1,1,11,16,1,low,0.5,8.0