,ST_CASE,FATALS,PERSONS,MONTH,MAN_COLL,VSPD_LIM,LGT_COND,WEATHER,VSURCOND,STATE,DRUNK_DR,rate,rate_numerical,arrival_time
10596,170356,1,2,6,6,40,3,1,1,17,2,low,0.5,6.0
10597,170358,1,4,6,6,30,1,10,1,17,0,low,0.25,28.0
10598,170359,1,1,6,0,55,2,1,1,17,0,high,1.0,8.0
10599,170360,1,3,6,6,45,1,1,1,17,0,low,0.3333333333333333,3.0
10600,170361,1,7,6,6,55,2,1,1,17,1,low,0.14285714285714285,33.0
10601,170363,1,1,7,0,55,4,1,1,17,1,high,1.0,29.0
10602,170364,2,5,6,0,55,3,1,1,17,0,low,0.4,8.0
10603,170365,1,1,7,0,25,2,1,1,17,0,high,1.0,10.0
10604,170369,1,1,7,0,55,1,10,1,17,0,high,1.0,12.0
10605,170370,1,2,6,0,98,1,1,1,17,0,low,0.5,14.0
10606,170371,1,5,6,8,35,1,2,2,17,0,low,0.2,17.0
10607,170372,1,1,4,0,35,4,1,1,17,0,high,1.0,7.0
10608,170373,1,4,4,1,55,1,1,1,17,0,low,0.25,8.0
10609,170375,1,2,7,0,30,1,1,1,17,1,low,0.5,35.0
10610,170376,1,3,6,0,50,3,1,1,17,0,low,0.3333333333333333,6.0
10611,170377,1,2,6,6,55,2,2,2,17,1,low,0.5,7.0
10612,170378,1,3,6,6,55,1,1,1,17,0,low,0.3333333333333333,41.0
10613,170379,1,1,6,0,98,3,1,2,17,1,high,1.0,45.0
10614,170380,1,1,6,0,20,3,1,1,17,1,high,1.0,14.0
10615,170381,1,3,6,6,55,5,2,2,17,0,low,0.3333333333333333,3.0
10616,170382,1,1,5,0,45,1,1,1,17,0,high,1.0,11.0
10617,170383,1,1,7,0,30,1,1,1,17,0,high,1.0,8.0
10618,170384,2,4,6,6,30,3,1,2,17,0,low,0.5,13.0
10619,170385,1,1,6,0,70,2,1,99,17,1,high,1.0,19.0
10620,170386,1,1,7,0,55,1,1,1,17,0,high,1.0,7.0
10621,170387,1,1,7,0,35,1,1,1,17,0,high,1.0,11.0
10622,170388,1,3,7,6,35,1,1,1,17,0,low,0.3333333333333333,9.0
10623,170389,1,1,7,0,55,1,1,1,17,0,high,1.0,14.0
10624,170390,1,3,7,0,30,1,1,1,17,0,low,0.3333333333333333,4.0
10625,170391,1,2,7,0,30,1,1,2,17,1,low,0.5,7.0
10626,170392,1,2,7,1,70,1,1,1,17,0,low,0.5,11.0
10627,170393,1,4,7,8,55,1,1,1,17,0,low,0.25,3.0
10628,170394,1,3,7,6,55,1,1,1,17,0,low,0.3333333333333333,9.0
10629,170395,1,3,7,6,40,1,1,1,17,0,low,0.3333333333333333,6.0
10630,170396,1,2,7,2,65,6,1,1,17,1,low,0.5,17.0
10631,170397,1,1,7,0,55,9,99,99,17,0,high,1.0,8.0
10632,170398,1,1,7,0,55,2,1,1,17,1,high,1.0,39.0
10633,170399,1,2,4,1,55,2,1,1,17,0,low,0.5,14.0
10634,170400,2,2,7,2,55,1,1,1,17,0,high,1.0,13.0
10635,170401,1,2,5,2,55,2,1,1,17,0,low,0.5,5.0
10636,170402,1,2,5,2,55,2,99,1,17,1,low,0.5,8.0
10637,170403,1,1,5,0,40,2,1,1,17,1,high,1.0,10.0
10638,170404,1,1,7,0,55,3,1,1,17,0,high,1.0,7.0
10639,170405,1,5,5,6,40,1,1,1,17,0,low,0.2,16.0
10640,170406,1,2,6,0,20,1,1,1,17,0,low,0.5,15.0
10641,170407,1,1,6,0,55,1,2,2,17,0,high,1.0,3.0
10642,170409,1,1,7,0,55,1,1,1,17,1,high,1.0,8.0
10643,170410,2,2,7,0,55,2,99,2,17,1,high,1.0,6.0
10644,170411,1,1,7,0,55,1,1,1,17,0,high,1.0,3.0
10645,170412,1,2,7,6,35,3,1,1,17,1,low,0.5,25.0
10646,170413,1,1,7,0,55,2,2,2,17,0,high,1.0,8.0
10647,170415,1,1,7,0,30,2,1,1,17,1,high,1.0,2.0
10648,170416,1,3,6,6,55,1,1,1,17,1,low,0.3333333333333333,21.0
10649,170417,2,3,7,6,40,3,2,2,17,0,high,0.6666666666666666,4.0
10650,170418,2,3,6,0,45,3,2,2,17,2,high,0.6666666666666666,16.0
10651,170419,1,3,7,0,45,3,10,1,17,0,low,0.3333333333333333,12.0
10652,170420,1,11,6,0,70,1,1,1,17,0,low,0.09090909090909091,7.0
10653,170421,1,2,7,0,65,1,1,2,17,0,low,0.5,9.0
10654,170422,1,1,7,0,55,1,10,1,17,1,high,1.0,6.0
10655,170423,1,2,7,6,55,1,1,1,17,0,low,0.5,15.0
10656,170424,1,1,6,0,45,2,1,1,17,0,high,1.0,0.0
10657,170425,1,1,7,0,40,5,1,1,17,1,high,1.0,46.0
10658,170426,1,3,6,6,45,1,1,1,17,0,low,0.3333333333333333,26.0
10659,170427,1,3,6,0,55,2,1,8,17,1,low,0.3333333333333333,4.0
10660,170428,1,1,6,0,30,1,1,1,17,0,high,1.0,11.0
10661,170429,1,2,6,0,55,2,1,1,17,0,low,0.5,12.0
10662,170430,1,2,7,6,50,2,1,1,17,1,low,0.5,3.0
10663,170431,1,2,7,6,55,1,1,1,17,1,low,0.5,3.0
10664,170432,1,2,6,6,98,1,1,1,17,0,low,0.5,9.0
10665,170433,1,2,7,1,55,1,1,1,17,0,low,0.5,50.0
10666,170435,1,1,7,0,55,1,1,1,17,0,high,1.0,16.0
10667,170436,1,1,7,0,55,5,1,2,17,1,high,1.0,9.0
10668,170437,1,2,7,0,70,1,1,1,17,0,low,0.5,3.0
10669,170438,1,1,7,0,55,1,1,1,17,0,high,1.0,6.0
10670,170439,1,2,7,6,55,1,1,1,17,0,low,0.5,12.0
10671,170440,1,1,7,0,25,1,1,1,17,0,high,1.0,11.0
10672,170441,1,2,7,6,55,1,1,1,17,0,low,0.5,11.0
10673,170442,1,2,4,6,40,1,1,1,17,0,low,0.5,58.0
10674,170443,1,1,7,0,98,1,1,1,17,0,high,1.0,8.0
10675,170445,1,1,5,0,70,1,1,1,17,0,high,1.0,6.0
10676,170446,1,5,6,6,45,1,2,2,17,0,low,0.2,135.0
10677,170447,1,3,7,0,55,1,1,1,17,0,low,0.3333333333333333,11.0
10678,170448,1,4,7,6,55,1,1,1,17,0,low,0.25,16.0
10679,170449,1,2,7,6,50,1,1,1,17,0,low,0.5,10.0
10680,170450,1,2,7,0,40,1,1,1,17,1,low,0.5,23.0
10681,170451,1,1,7,0,55,3,1,1,17,0,high,1.0,3.0
10682,170452,1,3,7,6,55,1,1,1,17,0,low,0.3333333333333333,5.0
10683,170453,1,1,5,0,55,1,1,1,17,0,high,1.0,11.0
10684,170454,1,1,7,0,40,1,1,1,17,0,high,1.0,13.0
10685,170455,1,3,2,2,55,1,1,1,17,1,low,0.3333333333333333,38.0
10686,170456,1,2,3,6,45,1,4,3,17,0,low,0.5,6.0
10687,170457,1,1,4,0,55,5,1,1,17,0,high,1.0,38.0
10688,170458,1,1,6,0,40,2,10,2,17,0,high,1.0,9.0
10689,170459,1,5,6,1,65,1,1,1,17,0,low,0.2,2.0
10690,170460,1,3,7,6,55,1,1,1,17,0,low,0.3333333333333333,44.0
10691,170461,1,1,7,0,55,2,1,1,17,1,high,1.0,49.0
10692,170462,1,1,7,0,55,1,1,1,17,0,high,1.0,2.0
10693,170463,1,1,7,0,30,1,1,1,17,0,high,1.0,5.0
10694,170464,1,1,7,0,30,3,1,1,17,0,high,1.0,3.0
10695,170465,1,2,8,2,55,1,1,1,17,0,low,0.5,6.0
10696,170466,1,5,8,7,55,2,1,1,17,1,low,0.2,9.0
10697,170467,1,3,3,0,25,3,1,1,17,0,low,0.3333333333333333,10.0
10698,170468,1,1,5,0,55,1,1,1,17,0,high,1.0,26.0
10699,170469,1,1,6,0,55,1,1,1,17,0,high,1.0,36.0
10700,170470,1,1,6,0,55,1,1,1,17,0,high,1.0,52.0
10701,170471,1,1,6,0,55,1,1,1,17,0,high,1.0,732.0
10702,170472,1,1,6,0,35,2,1,1,17,0,high,1.0,32.0
10703,170473,1,3,7,0,55,1,1,1,17,0,low,0.3333333333333333,14.0
10704,170474,1,4,7,7,30,3,1,1,17,1,low,0.25,5.0
10705,170475,1,2,8,6,45,1,1,1,17,0,low,0.5,19.0
10706,170476,1,3,7,6,55,2,1,1,17,1,low,0.3333333333333333,12.0
10707,170477,2,6,7,6,55,1,1,1,17,0,low,0.3333333333333333,5.0
10708,170478,1,1,7,0,55,2,1,1,17,0,high,1.0,10.0
10709,170479,1,5,7,6,30,1,1,1,17,0,low,0.2,7.0
10710,170480,1,3,7,0,30,1,1,1,17,0,low,0.3333333333333333,33.0
10711,170481,1,1,7,0,50,4,1,1,17,1,high,1.0,32.0
10712,170482,1,1,8,0,55,2,1,1,17,0,high,1.0,3.0
10713,170483,1,1,7,0,35,3,1,1,17,0,high,1.0,48.0
10714,170484,1,6,7,0,55,3,1,1,17,0,low,0.16666666666666666,26.0
10715,170485,1,1,8,0,55,2,1,1,17,0,high,1.0,50.0
10716,170486,1,3,8,8,55,2,1,1,17,1,low,0.3333333333333333,3.0
10717,170487,1,2,7,0,55,1,1,1,17,0,low,0.5,303.0
10718,170488,1,1,8,0,35,1,1,1,17,0,high,1.0,10.0
10719,170489,2,5,8,0,30,1,1,1,17,1,low,0.4,10.0
10720,170490,1,3,8,2,55,2,1,1,17,0,low,0.3333333333333333,5.0
10721,170491,1,2,8,6,30,1,1,1,17,0,low,0.5,14.0
10722,170492,1,5,8,0,70,1,1,1,17,1,low,0.2,54.0
10723,170493,2,2,8,2,55,3,1,1,17,2,high,1.0,41.0
10724,170494,1,1,8,0,55,3,1,1,17,0,high,1.0,25.0
10725,170495,1,2,8,1,70,1,1,1,17,0,low,0.5,34.0
10726,170496,1,1,8,0,55,2,5,1,17,0,high,1.0,3.0
10727,170498,1,1,8,0,55,2,1,1,17,0,high,1.0,7.0
10728,170499,1,1,8,0,35,3,1,1,17,1,high,1.0,10.0
10729,170500,1,2,8,0,65,2,1,1,17,0,low,0.5,4.0
10730,170501,1,6,8,1,50,5,1,1,17,0,low,0.16666666666666666,6.0
10731,170502,1,1,7,0,40,3,1,1,17,0,high,1.0,30.0
10732,170503,1,2,8,1,55,5,1,1,17,0,low,0.5,43.0
10733,170504,1,1,8,0,30,1,10,1,17,0,high,1.0,16.0
10734,170505,1,2,8,6,55,1,1,1,17,0,low,0.5,3.0
10735,170506,1,2,8,1,65,2,1,1,17,1,low,0.5,16.0
10736,170507,1,2,6,0,30,1,1,1,17,0,low,0.5,56.0
10737,170508,2,3,6,6,40,1,1,1,17,1,high,0.6666666666666666,9.0
10738,170509,1,2,6,1,65,1,1,1,17,0,low,0.5,8.0
10739,170510,1,1,7,0,55,2,1,1,17,1,high,1.0,32.0
10740,170511,2,3,7,0,30,3,1,1,17,1,high,0.6666666666666666,9.0
10741,170512,1,2,7,0,70,2,1,1,17,1,low,0.5,529.0
10742,170513,1,2,7,6,55,1,1,1,17,0,low,0.5,8.0
10743,170514,1,4,8,0,45,1,1,1,17,1,low,0.25,14.0
10744,170515,1,4,8,1,40,1,1,1,17,1,low,0.25,1336.0
10745,170517,1,4,8,7,70,1,1,1,17,0,low,0.25,19.0
10746,170518,1,3,8,0,40,1,1,1,17,0,low,0.3333333333333333,55.0
10747,170519,1,6,8,8,55,1,1,1,17,0,low,0.16666666666666666,10.0
10748,170520,2,2,8,0,65,1,1,1,17,0,high,1.0,6.0
10749,170521,1,6,8,0,70,1,1,1,17,0,low,0.16666666666666666,5.0
10750,170522,1,2,8,2,55,1,2,2,17,0,low,0.5,7.0
10751,170523,1,1,8,0,30,3,1,1,17,0,high,1.0,15.0
10752,170525,1,1,8,0,55,1,1,1,17,0,high,1.0,5.0
10753,170526,1,2,8,0,55,2,1,1,17,1,low,0.5,8.0
10754,170527,1,2,8,7,55,1,1,1,17,0,low,0.5,8.0
10755,170528,1,1,8,0,55,1,1,1,17,1,high,1.0,8.0
10756,170530,1,2,8,0,55,2,1,1,17,1,low,0.5,18.0
10757,170531,1,3,8,1,55,2,1,1,17,0,low,0.3333333333333333,7.0
10758,170533,2,6,8,8,35,1,1,1,17,0,low,0.3333333333333333,11.0
10759,170534,1,1,8,0,30,3,1,1,17,1,high,1.0,13.0
10760,170535,3,3,8,0,40,2,10,1,17,1,high,1.0,55.0
10761,170536,1,7,8,6,55,1,1,1,17,0,low,0.14285714285714285,3.0
10762,170537,1,1,8,0,70,1,1,1,17,0,high,1.0,4.0
10763,170538,1,2,8,0,65,1,1,1,17,0,low,0.5,30.0
10764,170539,1,2,8,1,70,2,1,1,17,0,low,0.5,27.0
10765,170540,1,2,7,0,30,3,1,1,17,1,low,0.5,30.0
10766,170542,1,1,8,0,35,5,1,1,17,1,high,1.0,7.0
10767,170543,1,2,8,6,45,1,2,2,17,0,low,0.5,24.0
10768,170544,1,12,8,1,70,1,1,1,17,0,low,0.08333333333333333,5.0
10769,170545,1,1,8,0,55,1,1,1,17,0,high,1.0,13.0
10770,170546,1,1,4,0,25,1,1,1,17,0,high,1.0,144.0
10771,170547,1,1,7,0,45,1,1,1,17,1,high,1.0,7.0
10772,170548,2,2,6,0,40,2,1,1,17,1,high,1.0,3.0
10773,170549,1,1,9,0,35,1,1,1,17,0,high,1.0,16.0
10774,170550,1,2,2,0,55,2,1,1,17,1,low,0.5,11.0
10775,170551,1,3,4,2,45,1,1,1,17,1,low,0.3333333333333333,12.0
10776,170552,1,1,6,0,65,1,1,1,17,0,high,1.0,8.0
10777,170553,1,2,7,0,30,1,1,1,17,0,low,0.5,11.0
10778,170554,1,4,8,6,45,1,1,1,17,0,low,0.25,31.0
10779,170555,1,1,8,0,55,1,1,8,17,1,high,1.0,9.0
10780,170556,1,2,7,2,55,1,1,1,17,0,low,0.5,9.0
10781,170557,1,2,8,0,40,1,1,1,17,0,low,0.5,17.0
10782,170558,1,1,8,0,55,2,1,1,17,0,high,1.0,3.0
10783,170559,1,2,6,6,45,1,1,1,17,0,low,0.5,4.0
10784,170560,1,1,8,0,55,1,1,1,17,0,high,1.0,4.0
10785,170561,1,1,8,0,55,2,1,1,17,1,high,1.0,17.0
10786,170562,1,1,8,0,40,2,1,1,17,0,high,1.0,15.0
10787,170564,1,1,8,0,45,1,1,1,17,0,high,1.0,0.0
10788,170565,1,2,8,2,70,2,1,1,17,0,low,0.5,3.0
10789,170566,1,3,9,0,45,1,1,1,17,0,low,0.3333333333333333,24.0
10790,170567,1,6,8,2,55,1,1,1,17,1,low,0.16666666666666666,16.0
10791,170568,1,1,8,0,55,2,1,1,17,1,high,1.0,3.0
10792,170569,1,1,7,0,45,3,1,1,17,1,high,1.0,16.0
10793,170570,1,11,9,2,30,3,1,1,17,1,low,0.09090909090909091,10.0
10794,170571,2,10,8,6,30,1,1,1,17,2,low,0.2,22.0
10795,170572,1,1,8,0,25,2,1,1,17,1,high,1.0,20.0
10796,170573,1,5,8,2,55,2,1,1,17,0,low,0.2,2.0
10797,170574,1,2,9,6,40,1,1,1,17,0,low,0.5,6.0
10798,170575,1,1,8,0,55,1,1,1,17,1,high,1.0,9.0
10799,170576,1,1,8,0,40,1,1,1,17,0,high,1.0,9.0
10800,170579,1,2,9,6,98,1,1,1,17,0,low,0.5,1.0
10801,170580,2,2,9,0,45,3,1,99,17,0,high,1.0,5.0
10802,170581,1,1,9,0,55,1,1,1,17,1,high,1.0,11.0
10803,170582,1,2,9,6,55,1,1,1,17,0,low,0.5,11.0
10804,170584,1,7,9,6,40,1,1,1,17,0,low,0.14285714285714285,8.0
10805,170585,1,4,9,6,30,1,1,1,17,0,low,0.25,4.0
10806,170586,1,2,9,7,70,1,1,1,17,0,low,0.5,5.0
10807,170587,1,1,8,0,98,3,1,1,17,0,high,1.0,8.0
10808,170588,1,3,8,6,55,1,10,1,17,1,low,0.3333333333333333,6.0
10809,170589,1,4,8,0,70,1,1,1,17,1,low,0.25,35.0
10810,170590,1,1,9,0,50,1,2,2,17,0,high,1.0,11.0
10811,170592,1,2,9,0,25,1,1,1,17,0,low,0.5,15.0
10812,170593,1,3,8,2,55,1,1,1,17,0,low,0.3333333333333333,24.0
10813,170594,1,1,9,0,55,1,1,1,17,0,high,1.0,21.0
10814,170595,1,6,9,6,35,1,10,2,17,1,low,0.16666666666666666,11.0
10815,170596,1,1,9,0,50,2,1,1,17,0,high,1.0,9.0
10816,170597,1,2,9,2,55,1,1,1,17,0,low,0.5,5.0
10817,170598,1,1,9,0,40,1,1,1,17,0,high,1.0,9.0
10818,170599,1,4,9,2,55,3,1,1,17,1,low,0.25,3.0
10819,170600,1,2,9,0,45,2,1,1,17,0,low,0.5,6.0
10820,170601,1,2,9,6,55,2,1,1,17,0,low,0.5,4.0
10821,170602,1,1,9,0,55,2,1,1,17,1,high,1.0,15.0
10822,170603,1,1,9,0,55,4,1,1,17,0,high,1.0,5.0
10823,170604,1,3,9,6,55,1,1,1,17,0,low,0.3333333333333333,23.0
10824,170605,1,4,9,6,98,1,1,1,17,0,low,0.25,45.0
10825,170606,1,2,9,2,50,1,1,1,17,0,low,0.5,8.0
10826,170607,1,1,8,0,55,1,1,1,17,0,high,1.0,15.0
10827,170608,1,2,9,2,55,2,1,1,17,0,low,0.5,23.0
10828,170609,1,4,8,6,55,1,1,1,17,1,low,0.25,48.0
10829,170610,1,2,8,0,55,2,1,1,17,1,low,0.5,9.0
10830,170611,1,2,8,0,55,1,1,1,17,1,low,0.5,8.0
10831,170612,2,5,8,6,45,1,1,1,17,0,low,0.4,8.0
10832,170613,1,1,7,0,98,1,1,1,17,0,high,1.0,13.0
10833,170614,1,3,8,0,25,2,1,1,17,0,low,0.3333333333333333,4.0
10834,170615,1,2,8,1,65,1,1,1,17,0,low,0.5,13.0
10835,170616,1,1,8,0,55,3,1,1,17,0,high,1.0,13.0
10836,170617,1,3,8,6,45,1,1,1,17,0,low,0.3333333333333333,26.0
10837,170618,1,1,9,0,55,2,1,1,17,1,high,1.0,18.0
10838,170619,1,3,9,1,55,3,1,1,17,0,low,0.3333333333333333,15.0
10839,170620,1,5,9,6,55,1,2,2,17,0,low,0.2,57.0
10840,170621,1,2,8,1,40,2,1,1,17,2,low,0.5,49.0
10841,170623,1,2,9,0,70,1,1,1,17,0,low,0.5,12.0
10842,170624,1,2,9,0,70,1,1,1,17,0,low,0.5,9.0
10843,170625,1,1,9,0,45,2,1,1,17,0,high,1.0,49.0
10844,170626,1,2,9,0,25,1,1,1,17,0,low,0.5,3.0
10845,170627,1,2,9,0,70,2,1,1,17,0,low,0.5,13.0
10846,170628,1,4,7,1,55,1,1,1,17,0,low,0.25,40.0
10847,170629,1,3,9,6,55,2,1,1,17,1,low,0.3333333333333333,12.0
10848,170631,1,3,9,6,55,1,1,1,17,0,low,0.3333333333333333,27.0
10849,170632,1,5,9,1,55,3,1,1,17,1,low,0.2,19.0
10850,170633,1,2,9,6,50,1,1,1,17,0,low,0.5,6.0
10851,170634,1,2,9,6,55,1,1,2,17,0,low,0.5,7.0
10852,170635,1,4,9,0,55,1,1,1,17,0,low,0.25,5.0
10853,170636,1,3,9,8,55,2,1,1,17,1,low,0.3333333333333333,10.0
10854,170637,1,2,9,6,55,1,1,1,17,0,low,0.5,25.0
10855,170638,2,6,9,6,45,3,1,1,17,0,low,0.3333333333333333,1.0
10856,170639,2,6,9,6,55,1,10,1,17,1,low,0.3333333333333333,22.0
10857,170640,1,2,9,99,55,2,1,1,17,2,low,0.5,5.0
10858,170641,1,1,8,0,55,1,1,1,17,0,high,1.0,5.0
10859,170642,1,1,7,0,35,3,1,2,17,0,high,1.0,29.0
10860,170643,1,1,10,0,30,3,1,1,17,0,high,1.0,18.0
10861,170644,1,1,9,0,55,5,1,1,17,1,high,1.0,1000.0
10862,170645,1,1,7,0,40,3,1,2,17,0,high,1.0,10.0
10863,170646,1,5,10,6,55,5,1,1,17,1,low,0.2,15.0
10864,170647,1,6,8,6,30,1,1,1,17,1,low,0.16666666666666666,9.0
10865,170648,1,1,9,0,98,1,1,1,17,0,high,1.0,14.0
10866,170649,2,4,9,6,55,1,1,1,17,0,low,0.5,4.0
10867,170650,1,1,9,0,55,2,1,1,17,0,high,1.0,2.0
10868,170651,1,3,9,0,55,1,1,1,17,0,low,0.3333333333333333,5.0
10869,170652,1,1,9,0,55,2,1,1,17,0,high,1.0,9.0
10870,170653,1,1,9,0,30,3,1,1,17,0,high,1.0,9.0
10871,170654,1,1,9,0,35,2,1,1,17,1,high,1.0,23.0
10872,170655,1,1,9,0,25,3,1,1,17,0,high,1.0,36.0
10873,170656,1,1,9,0,30,1,1,1,17,0,high,1.0,22.0
10874,170657,1,1,7,0,30,1,1,1,17,0,high,1.0,5.0
10875,170658,1,1,9,0,55,1,1,1,17,1,high,1.0,119.0
10876,170659,1,3,10,1,70,1,1,1,17,0,low,0.3333333333333333,28.0
10877,170660,1,3,6,0,35,1,10,1,17,0,low,0.3333333333333333,10.0
10878,170661,1,1,10,0,55,2,1,1,17,0,high,1.0,18.0
10879,170662,1,1,10,0,70,5,1,1,17,0,high,1.0,1.0
10880,170663,1,1,10,0,55,1,1,1,17,0,high,1.0,8.0
10881,170664,1,2,10,2,70,2,1,1,17,0,low,0.5,7.0
10882,170665,1,1,10,0,40,5,1,1,17,0,high,1.0,6.0
10883,170666,1,1,10,0,98,3,1,1,17,0,high,1.0,5.0
10884,170667,1,2,10,0,35,2,1,1,17,1,low,0.5,10.0
10885,170668,1,1,10,0,98,3,1,1,17,0,high,1.0,3.0
10886,170669,1,2,9,0,25,1,1,1,17,0,low,0.5,8.0
10887,170670,1,1,9,0,55,1,1,1,17,0,high,1.0,7.0
10888,170671,1,1,3,0,98,1,1,98,17,0,high,1.0,16.0
10889,170672,1,2,5,6,30,1,1,1,17,1,low,0.5,8.0
10890,170673,1,1,5,0,55,1,1,1,17,1,high,1.0,5.0
10891,170674,1,1,7,0,55,2,1,1,17,0,high,1.0,6.0
10892,170675,2,2,8,0,45,2,1,1,17,0,high,1.0,17.0
10893,170676,1,1,7,0,35,1,99,99,17,1,high,1.0,8.0
10894,170677,1,2,9,7,55,1,1,1,17,1,low,0.5,27.0
10895,170678,1,1,5,0,35,6,1,1,17,0,high,1.0,6.0
10896,170679,1,1,9,0,55,3,2,2,17,0,high,1.0,10.0
10897,170680,1,1,9,0,55,1,1,1,17,0,high,1.0,6.0
10898,170681,1,1,9,0,35,2,1,1,17,0,high,1.0,98.0
10899,170682,1,1,10,0,55,2,1,1,17,0,high,1.0,7.0
10900,170683,1,1,10,0,25,2,1,1,17,0,high,1.0,5.0
10901,170684,1,3,10,6,40,3,1,1,17,0,low,0.3333333333333333,4.0
10902,170685,1,3,10,2,30,1,1,1,17,0,low,0.3333333333333333,85.0
10903,170686,1,4,10,0,65,3,1,1,17,1,low,0.25,12.0
10904,170687,1,1,10,0,45,3,1,1,17,0,high,1.0,5.0
10905,170688,1,5,10,0,70,1,1,1,17,0,low,0.2,3.0
10906,170690,1,3,7,7,98,3,1,1,17,1,low,0.3333333333333333,5.0
10907,170691,2,2,7,0,40,2,1,1,17,1,high,1.0,4.0
10908,170692,1,2,10,0,55,1,1,1,17,0,low,0.5,18.0
10909,170693,2,4,10,2,45,1,1,1,17,0,low,0.5,10.0
10910,170694,1,1,10,0,55,2,1,1,17,1,high,1.0,16.0
10911,170695,1,3,10,0,65,1,1,1,17,0,low,0.3333333333333333,4.0
10912,170696,1,1,10,0,55,2,1,1,17,0,high,1.0,27.0
10913,170698,1,1,10,0,45,2,1,1,17,1,high,1.0,56.0
10914,170699,1,1,10,0,55,1,1,1,17,1,high,1.0,30.0
10915,170700,1,1,10,0,55,1,1,1,17,0,high,1.0,2.0
10916,170701,1,2,10,0,45,2,1,1,17,0,low,0.5,2.0
10917,170702,1,6,10,6,35,1,1,1,17,0,low,0.16666666666666666,3.0
10918,170703,1,3,10,0,70,2,1,1,17,0,low,0.3333333333333333,12.0
10919,170704,1,1,10,0,40,2,1,1,17,0,high,1.0,0.0
10920,170705,1,2,10,6,30,1,1,1,17,1,low,0.5,4.0
10921,170706,1,1,9,0,40,3,1,1,17,0,high,1.0,3.0
10922,170707,1,1,10,0,55,2,1,1,17,1,high,1.0,5.0
10923,170708,1,2,10,1,30,5,1,1,17,1,low,0.5,12.0
10924,170709,1,2,10,0,70,2,1,1,17,0,low,0.5,40.0
10925,170710,1,1,10,0,70,2,1,1,17,0,high,1.0,12.0
10926,170711,1,3,10,6,98,3,1,1,17,0,low,0.3333333333333333,7.0
10927,170712,1,3,10,2,55,1,1,1,17,0,low,0.3333333333333333,17.0
10928,170713,1,2,10,2,35,1,1,1,17,2,low,0.5,65.0
10929,170715,1,1,10,0,55,3,1,1,17,1,high,1.0,14.0
10930,170716,1,2,3,0,30,1,1,1,17,0,low,0.5,9.0
10931,170717,1,3,3,0,30,1,1,1,17,0,low,0.3333333333333333,5.0
10932,170718,1,1,5,0,30,3,1,1,17,0,high,1.0,9.0
10933,170719,1,2,5,0,30,3,2,2,17,0,low,0.5,19.0
10934,170720,1,2,6,0,30,1,1,1,17,0,low,0.5,14.0
10935,170721,1,2,5,0,30,1,1,1,17,0,low,0.5,14.0
10936,170722,2,2,6,0,30,1,1,1,17,0,high,1.0,5.0
10937,170723,1,1,6,0,35,1,1,1,17,0,high,1.0,4.0
10938,170724,1,1,6,0,30,1,2,2,17,0,high,1.0,8.0
10939,170725,1,2,7,0,98,3,2,2,17,1,low,0.5,5.0
10940,170726,1,5,7,8,30,1,1,1,17,0,low,0.2,15.0
10941,170727,1,3,9,6,30,1,1,1,17,0,low,0.3333333333333333,6.0
10942,170728,1,2,8,0,65,1,1,1,17,0,low,0.5,4.0
10943,170730,1,1,9,0,25,1,1,1,17,0,high,1.0,47.0
10944,170731,1,2,10,2,50,2,1,1,17,0,low,0.5,23.0
10945,170732,1,3,10,6,55,1,1,1,17,1,low,0.3333333333333333,19.0
10946,170733,1,4,10,6,55,1,1,1,17,1,low,0.25,5.0
10947,170734,1,2,9,0,30,3,1,1,17,0,low,0.5,15.0
10948,170735,1,3,10,1,55,3,1,1,17,0,low,0.3333333333333333,16.0
10949,170736,1,1,10,0,25,3,2,2,17,1,high,1.0,4.0
10950,170737,2,2,10,0,50,2,1,1,17,1,high,1.0,14.0
10951,170738,1,2,10,0,55,1,1,11,17,0,low,0.5,4.0
10952,170739,1,1,10,0,55,2,1,1,17,0,high,1.0,19.0
10953,170740,1,2,10,7,65,1,1,1,17,0,low,0.5,9.0
10954,170741,1,1,10,0,35,3,1,1,17,0,high,1.0,5.0
10955,170742,1,2,10,0,70,1,6,1,17,0,low,0.5,62.0
10956,170743,1,1,10,0,35,1,1,1,17,0,high,1.0,10.0
10957,170744,1,1,10,0,35,1,1,1,17,0,high,1.0,119.0
10958,170745,1,1,10,0,30,1,1,1,17,0,high,1.0,43.0
10959,170746,1,5,10,1,60,1,1,1,17,0,low,0.2,10.0
10960,170747,1,3,10,2,55,2,2,2,17,0,low,0.3333333333333333,27.0
10961,170748,1,1,10,0,25,3,2,2,17,0,high,1.0,62.0
10962,170749,1,2,10,6,20,1,1,1,17,1,low,0.5,8.0
10963,170750,1,9,10,0,70,2,2,2,17,0,low,0.1111111111111111,10.0
10964,170751,1,2,10,0,45,1,1,1,17,0,low,0.5,10.0
10965,170752,1,1,10,0,35,2,1,1,17,0,high,1.0,9.0