,ST_CASE,FATALS,PERSONS,MONTH,MAN_COLL,VSPD_LIM,LGT_COND,WEATHER,VSURCOND,STATE,DRUNK_DR,rate,rate_numerical,arrival_time
11337,180170,1,2,4,0,35,2,5,2,18,0,low,0.5,13.0
11338,180171,1,1,4,0,55,4,10,1,18,0,high,1.0,9.0
11339,180172,1,1,4,0,55,2,10,2,18,1,high,1.0,14.0
11340,180173,1,4,4,0,55,1,1,1,18,0,low,0.25,19.0
11341,180174,1,1,4,0,35,2,1,1,18,0,high,1.0,18.0
11342,180175,1,1,4,0,55,1,1,1,18,0,high,1.0,12.0
11343,180176,1,1,4,0,55,2,1,1,18,1,high,1.0,3.0
11344,180177,1,5,4,6,55,1,1,1,18,0,low,0.2,6.0
11345,180178,1,4,4,7,55,1,10,1,18,0,low,0.25,10.0
11346,180179,1,1,4,0,45,1,1,1,18,0,high,1.0,8.0
11347,180180,2,2,4,0,55,2,1,1,18,0,high,1.0,9.0
11348,180181,1,3,4,0,55,2,1,1,18,0,low,0.3333333333333333,4.0
11349,180182,1,1,4,0,55,1,10,1,18,0,high,1.0,7.0
11350,180184,1,2,4,1,40,2,1,1,18,0,low,0.5,8.0
11351,180185,1,1,4,0,40,1,1,1,18,0,high,1.0,4.0
11352,180186,1,7,4,6,55,1,2,2,18,0,low,0.14285714285714285,8.0
11353,180188,1,1,4,0,40,1,1,1,18,0,high,1.0,4.0
11354,180189,1,2,4,6,40,1,2,2,18,0,low,0.5,2.0
11355,180190,1,1,4,0,40,1,1,1,18,0,high,1.0,13.0
11356,180191,1,3,4,2,35,1,1,1,18,0,low,0.3333333333333333,7.0
11357,180192,1,1,4,0,55,1,1,1,18,0,high,1.0,5.0
11358,180193,1,2,4,0,55,5,1,1,18,1,low,0.5,5.0
11359,180194,1,1,4,0,55,1,1,1,18,0,high,1.0,1.0
11360,180195,1,3,4,6,45,1,10,1,18,0,low,0.3333333333333333,6.0
11361,180196,1,2,5,0,40,1,1,1,18,0,low,0.5,5.0
11362,180197,1,1,1,0,99,2,1,1,18,0,high,1.0,8.0
11363,180198,1,1,3,0,99,1,2,2,18,0,high,1.0,66.0
11364,180199,1,1,4,0,45,2,1,1,18,1,high,1.0,8.0
11365,180200,1,1,4,0,25,1,1,1,18,0,high,1.0,10.0
11366,180201,1,1,4,0,55,2,1,1,18,0,high,1.0,3.0
11367,180202,1,3,5,2,30,1,1,1,18,0,low,0.3333333333333333,18.0
11368,180203,2,4,5,6,45,1,1,1,18,0,low,0.5,17.0
11369,180204,1,1,5,0,55,2,1,1,18,0,high,1.0,5.0
11370,180205,1,1,5,0,30,2,1,1,18,0,high,1.0,67.0
11371,180206,1,4,5,6,30,1,1,1,18,2,low,0.25,7.0
11372,180207,1,1,4,0,70,1,1,1,18,1,high,1.0,13.0
11373,180208,2,3,5,6,55,2,1,1,18,0,high,0.6666666666666666,7.0
11374,180209,1,2,5,0,45,2,1,2,18,1,low,0.5,23.0
11375,180210,1,2,5,6,55,1,1,1,18,0,low,0.5,10.0
11376,180211,1,1,5,0,55,2,1,1,18,1,high,1.0,97.0
11377,180212,1,3,5,2,35,1,1,1,18,0,low,0.3333333333333333,2.0
11378,180213,1,3,5,6,40,1,10,2,18,0,low,0.3333333333333333,14.0
11379,180214,1,2,5,6,30,2,2,2,18,0,low,0.5,13.0
11380,180215,1,1,5,0,55,1,1,1,18,0,high,1.0,5.0
11381,180216,1,3,5,6,45,1,1,1,18,0,low,0.3333333333333333,11.0
11382,180217,1,6,3,2,55,2,1,1,18,1,low,0.16666666666666666,20.0
11383,180218,1,5,4,1,55,1,10,1,18,0,low,0.2,11.0
11384,180219,1,4,5,2,55,1,1,1,18,0,low,0.25,2.0
11385,180220,1,2,5,6,55,1,1,1,18,0,low,0.5,4.0
11386,180221,1,3,5,6,45,1,1,1,18,0,low,0.3333333333333333,2.0
11387,180222,1,1,5,0,55,1,10,1,18,0,high,1.0,14.0
11388,180223,1,2,5,6,40,2,10,1,18,0,low,0.5,35.0
11389,180224,1,2,5,2,55,1,1,1,18,1,low,0.5,92.0
11390,180225,1,2,5,6,45,2,1,1,18,0,low,0.5,15.0
11391,180226,1,1,5,0,60,1,10,1,18,0,high,1.0,7.0
11392,180227,1,4,5,0,30,2,10,1,18,0,low,0.25,2.0
11393,180228,1,3,5,1,45,1,1,1,18,1,low,0.3333333333333333,13.0
11394,180229,1,4,5,6,50,4,10,1,18,0,low,0.25,1.0
11395,180230,1,1,5,0,55,2,10,2,18,1,high,1.0,6.0
11396,180231,1,1,5,0,30,2,1,1,18,1,high,1.0,12.0
11397,180232,1,1,5,0,30,1,1,1,18,0,high,1.0,8.0
11398,180233,1,1,5,0,30,1,1,1,18,0,high,1.0,17.0
11399,180234,1,4,5,0,55,1,1,1,18,0,low,0.25,11.0
11400,180235,1,1,5,0,45,1,1,1,18,0,high,1.0,10.0
11401,180236,1,1,5,0,45,2,1,1,18,0,high,1.0,40.0
11402,180237,1,1,5,0,40,4,10,1,18,0,high,1.0,0.0
11403,180238,1,4,5,2,35,5,1,1,18,0,low,0.25,10.0
11404,180239,1,5,5,6,45,1,10,1,18,0,low,0.2,4.0
11405,180240,1,1,5,0,45,1,1,1,18,0,high,1.0,6.0
11406,180241,1,2,5,0,55,2,10,1,18,0,low,0.5,9.0
11407,180242,1,2,5,2,45,1,10,1,18,0,low,0.5,27.0
11408,180243,1,4,4,1,55,1,1,1,18,0,low,0.25,3.0
11409,180244,1,2,5,0,55,1,1,1,18,1,low,0.5,18.0
11410,180245,2,5,5,6,55,1,1,1,18,0,low,0.4,25.0
11411,180246,1,4,5,6,50,1,1,1,18,0,low,0.25,8.0
11412,180247,1,1,5,0,25,1,10,1,18,0,high,1.0,9.0
11413,180248,1,3,5,1,45,2,1,1,18,0,low,0.3333333333333333,8.0
11414,180249,1,2,5,2,55,1,1,1,18,0,low,0.5,4.0
11415,180250,1,4,5,7,40,2,1,1,18,0,low,0.25,6.0
11416,180251,1,2,5,0,55,2,1,1,18,1,low,0.5,58.0
11417,180252,1,2,5,0,40,2,1,1,18,0,low,0.5,15.0
11418,180253,1,1,5,0,35,1,10,1,18,0,high,1.0,7.0
11419,180254,1,2,5,0,55,1,1,1,18,0,low,0.5,37.0
11420,180255,1,3,5,0,55,2,1,1,18,0,low,0.3333333333333333,8.0
11421,180256,1,3,5,2,55,1,2,2,18,0,low,0.3333333333333333,11.0
11422,180257,1,2,5,0,35,2,2,2,18,1,low,0.5,7.0
11423,180258,1,4,5,0,40,2,1,1,18,0,low,0.25,7.0
11424,180259,1,4,5,6,45,1,1,1,18,1,low,0.25,11.0
11425,180261,1,3,5,0,45,1,10,1,18,1,low,0.3333333333333333,32.0
11426,180262,1,4,6,6,25,1,1,1,18,0,low,0.25,6.0
11427,180263,1,3,4,0,0,1,1,0,18,0,low,0.3333333333333333,7.0
11428,180264,2,3,5,6,30,1,1,1,18,0,high,0.6666666666666666,5.0
11429,180265,1,1,5,0,45,2,1,1,18,0,high,1.0,4.0
11430,180266,1,3,5,6,30,1,1,1,18,0,low,0.3333333333333333,11.0
11431,180267,1,2,6,6,45,1,10,1,18,0,low,0.5,2.0
11432,180268,1,2,6,1,65,1,1,1,18,0,low,0.5,5.0
11433,180269,1,1,6,0,45,1,1,1,18,0,high,1.0,7.0
11434,180270,1,2,6,6,45,1,10,1,18,0,low,0.5,19.0
11435,180271,1,2,6,0,55,1,1,1,18,0,low,0.5,10.0
11436,180273,1,1,5,0,15,2,1,1,18,0,high,1.0,9.0
11437,180274,1,1,5,0,45,1,1,1,18,0,high,1.0,4.0
11438,180275,1,3,5,2,70,2,1,1,18,0,low,0.3333333333333333,10.0
11439,180276,1,1,6,0,40,2,1,1,18,1,high,1.0,2.0
11440,180277,1,1,4,0,35,2,2,2,18,0,high,1.0,15.0
11441,180278,1,1,5,0,99,2,98,99,18,0,high,1.0,5.0
11442,180279,1,2,6,0,45,1,1,1,18,0,low,0.5,32.0
11443,180280,1,1,6,0,30,1,1,1,18,0,high,1.0,6.0
11444,180281,1,1,6,0,99,2,1,1,18,0,high,1.0,5.0
11445,180282,1,3,6,0,65,1,1,1,18,0,low,0.3333333333333333,50.0
11446,180283,1,3,6,6,30,1,10,1,18,1,low,0.3333333333333333,9.0
11447,180284,1,1,4,0,35,5,1,1,18,1,high,1.0,7.0
11448,180285,1,2,2,0,35,2,1,1,18,1,low,0.5,20.0
11449,180286,1,1,2,0,45,1,11,4,18,0,high,1.0,10.0
11450,180287,1,2,5,0,30,1,1,1,18,0,low,0.5,4.0
11451,180288,1,3,6,6,55,1,1,1,18,0,low,0.3333333333333333,5.0
11452,180289,1,1,6,0,55,1,1,1,18,0,high,1.0,15.0
11453,180290,1,2,6,2,30,2,2,2,18,2,low,0.5,6.0
11454,180291,1,1,6,0,55,1,1,1,18,0,high,1.0,19.0
11455,180292,2,2,6,0,55,1,1,1,18,0,high,1.0,12.0
11456,180293,1,1,6,0,45,2,1,1,18,0,high,1.0,28.0
11457,180294,1,1,6,0,40,1,1,1,18,0,high,1.0,8.0
11458,180296,1,1,5,0,25,2,10,1,18,1,high,1.0,28.0
11459,180297,1,1,6,0,55,2,1,1,18,0,high,1.0,5.0
11460,180298,1,2,6,0,70,1,1,1,18,0,low,0.5,31.0
11461,180299,1,5,6,6,30,1,1,1,18,0,low,0.2,7.0
11462,180300,1,2,6,2,70,2,1,2,18,0,low,0.5,10.0
11463,180301,1,3,6,6,45,1,1,1,18,0,low,0.3333333333333333,29.0
11464,180302,1,3,6,0,35,1,10,1,18,0,low,0.3333333333333333,9.0
11465,180303,1,3,3,0,50,2,1,1,18,1,low,0.3333333333333333,2.0
11466,180304,1,2,5,0,55,1,10,1,18,0,low,0.5,8.0
11467,180305,1,2,6,0,70,2,1,1,18,0,low,0.5,9.0
11468,180306,3,5,6,1,70,1,1,1,18,0,high,0.6,1.0
11469,180307,2,5,6,6,55,1,1,1,18,0,low,0.4,8.0
11470,180308,1,4,6,6,50,4,1,1,18,0,low,0.25,11.0
11471,180309,1,5,3,6,55,1,2,2,18,0,low,0.2,20.0
11472,180310,1,1,6,0,40,2,2,2,18,0,high,1.0,8.0
11473,180311,1,1,6,0,55,2,1,1,18,0,high,1.0,6.0
11474,180312,1,2,6,6,35,1,1,1,18,0,low,0.5,19.0
11475,180313,1,2,6,2,55,1,10,1,18,0,low,0.5,9.0
11476,180314,1,3,6,6,55,2,2,2,18,1,low,0.3333333333333333,10.0
11477,180315,1,5,6,6,40,2,1,1,18,0,low,0.2,13.0
11478,180316,2,5,6,6,55,1,10,1,18,0,low,0.4,2.0
11479,180317,1,2,6,1,70,2,2,2,18,1,low,0.5,10.0
11480,180318,1,1,6,0,25,2,1,1,18,0,high,1.0,4.0
11481,180319,1,2,6,0,55,2,2,2,18,0,low,0.5,8.0
11482,180320,1,5,6,6,35,1,10,2,18,0,low,0.2,17.0
11483,180321,1,1,6,0,50,1,1,1,18,1,high,1.0,25.0
11484,180323,1,1,6,0,30,1,1,1,18,0,high,1.0,22.0
11485,180324,1,2,6,0,45,2,2,2,18,1,low,0.5,12.0
11486,180325,1,3,6,1,40,2,10,1,18,0,low,0.3333333333333333,9.0
11487,180326,1,2,6,2,55,2,1,1,18,0,low,0.5,18.0
11488,180327,1,2,6,6,35,1,1,1,18,0,low,0.5,7.0
11489,180328,1,2,6,6,40,1,1,1,18,0,low,0.5,6.0
11490,180329,1,1,2,0,35,2,1,1,18,0,high,1.0,9.0
11491,180330,1,1,4,0,35,1,1,1,18,0,high,1.0,71.0
11492,180331,1,1,5,0,40,1,10,1,18,0,high,1.0,9.0
11493,180332,1,1,6,0,30,1,1,1,18,0,high,1.0,4.0
11494,180333,1,2,6,0,55,1,1,1,18,0,low,0.5,7.0
11495,180334,1,5,6,6,40,1,10,1,18,0,low,0.2,12.0
11496,180336,2,4,6,0,45,2,2,6,18,0,low,0.5,12.0
11497,180337,2,5,6,1,55,1,1,1,18,0,low,0.4,7.0
11498,180338,1,2,6,2,50,1,2,2,18,1,low,0.5,4.0
11499,180339,1,1,6,0,45,1,2,2,18,0,high,1.0,9.0
11500,180340,1,2,6,0,35,2,1,1,18,0,low,0.5,152.0
11501,180341,1,1,6,0,99,2,1,1,18,0,high,1.0,10.0
11502,180342,1,1,6,0,30,1,2,2,18,0,high,1.0,22.0
11503,180343,1,4,6,2,45,1,1,1,18,0,low,0.25,50.0
11504,180344,1,1,6,0,35,2,2,2,18,0,high,1.0,38.0
11505,180345,1,1,6,0,40,2,1,1,18,0,high,1.0,10.0
11506,180346,1,3,6,6,30,1,1,1,18,0,low,0.3333333333333333,13.0
11507,180347,1,1,7,0,25,1,10,1,18,0,high,1.0,6.0
11508,180348,1,2,7,6,35,1,10,1,18,0,low,0.5,5.0
11509,180349,1,3,7,0,60,2,10,1,18,0,low,0.3333333333333333,11.0
11510,180350,1,2,6,1,55,1,10,1,18,0,low,0.5,4.0
11511,180351,1,2,7,6,55,1,10,1,18,0,low,0.5,0.0
11512,180352,1,4,6,6,70,1,10,1,18,1,low,0.25,191.0
11513,180353,1,1,7,0,60,2,10,1,18,0,high,1.0,11.0
11514,180354,1,1,7,0,40,1,1,1,18,1,high,1.0,31.0
11515,180355,1,1,5,0,55,4,1,1,18,0,high,1.0,5.0
11516,180356,1,6,6,6,70,1,2,2,18,0,low,0.16666666666666666,8.0
11517,180357,2,7,7,0,35,2,1,1,18,1,low,0.2857142857142857,10.0
11518,180358,1,4,7,6,45,1,2,2,18,0,low,0.25,16.0
11519,180359,1,3,7,1,30,2,10,1,18,1,low,0.3333333333333333,5.0
11520,180360,1,5,7,0,55,1,1,1,18,0,low,0.2,2.0
11521,180361,2,3,7,6,55,1,2,2,18,0,high,0.6666666666666666,5.0
11522,180362,1,3,7,0,70,1,1,1,18,0,low,0.3333333333333333,1.0
11523,180363,1,1,7,0,60,1,1,1,18,0,high,1.0,1.0
11524,180364,1,3,7,6,50,2,2,2,18,1,low,0.3333333333333333,7.0
11525,180365,2,3,7,0,45,1,2,2,18,0,high,0.6666666666666666,46.0
11526,180366,1,2,7,1,65,1,1,1,18,0,low,0.5,10.0
11527,180367,1,2,6,0,45,1,1,2,18,0,low,0.5,10.0
11528,180368,1,1,7,0,15,2,10,1,18,1,high,1.0,41.0
11529,180369,1,2,7,2,45,1,1,1,18,0,low,0.5,16.0
11530,180370,1,1,7,0,45,1,1,1,18,0,high,1.0,9.0
11531,180371,1,2,7,1,55,1,1,1,18,0,low,0.5,20.0
11532,180372,1,2,6,0,55,2,2,2,18,0,low,0.5,18.0
11533,180373,1,2,7,0,60,1,1,1,18,0,low,0.5,17.0
11534,180374,1,3,7,6,40,5,1,1,18,0,low,0.3333333333333333,14.0
11535,180375,1,3,7,8,55,4,10,1,18,0,low,0.3333333333333333,13.0
11536,180376,1,2,7,0,55,2,1,1,18,1,low,0.5,3.0
11537,180377,1,2,7,0,45,2,1,1,18,1,low,0.5,7.0
11538,180378,1,1,7,0,55,3,2,2,18,0,high,1.0,8.0
11539,180379,1,4,7,6,55,2,10,2,18,0,low,0.25,12.0
11540,180380,1,5,7,0,20,2,1,1,18,0,low,0.2,61.0
11541,180381,1,1,7,0,35,1,1,1,18,0,high,1.0,10.0
11542,180382,2,7,7,6,60,1,1,1,18,0,low,0.2857142857142857,2.0
11543,180383,1,2,7,6,45,1,1,1,18,0,low,0.5,18.0
11544,180384,1,1,3,0,40,1,10,1,18,0,high,1.0,153.0
11545,180385,1,4,7,6,55,1,1,1,18,0,low,0.25,5.0
11546,180386,1,2,7,0,70,2,1,1,18,0,low,0.5,9.0
11547,180387,1,5,7,7,45,1,10,1,18,1,low,0.2,21.0
11548,180388,1,1,7,0,35,3,1,1,18,0,high,1.0,15.0
11549,180389,1,1,7,0,30,1,1,1,18,0,high,1.0,9.0
11550,180390,1,1,7,0,35,1,1,1,18,0,high,1.0,18.0
11551,180391,1,2,7,6,35,1,1,1,18,0,low,0.5,6.0
11552,180392,1,1,5,0,55,2,1,1,18,0,high,1.0,12.0
11553,180393,1,2,5,2,35,1,10,2,18,0,low,0.5,41.0
11554,180394,2,4,6,6,65,1,1,1,18,0,low,0.5,2.0
11555,180395,1,2,6,0,50,1,1,1,18,0,low,0.5,9.0
11556,180396,1,4,7,6,25,1,1,1,18,0,low,0.25,6.0
11557,180397,1,3,7,1,40,3,1,1,18,0,low,0.3333333333333333,8.0
11558,180398,1,1,7,0,30,1,1,1,18,0,high,1.0,13.0
11559,180399,1,2,7,6,10,1,1,1,18,0,low,0.5,7.0
11560,180401,1,1,7,0,25,1,1,1,18,1,high,1.0,40.0
11561,180402,1,3,7,6,35,1,1,1,18,1,low,0.3333333333333333,10.0
11562,180403,1,7,7,2,45,1,2,2,18,0,low,0.14285714285714285,10.0
11563,180404,1,2,7,6,45,1,1,1,18,0,low,0.5,12.0
11564,180405,1,2,7,0,40,2,1,1,18,0,low,0.5,11.0
11565,180406,1,2,6,6,35,2,2,6,18,1,low,0.5,13.0
11566,180407,1,2,7,1,60,2,1,1,18,0,low,0.5,45.0
11567,180408,1,1,7,0,55,2,1,1,18,0,high,1.0,4.0
11568,180409,1,2,7,6,45,1,1,1,18,0,low,0.5,11.0
11569,180410,2,2,8,0,55,2,1,1,18,1,high,1.0,4.0
11570,180411,1,1,8,0,45,1,1,1,18,1,high,1.0,8.0
11571,180412,1,1,8,0,35,2,1,1,18,0,high,1.0,21.0
11572,180413,1,2,8,0,35,2,1,1,18,1,low,0.5,7.0
11573,180414,1,6,8,0,70,1,1,1,18,0,low,0.16666666666666666,14.0
11574,180415,1,9,7,2,55,1,1,1,18,0,low,0.1111111111111111,10.0
11575,180416,1,1,7,0,70,1,1,1,18,0,high,1.0,5.0
11576,180417,1,4,7,0,45,2,1,1,18,0,low,0.25,12.0
11577,180418,1,1,8,0,45,2,1,1,18,1,high,1.0,6.0
11578,180419,1,1,8,0,55,2,1,1,18,0,high,1.0,14.0
11579,180420,1,3,6,0,55,2,1,1,18,0,low,0.3333333333333333,10.0
11580,180421,1,1,8,0,55,2,1,1,18,1,high,1.0,8.0
11581,180422,1,2,7,0,40,5,10,1,18,0,low,0.5,33.0
11582,180423,1,2,7,0,55,2,1,1,18,1,low,0.5,8.0
11583,180424,1,2,7,6,45,1,1,1,18,0,low,0.5,15.0
11584,180425,1,3,8,6,25,1,1,1,18,0,low,0.3333333333333333,3.0
11585,180426,2,4,8,6,35,1,1,1,18,0,low,0.5,21.0
11586,180428,1,5,8,6,35,1,2,2,18,0,low,0.2,6.0
11587,180429,1,4,8,6,35,2,1,1,18,1,low,0.25,3.0
11588,180430,1,4,8,6,45,1,1,1,18,0,low,0.25,33.0
11589,180431,1,1,7,0,35,9,1,1,18,0,high,1.0,13.0
11590,180432,1,1,6,0,55,2,1,1,18,0,high,1.0,18.0
11591,180433,1,1,7,0,35,2,1,1,18,0,high,1.0,3.0
11592,180434,1,2,8,2,55,2,1,1,18,1,low,0.5,10.0
11593,180436,1,1,8,0,60,2,1,1,18,0,high,1.0,9.0
11594,180437,1,2,8,1,65,2,1,1,18,0,low,0.5,6.0
11595,180438,1,2,7,10,55,1,1,1,18,0,low,0.5,7.0
11596,180439,1,3,7,6,40,1,1,1,18,0,low,0.3333333333333333,16.0
11597,180440,1,1,8,0,25,1,10,1,18,0,high,1.0,30.0
11598,180441,1,2,8,0,55,1,1,8,18,0,low,0.5,5.0
11599,180442,1,2,6,6,35,1,1,1,18,0,low,0.5,6.0
11600,180443,1,1,6,0,50,1,10,1,18,0,high,1.0,7.0
11601,180444,1,1,7,0,35,1,1,1,18,0,high,1.0,9.0
11602,180445,1,2,8,2,45,1,1,1,18,0,low,0.5,13.0
11603,180446,1,2,8,6,55,1,2,2,18,0,low,0.5,22.0
11604,180447,1,1,8,0,65,1,1,1,18,0,high,1.0,5.0
11605,180448,1,5,7,0,45,1,1,1,18,1,low,0.2,8.0
11606,180449,1,2,8,0,55,1,10,1,18,0,low,0.5,36.0
11607,180450,1,3,7,2,70,3,1,1,18,0,low,0.3333333333333333,3.0
11608,180452,1,2,7,6,30,1,1,1,18,0,low,0.5,7.0
11609,180454,1,3,8,6,55,1,1,1,18,0,low,0.3333333333333333,6.0
11610,180455,1,2,8,0,55,2,1,1,18,1,low,0.5,7.0
11611,180456,1,1,8,0,55,2,1,1,18,0,high,1.0,11.0
11612,180457,1,1,8,0,30,1,10,1,18,0,high,1.0,1.0
11613,180458,5,10,7,1,60,2,1,1,18,0,low,0.5,5.0
11614,180459,1,1,8,0,35,4,2,2,18,0,high,1.0,4.0
11615,180460,1,2,8,0,35,1,1,1,18,0,low,0.5,19.0
11616,180461,1,2,8,6,65,1,1,1,18,0,low,0.5,51.0
11617,180462,1,1,8,0,70,5,1,1,18,0,high,1.0,6.0
11618,180463,1,2,8,6,35,2,1,1,18,0,low,0.5,7.0
11619,180464,1,2,8,6,55,1,1,1,18,0,low,0.5,17.0
11620,180465,1,2,8,6,55,1,10,1,18,0,low,0.5,11.0
11621,180466,1,7,8,0,55,1,1,1,18,0,low,0.14285714285714285,7.0
11622,180467,1,2,8,6,45,1,1,1,18,0,low,0.5,13.0
11623,180468,1,2,8,6,30,1,1,1,18,0,low,0.5,15.0
11624,180469,1,1,8,0,55,3,1,1,18,0,high,1.0,5.0
11625,180470,1,4,8,1,55,1,1,1,18,0,low,0.25,2.0
11626,180471,1,1,8,0,45,2,1,1,18,1,high,1.0,17.0
11627,180472,1,3,8,6,55,1,1,1,18,0,low,0.3333333333333333,8.0
11628,180473,1,1,8,0,35,2,1,1,18,0,high,1.0,19.0
11629,180474,1,2,8,2,55,1,1,1,18,0,low,0.5,5.0
11630,180475,1,4,8,6,55,1,1,1,18,0,low,0.25,5.0
11631,180476,1,1,8,0,45,5,2,2,18,1,high,1.0,4.0
11632,180477,1,2,8,6,45,1,1,1,18,0,low,0.5,8.0
11633,180478,1,4,8,6,55,2,10,1,18,0,low,0.25,4.0
11634,180479,1,2,8,1,45,2,1,1,18,1,low,0.5,4.0
11635,180480,1,4,8,6,55,1,1,1,18,0,low,0.25,11.0
11636,180481,1,1,8,0,40,9,1,1,18,0,high,1.0,3.0
11637,180482,1,2,8,2,55,1,1,1,18,0,low,0.5,15.0
11638,180483,1,2,8,6,55,2,10,1,18,0,low,0.5,5.0
11639,180484,1,2,8,0,55,1,1,1,18,1,low,0.5,7.0
11640,180485,1,1,8,0,50,2,5,1,18,1,high,1.0,8.0
11641,180486,1,2,8,0,55,1,1,1,18,0,low,0.5,15.0
11642,180487,1,6,8,6,55,5,1,1,18,0,low,0.16666666666666666,24.0
11643,180488,1,2,8,1,30,2,1,1,18,0,low,0.5,16.0
11644,180489,1,3,8,6,45,1,1,1,18,0,low,0.3333333333333333,4.0
11645,180490,1,3,8,0,55,2,1,1,18,1,low,0.3333333333333333,7.0
11646,180491,1,3,8,0,45,1,1,1,18,0,low,0.3333333333333333,6.0
11647,180493,1,2,9,2,55,1,1,1,18,0,low,0.5,7.0
11648,180494,1,3,8,6,60,4,1,1,18,0,low,0.3333333333333333,40.0
11649,180495,1,6,8,1,60,1,1,1,18,0,low,0.16666666666666666,7.0
11650,180496,1,2,9,6,60,2,1,1,18,0,low,0.5,11.0
11651,180497,1,3,9,6,45,1,1,1,18,0,low,0.3333333333333333,5.0
11652,180498,1,1,9,0,55,1,1,1,18,0,high,1.0,3.0
11653,180499,1,1,8,0,30,1,1,8,18,0,high,1.0,10.0
11654,180500,2,3,9,6,45,1,1,1,18,0,high,0.6666666666666666,12.0
11655,180501,1,1,8,0,0,2,1,0,18,1,high,1.0,80.0
11656,180502,1,1,9,0,45,1,1,1,18,0,high,1.0,15.0
11657,180503,1,1,9,0,45,2,5,1,18,0,high,1.0,8.0
11658,180504,1,2,9,6,70,1,1,1,18,0,low,0.5,35.0
11659,180505,1,1,9,0,35,3,1,1,18,0,high,1.0,12.0
11660,180506,1,1,9,0,55,1,1,1,18,0,high,1.0,10.0
11661,180507,1,1,8,0,55,2,1,1,18,0,high,1.0,15.0
11662,180508,1,2,9,2,35,3,10,1,18,1,low,0.5,14.0
11663,180509,1,3,9,6,55,1,1,1,18,1,low,0.3333333333333333,2.0
11664,180510,1,3,9,0,35,1,10,2,18,0,low,0.3333333333333333,3.0
11665,180511,1,2,9,1,45,4,1,1,18,0,low,0.5,1.0
11666,180512,1,1,8,0,30,2,1,1,18,1,high,1.0,6.0
11667,180513,1,3,9,0,55,2,1,1,18,0,low,0.3333333333333333,9.0
11668,180514,1,2,9,6,35,1,10,1,18,0,low,0.5,14.0
11669,180515,1,3,9,2,55,2,2,2,18,0,low,0.3333333333333333,6.0
11670,180516,1,1,9,0,0,1,1,0,18,0,high,1.0,7.0
11671,180517,1,2,9,0,55,1,10,2,18,1,low,0.5,8.0
11672,180518,1,1,9,0,40,3,1,1,18,0,high,1.0,16.0
11673,180519,1,3,9,6,60,2,1,1,18,0,low,0.3333333333333333,1.0
11674,180520,1,2,9,1,45,1,1,1,18,0,low,0.5,12.0
11675,180521,1,2,8,0,25,3,1,1,18,0,low,0.5,9.0
11676,180522,1,2,9,0,30,1,1,1,18,1,low,0.5,3.0
11677,180523,1,2,9,1,55,1,1,1,18,0,low,0.5,15.0
11678,180525,1,2,9,6,40,1,2,2,18,0,low,0.5,13.0
11679,180526,1,1,9,0,35,1,1,1,18,0,high,1.0,14.0
11680,180527,1,3,9,2,55,1,10,2,18,1,low,0.3333333333333333,29.0
11681,180528,1,1,9,0,45,1,1,1,18,0,high,1.0,4.0
11682,180530,1,2,9,0,30,2,1,1,18,0,low,0.5,9.0
11683,180531,1,2,7,6,35,1,1,1,18,1,low,0.5,13.0
11684,180532,1,1,9,0,70,3,1,1,18,0,high,1.0,15.0
11685,180533,1,4,9,6,50,2,1,1,18,0,low,0.25,0.0
11686,180534,2,3,9,6,55,1,1,1,18,0,high,0.6666666666666666,4.0
11687,180535,2,4,9,6,55,1,1,1,18,0,low,0.5,6.0
11688,180536,1,1,9,0,55,2,10,1,18,0,high,1.0,10.0
11689,180537,1,2,9,6,55,1,10,1,18,1,low,0.5,4.0
11690,180538,1,1,9,0,30,3,10,2,18,0,high,1.0,9.0
11691,180539,1,1,9,0,55,2,1,1,18,0,high,1.0,2.0
11692,180540,1,1,9,0,40,4,1,1,18,1,high,1.0,9.0
11693,180541,1,1,9,0,55,1,1,1,18,0,high,1.0,16.0
11694,180542,2,2,9,0,55,1,1,1,18,0,high,1.0,5.0
11695,180543,1,1,9,0,45,2,1,1,18,1,high,1.0,7.0
11696,180544,1,1,8,0,70,1,1,1,18,0,high,1.0,9.0
11697,180545,1,2,9,6,50,1,1,1,18,0,low,0.5,15.0
11698,180546,1,3,9,6,55,1,1,1,18,0,low,0.3333333333333333,5.0
11699,180547,1,2,9,6,30,3,10,1,18,0,low,0.5,9.0
11700,180548,2,24,9,0,70,1,1,1,18,0,low,0.08333333333333333,7.0
11701,180549,1,1,9,0,0,1,1,0,18,0,high,1.0,19.0
11702,180550,1,1,9,0,55,2,1,1,18,0,high,1.0,1.0
11703,180551,1,2,9,6,60,1,2,2,18,0,low,0.5,6.0
11704,180552,1,2,9,6,55,1,1,1,18,0,low,0.5,9.0
11705,180553,2,4,9,6,70,1,1,1,18,0,low,0.5,6.0
11706,180554,1,2,7,6,35,2,1,1,18,0,low,0.5,11.0
11707,180555,1,1,9,0,45,1,1,1,18,0,high,1.0,17.0
11708,180556,1,4,9,6,45,2,10,1,18,0,low,0.25,7.0
11709,180557,1,4,9,2,45,1,10,1,18,0,low,0.25,3.0