,ST_CASE,FATALS,PERSONS,MONTH,MAN_COLL,VSPD_LIM,LGT_COND,WEATHER,VSURCOND,STATE,DRUNK_DR,rate,rate_numerical,arrival_time
11710,180558,1,3,9,6,50,2,1,1,18,0,low,0.3333333333333333,5.0
11711,180559,1,1,9,0,40,2,1,1,18,1,high,1.0,12.0
11712,180560,1,2,9,7,45,2,1,1,18,1,low,0.5,4.0
11713,180562,1,1,10,0,55,1,1,1,18,0,high,1.0,13.0
11714,180563,1,1,10,0,40,1,10,1,18,0,high,1.0,5.0
11715,180564,1,3,10,1,55,1,1,1,18,0,low,0.3333333333333333,10.0
11716,180565,1,3,5,6,35,1,2,2,18,0,low,0.3333333333333333,8.0
11717,180566,1,1,9,0,55,2,1,1,18,0,high,1.0,7.0
11718,180567,1,1,9,0,70,2,10,1,18,1,high,1.0,6.0
11719,180568,1,2,10,0,45,2,1,1,18,1,low,0.5,17.0
11720,180569,1,2,10,0,50,2,1,1,18,0,low,0.5,4.0
11721,180570,1,1,10,0,99,3,10,1,18,0,high,1.0,6.0
11722,180571,1,1,10,0,40,2,2,2,18,0,high,1.0,14.0
11723,180572,1,1,10,0,45,3,1,1,18,0,high,1.0,2.0
11724,180573,1,1,10,0,70,1,1,1,18,0,high,1.0,20.0
11725,180574,1,1,10,0,55,2,5,1,18,0,high,1.0,17.0
11726,180575,1,1,10,0,55,1,10,1,18,0,high,1.0,9.0
11727,180576,1,12,7,0,70,1,1,1,18,0,low,0.08333333333333333,7.0
11728,180577,1,1,9,0,45,2,1,1,18,0,high,1.0,10.0
11729,180578,1,3,10,8,55,4,1,1,18,0,low,0.3333333333333333,8.0
11730,180579,1,3,10,0,55,2,2,2,18,0,low,0.3333333333333333,14.0
11731,180580,1,3,10,6,30,1,10,1,18,0,low,0.3333333333333333,14.0
11732,180581,4,7,10,6,45,1,10,1,18,0,high,0.5714285714285714,17.0
11733,180583,1,2,10,6,45,1,1,1,18,0,low,0.5,13.0
11734,180584,1,1,10,0,35,9,1,1,18,0,high,1.0,3.0
11735,180585,1,6,9,6,45,1,1,1,18,0,low,0.16666666666666666,8.0
11736,180586,1,2,9,6,45,1,2,2,18,0,low,0.5,3.0
11737,180587,2,2,10,0,35,3,1,1,18,1,high,1.0,14.0
11738,180588,1,2,10,6,55,1,2,2,18,0,low,0.5,6.0
11739,180589,1,5,10,6,55,2,1,1,18,0,low,0.2,14.0
11740,180590,1,2,10,2,55,2,1,1,18,0,low,0.5,7.0
11741,180591,1,2,10,0,55,1,1,1,18,0,low,0.5,12.0
11742,180592,1,2,10,0,55,1,1,1,18,0,low,0.5,6.0
11743,180593,1,1,9,0,55,2,1,1,18,1,high,1.0,6.0
11744,180595,1,2,10,1,50,1,1,1,18,0,low,0.5,12.0
11745,180596,1,2,10,6,40,1,1,1,18,0,low,0.5,6.0
11746,180597,1,1,10,0,35,2,10,1,18,0,high,1.0,8.0
11747,180598,1,8,10,1,70,1,1,1,18,0,low,0.125,132.0
11748,180599,1,2,10,6,55,1,1,1,18,0,low,0.5,3.0
11749,180600,1,3,10,6,55,1,1,1,18,0,low,0.3333333333333333,10.0
11750,180601,1,1,10,0,0,1,1,0,18,0,high,1.0,10.0
11751,180602,1,3,10,6,40,3,1,1,18,1,low,0.3333333333333333,1.0
11752,180603,1,3,9,2,55,1,1,1,18,0,low,0.3333333333333333,3.0
11753,180604,1,4,10,6,55,1,1,1,18,0,low,0.25,2.0
11754,180605,1,2,10,2,50,1,1,1,18,0,low,0.5,15.0
11755,180606,1,1,9,0,55,2,1,1,18,0,high,1.0,9.0
11756,180607,1,2,10,6,35,3,1,1,18,0,low,0.5,5.0
11757,180608,1,3,10,6,55,2,1,1,18,0,low,0.3333333333333333,44.0
11758,180609,1,1,10,0,45,2,1,1,18,0,high,1.0,34.0
11759,180610,1,2,10,6,55,1,1,1,18,0,low,0.5,5.0
11760,180611,1,3,10,0,45,1,1,1,18,0,low,0.3333333333333333,11.0
11761,180612,1,1,10,0,55,2,1,1,18,0,high,1.0,41.0
11762,180613,1,1,10,0,30,2,1,1,18,0,high,1.0,13.0
11763,180614,1,1,10,0,55,1,1,1,18,0,high,1.0,8.0
11764,180615,1,2,10,2,55,2,1,1,18,0,low,0.5,3.0
11765,180616,2,3,10,6,55,1,1,1,18,1,high,0.6666666666666666,8.0
11766,180617,1,2,10,6,45,1,1,1,18,0,low,0.5,12.0
11767,180618,1,1,10,0,55,1,1,1,18,0,high,1.0,2.0
11768,180619,1,3,10,6,30,1,1,1,18,0,low,0.3333333333333333,5.0
11769,180620,1,3,10,6,45,3,10,1,18,0,low,0.3333333333333333,17.0
11770,180621,1,1,10,0,55,1,1,1,18,0,high,1.0,8.0
11771,180622,1,1,10,0,45,2,2,2,18,1,high,1.0,13.0
11772,180623,1,2,10,0,40,3,1,1,18,0,low,0.5,6.0
11773,180625,1,1,10,0,55,1,1,1,18,0,high,1.0,7.0
11774,180626,2,2,10,0,55,1,1,1,18,0,high,1.0,8.0
11775,180627,1,1,10,0,30,1,1,1,18,0,high,1.0,8.0
11776,180628,1,3,10,2,55,1,10,1,18,0,low,0.3333333333333333,3.0
11777,180629,1,4,10,2,40,5,1,1,18,0,low,0.25,10.0
11778,180630,1,1,10,0,45,2,1,1,18,0,high,1.0,7.0
11779,180631,1,1,10,0,70,3,1,1,18,0,high,1.0,5.0
11780,180632,1,1,10,0,30,2,2,2,18,0,high,1.0,6.0
11781,180633,1,1,10,0,45,2,2,2,18,1,high,1.0,8.0
11782,180634,1,1,10,0,30,1,10,2,18,0,high,1.0,20.0
11783,180635,2,5,10,2,55,2,2,2,18,0,low,0.4,0.0
11784,180636,1,1,10,0,55,2,2,2,18,0,high,1.0,7.0
11785,180637,1,1,10,8,55,2,1,1,18,0,high,1.0,7.0
11786,180638,1,3,10,6,55,1,1,1,18,0,low,0.3333333333333333,6.0
11787,180639,1,2,10,0,70,2,2,2,18,0,low,0.5,4.0
11788,180640,2,4,10,2,55,1,1,1,18,1,low,0.5,0.0
11789,180641,1,2,10,6,55,1,1,1,18,0,low,0.5,27.0
11790,180642,1,2,10,6,55,1,1,1,18,0,low,0.5,8.0
11791,180643,1,3,10,0,70,2,10,1,18,0,low,0.3333333333333333,12.0
11792,180644,1,1,10,0,30,2,10,1,18,1,high,1.0,3.0
11793,180645,1,1,11,0,45,1,1,1,18,0,high,1.0,4.0
11794,180646,1,4,11,2,55,2,1,1,18,0,low,0.25,7.0
11795,180647,1,1,11,0,30,2,1,1,18,0,high,1.0,7.0
11796,180648,1,1,10,0,35,2,1,1,18,1,high,1.0,12.0
11797,180649,1,4,10,2,30,1,1,1,18,0,low,0.25,10.0
11798,180650,1,1,10,0,20,2,1,1,18,1,high,1.0,9.0
11799,180651,1,1,10,0,40,2,1,1,18,0,high,1.0,1.0
11800,180652,1,2,10,6,30,1,1,1,18,0,low,0.5,14.0
11801,180653,1,1,10,0,55,1,1,1,18,0,high,1.0,12.0
11802,180654,1,3,11,7,30,1,1,1,18,0,low,0.3333333333333333,11.0
11803,180655,1,2,11,0,30,2,1,1,18,0,low,0.5,4.0
11804,180656,1,2,4,0,55,1,1,1,18,0,low,0.5,32.0
11805,180657,1,2,4,0,35,2,10,1,18,0,low,0.5,17.0
11806,180658,1,1,6,0,55,2,10,1,18,0,high,1.0,257.0
11807,180659,1,1,8,0,40,1,1,1,18,0,high,1.0,12.0
11808,180661,1,1,9,0,55,1,1,1,18,0,high,1.0,52.0
11809,180662,1,3,9,6,20,2,1,1,18,0,low,0.3333333333333333,17.0
11810,180663,1,1,9,0,45,1,1,1,18,0,high,1.0,28.0
11811,180664,1,1,9,0,25,2,1,1,18,0,high,1.0,15.0
11812,180665,1,1,10,0,55,1,1,1,18,0,high,1.0,37.0
11813,180666,1,3,11,6,55,2,1,1,18,0,low,0.3333333333333333,15.0
11814,180667,1,1,11,0,25,1,1,1,18,0,high,1.0,60.0
11815,180668,1,3,9,6,45,2,1,1,18,1,low,0.3333333333333333,22.0
11816,180669,1,1,10,0,55,2,1,1,18,0,high,1.0,16.0
11817,180670,1,3,11,2,55,1,1,1,18,0,low,0.3333333333333333,8.0
11818,180671,1,1,11,0,45,2,1,1,18,0,high,1.0,401.0
11819,180672,1,1,8,0,55,2,1,8,18,1,high,1.0,42.0
11820,180673,1,3,10,0,50,2,2,2,18,1,low,0.3333333333333333,16.0
11821,180674,1,3,10,6,40,2,1,1,18,0,low,0.3333333333333333,33.0
11822,180675,1,1,11,0,55,1,1,1,18,0,high,1.0,5.0
11823,180677,1,3,11,1,30,1,1,1,18,0,low,0.3333333333333333,23.0
11824,180678,1,5,11,2,55,2,1,1,18,0,low,0.2,9.0
11825,180679,1,1,8,0,45,5,1,1,18,1,high,1.0,24.0
11826,180680,1,3,11,0,45,2,1,1,18,0,low,0.3333333333333333,7.0
11827,180681,1,1,11,0,50,2,1,1,18,0,high,1.0,14.0
11828,180682,1,2,11,0,55,2,1,1,18,0,low,0.5,21.0
11829,180683,2,3,9,6,55,1,1,1,18,1,high,0.6666666666666666,28.0
11830,180685,1,4,9,6,55,1,1,1,18,0,low,0.25,23.0
11831,180686,1,2,11,6,45,4,1,1,18,0,low,0.5,11.0
11832,180687,1,4,11,0,55,2,1,1,18,0,low,0.25,29.0
11833,180688,1,1,11,0,30,2,2,2,18,0,high,1.0,25.0
11834,180689,1,1,11,0,35,2,1,1,18,0,high,1.0,59.0
11835,180690,1,3,11,2,45,1,2,2,18,0,low,0.3333333333333333,10.0
11836,180691,1,1,11,0,40,2,1,1,18,0,high,1.0,22.0
11837,180693,2,4,11,1,40,2,10,1,18,1,low,0.5,22.0
11838,180694,1,1,9,0,55,1,1,1,18,0,high,1.0,39.0
11839,180695,1,3,11,0,45,1,10,2,18,0,low,0.3333333333333333,20.0
11840,180696,1,1,11,0,50,1,10,1,18,0,high,1.0,10.0
11841,180697,1,1,11,0,55,1,1,1,18,1,high,1.0,23.0
11842,180698,1,3,11,6,55,1,4,10,18,0,low,0.3333333333333333,3.0
11843,180699,1,1,11,0,45,2,1,4,18,1,high,1.0,18.0
11844,180700,1,4,11,1,60,2,1,1,18,0,low,0.25,9.0
11845,180701,1,2,11,6,70,5,1,1,18,1,low,0.5,17.0
11846,180702,1,4,11,6,55,1,4,3,18,1,low,0.25,18.0
11847,180703,1,5,11,2,35,2,10,1,18,1,low,0.2,13.0
11848,180704,1,5,11,1,55,1,5,1,18,0,low,0.2,16.0
11849,180705,1,1,11,0,45,1,2,2,18,0,high,1.0,39.0
11850,180706,1,6,11,6,45,1,1,1,18,0,low,0.16666666666666666,17.0
11851,180707,1,5,11,6,55,2,10,1,18,0,low,0.2,18.0
11852,180708,1,5,11,1,70,2,1,1,18,0,low,0.2,9.0
11853,180709,1,4,11,2,55,1,2,2,18,0,low,0.25,2.0
11854,180710,1,1,11,0,40,2,2,2,18,1,high,1.0,83.0
11855,180711,2,3,11,0,70,2,1,1,18,0,high,0.6666666666666666,51.0
11856,180712,1,1,11,0,55,2,1,1,18,0,high,1.0,1.0
11857,180713,1,1,9,0,55,1,1,1,18,0,high,1.0,9.0
11858,180714,2,3,10,6,55,1,1,1,18,0,high,0.6666666666666666,2.0
11859,180715,1,2,11,0,30,5,1,1,18,0,low,0.5,13.0
11860,180716,1,1,12,0,40,2,1,1,18,0,high,1.0,15.0
11861,180717,1,1,12,0,45,1,1,1,18,0,high,1.0,6.0
11862,180718,1,1,12,0,50,2,1,1,18,0,high,1.0,16.0
11863,180719,1,1,12,0,99,2,1,1,18,0,high,1.0,6.0
11864,180720,1,1,9,0,55,2,1,1,18,0,high,1.0,15.0
11865,180721,1,1,10,0,30,1,1,1,18,0,high,1.0,13.0
11866,180722,1,1,12,0,55,2,10,1,18,1,high,1.0,42.0
11867,180723,2,2,12,0,40,2,5,1,18,0,high,1.0,47.0
11868,180724,1,1,12,0,60,2,5,1,18,0,high,1.0,16.0
11869,180725,1,19,11,1,65,2,1,1,18,0,low,0.05263157894736842,6.0
11870,180726,1,3,11,6,40,3,1,1,18,0,low,0.3333333333333333,63.0
11871,180727,1,3,11,2,55,1,1,1,18,0,low,0.3333333333333333,21.0
11872,180728,1,3,12,6,40,2,1,1,18,1,low,0.3333333333333333,50.0
11873,180729,1,3,11,6,55,2,10,2,18,0,low,0.3333333333333333,14.0
11874,180730,1,1,12,0,0,1,1,1,18,0,high,1.0,13.0
11875,180731,1,2,12,6,40,2,10,1,18,1,low,0.5,14.0
11876,180732,1,1,12,0,50,1,10,1,18,0,high,1.0,67.0
11877,180733,1,2,12,6,50,1,10,1,18,0,low,0.5,8.0
11878,180734,1,1,12,0,45,2,10,2,18,1,high,1.0,20.0
11879,180735,1,5,11,0,98,2,1,1,18,0,low,0.2,47.0
11880,180736,1,1,12,0,30,3,10,1,18,0,high,1.0,19.0
11881,180737,1,3,12,6,30,1,10,1,18,0,low,0.3333333333333333,10.0
11882,180738,1,3,12,1,65,1,1,1,18,0,low,0.3333333333333333,14.0
11883,180739,1,2,4,7,30,2,10,1,18,0,low,0.5,4.0
11884,180740,1,2,11,0,40,2,1,1,18,0,low,0.5,13.0
11885,180742,1,3,12,0,40,3,1,1,18,1,low,0.3333333333333333,16.0
11886,180743,1,1,12,0,0,2,1,0,18,0,high,1.0,18.0
11887,180744,1,2,11,0,55,1,1,1,18,0,low,0.5,25.0
11888,180745,1,1,11,0,30,2,1,1,18,0,high,1.0,8.0
11889,180746,1,2,12,6,25,1,10,1,18,0,low,0.5,11.0
11890,180747,1,10,12,0,55,2,2,2,18,0,low,0.1,5.0
11891,180748,1,5,12,1,60,1,10,1,18,0,low,0.2,45.0
11892,180749,1,1,12,0,55,1,10,1,18,0,high,1.0,22.0
11893,180750,1,1,12,0,40,2,1,1,18,0,high,1.0,20.0
11894,180751,1,2,12,2,55,2,1,1,18,0,low,0.5,12.0
11895,180752,1,1,12,0,25,2,1,1,18,0,high,1.0,23.0
11896,180753,1,1,9,0,35,1,10,1,18,0,high,1.0,16.0
11897,180754,1,3,12,6,45,3,2,2,18,0,low,0.3333333333333333,9.0
11898,180755,1,2,10,6,35,1,10,1,18,0,low,0.5,4.0
11899,180757,1,1,12,0,50,2,2,2,18,0,high,1.0,4.0
11900,180758,1,1,12,0,55,1,2,6,18,1,high,1.0,16.0
11901,180759,1,4,12,6,55,1,2,2,18,0,low,0.25,6.0
11902,180760,1,1,12,0,55,2,10,1,18,0,high,1.0,12.0
11903,180761,1,1,12,0,35,1,1,1,18,0,high,1.0,10.0
11904,180762,1,5,12,6,30,3,1,1,18,0,low,0.2,1.0
11905,180763,1,1,12,0,60,2,10,1,18,0,high,1.0,14.0
11906,180764,1,2,11,0,25,1,1,1,18,0,low,0.5,3.0
11907,180765,1,3,12,0,70,1,3,4,18,0,low,0.3333333333333333,21.0
11908,180766,1,1,12,0,40,3,1,1,18,0,high,1.0,7.0
11909,180767,1,4,12,6,30,1,1,1,18,0,low,0.25,26.0
11910,180768,1,2,12,6,35,2,10,1,18,1,low,0.5,129.0
11911,180769,1,3,12,6,35,1,1,1,18,0,low,0.3333333333333333,5.0
11912,180770,1,4,12,2,40,1,10,1,18,0,low,0.25,16.0
11913,180771,1,1,12,0,30,2,10,1,18,1,high,1.0,17.0
11914,180772,1,3,11,0,70,2,1,1,18,1,low,0.3333333333333333,16.0
11915,180773,1,4,12,1,55,3,1,1,18,1,low,0.25,14.0
11916,180774,1,1,12,0,30,1,1,1,18,0,high,1.0,16.0
11917,180775,3,8,12,0,40,3,2,2,18,0,low,0.375,10.0
11918,180776,1,4,12,0,40,5,1,1,18,0,low,0.25,9.0
11919,180777,1,1,11,0,35,3,1,1,18,0,high,1.0,22.0
11920,180778,1,1,12,0,55,1,10,4,18,0,high,1.0,33.0
11921,180779,2,3,12,0,50,2,1,2,18,1,high,0.6666666666666666,70.0
11922,180780,1,4,12,2,55,1,1,1,18,0,low,0.25,18.0
11923,180781,1,1,5,0,40,1,10,1,18,0,high,1.0,15.0
11924,180782,4,9,12,6,60,2,1,1,18,1,low,0.4444444444444444,8.0
11925,180783,1,2,12,0,55,2,1,4,18,0,low,0.5,10.0
11926,180784,2,4,12,2,40,3,1,1,18,0,low,0.5,8.0
11927,180785,1,2,12,2,55,2,10,1,18,0,low,0.5,20.0
11928,180786,1,2,10,6,35,1,1,1,18,0,low,0.5,24.0
11929,180787,1,6,12,6,35,1,1,1,18,0,low,0.16666666666666666,15.0
11930,180788,1,2,1,0,30,2,1,1,18,1,low,0.5,17.0
11931,180789,1,7,12,6,45,3,10,2,18,0,low,0.14285714285714285,10.0
11932,180790,1,1,6,0,25,2,10,1,18,0,high,1.0,74.0
11933,180791,1,1,10,0,35,2,1,1,18,0,high,1.0,14.0
11934,190001,1,1,1,0,65,2,1,1,19,1,high,1.0,27.0
11935,190002,1,1,1,0,25,3,1,3,19,1,high,1.0,4.0
11936,190003,1,2,1,6,55,1,5,2,19,0,low,0.5,18.0
11937,190004,1,3,1,6,40,3,1,1,19,1,low,0.3333333333333333,7.0
11938,190005,1,6,1,6,65,1,4,3,19,1,low,0.16666666666666666,15.0
11939,190006,1,2,1,6,55,1,10,4,19,0,low,0.5,10.0
11940,190007,2,3,1,6,65,1,1,1,19,0,high,0.6666666666666666,57.0
11941,190008,1,1,1,0,55,2,1,1,19,0,high,1.0,8.0
11942,190009,1,1,1,0,55,2,1,1,19,1,high,1.0,22.0
11943,190010,1,1,1,0,55,1,1,2,19,0,high,1.0,8.0
11944,190011,1,1,1,0,55,2,10,4,19,0,high,1.0,17.0
11945,190012,1,1,1,0,55,2,10,2,19,0,high,1.0,9.0
11946,190013,1,2,1,6,55,1,10,1,19,0,low,0.5,10.0
11947,190014,1,5,1,0,50,2,1,1,19,1,low,0.2,2.0
11948,190015,1,2,1,0,55,1,10,1,19,0,low,0.5,8.0
11949,190016,1,1,1,0,55,1,1,1,19,0,high,1.0,2.0
11950,190017,1,1,2,0,35,2,10,3,19,0,high,1.0,31.0
11951,190018,2,3,2,6,55,1,1,1,19,0,high,0.6666666666666666,33.0
11952,190019,1,3,2,6,55,1,1,1,19,0,low,0.3333333333333333,7.0
11953,190020,1,1,2,0,30,1,1,1,19,0,high,1.0,15.0
11954,190021,1,1,2,0,55,1,10,1,19,0,high,1.0,10.0
11955,190022,1,8,2,2,35,3,1,1,19,0,low,0.125,15.0
11956,190023,1,3,2,0,55,2,1,1,19,1,low,0.3333333333333333,5.0
11957,190025,1,1,1,0,70,2,1,1,19,0,high,1.0,7.0
11958,190026,1,3,2,6,55,1,10,1,19,0,low,0.3333333333333333,7.0
11959,190027,1,2,2,0,35,3,1,1,19,0,low,0.5,7.0
11960,190028,1,4,2,0,50,2,1,1,19,1,low,0.25,18.0
11961,190029,2,2,2,0,55,5,1,1,19,1,high,1.0,8.0
11962,190030,1,1,2,0,55,1,1,1,19,0,high,1.0,5.0
11963,190031,1,7,2,7,65,1,4,3,19,0,low,0.14285714285714285,9.0
11964,190032,1,3,3,6,55,2,10,1,19,0,low,0.3333333333333333,11.0
11965,190033,1,2,2,0,55,1,4,4,19,0,low,0.5,14.0
11966,190034,1,1,3,0,30,1,1,1,19,0,high,1.0,13.0
11967,190035,1,1,3,0,35,2,1,1,19,0,high,1.0,25.0
11968,190036,1,3,3,1,70,1,10,1,19,0,low,0.3333333333333333,13.0
11969,190037,1,3,3,2,65,1,10,1,19,0,low,0.3333333333333333,10.0
11970,190038,1,1,2,0,55,1,1,1,19,0,high,1.0,19.0
11971,190039,1,1,3,0,55,1,1,1,19,1,high,1.0,6.0
11972,190040,1,3,3,0,55,2,1,1,19,1,low,0.3333333333333333,35.0
11973,190041,1,1,3,0,55,3,10,1,19,0,high,1.0,2.0
11974,190042,1,2,3,1,65,1,10,1,19,1,low,0.5,15.0
11975,190043,1,2,3,6,55,1,1,1,19,0,low,0.5,11.0
11976,190044,1,2,3,0,55,1,1,1,19,1,low,0.5,8.0
11977,190045,1,1,3,0,65,2,1,1,19,0,high,1.0,5.0
11978,190046,1,2,3,0,50,2,10,1,19,1,low,0.5,9.0
11979,190047,1,2,3,6,55,1,5,1,19,0,low,0.5,8.0
11980,190048,1,2,3,1,65,1,1,1,19,0,low,0.5,22.0
11981,190049,1,2,3,2,55,1,1,1,19,0,low,0.5,9.0
11982,190050,1,2,4,11,30,1,1,1,19,1,low,0.5,11.0
11983,190051,1,1,4,0,65,2,1,1,19,1,high,1.0,2.0
11984,190052,1,2,4,0,50,2,1,1,19,0,low,0.5,30.0
11985,190053,2,8,4,6,55,5,1,1,19,1,low,0.25,9.0
11986,190054,1,1,3,0,50,2,1,1,19,1,high,1.0,16.0
11987,190055,1,2,3,0,70,1,10,4,19,0,low,0.5,11.0
11988,190056,1,5,3,0,35,3,1,1,19,1,low,0.2,16.0
11989,190057,1,2,4,0,65,1,1,1,19,1,low,0.5,10.0
11990,190058,1,1,4,0,55,1,1,1,19,1,high,1.0,13.0
11991,190059,5,6,4,6,55,1,10,2,19,0,high,0.8333333333333334,6.0
11992,190060,1,5,4,6,45,5,1,1,19,0,low,0.2,15.0
11993,190061,1,1,4,0,55,1,1,1,19,0,high,1.0,7.0
11994,190062,1,1,4,0,55,2,1,1,19,1,high,1.0,32.0
11995,190063,1,1,4,0,50,2,2,11,19,1,high,1.0,6.0
11996,190064,1,5,4,6,55,1,10,1,19,0,low,0.2,5.0
11997,190065,1,3,4,1,55,2,10,1,19,0,low,0.3333333333333333,2.0
11998,190066,1,2,4,2,55,1,1,1,19,0,low,0.5,9.0
11999,190067,1,3,4,6,55,1,1,1,19,0,low,0.3333333333333333,18.0
12000,190068,1,2,4,0,55,1,1,1,19,0,low,0.5,16.0
12001,190069,1,1,4,0,55,1,1,1,19,1,high,1.0,10.0
12002,190070,1,2,4,1,30,1,1,1,19,0,low,0.5,10.0
12003,190071,1,1,4,0,55,2,1,1,19,0,high,1.0,4.0
12004,190072,1,1,4,0,35,1,1,1,19,0,high,1.0,12.0
12005,190073,1,1,5,0,65,2,1,1,19,0,high,1.0,14.0
12006,190074,1,3,5,2,55,2,10,1,19,1,low,0.3333333333333333,6.0
12007,190075,1,1,5,0,70,2,10,1,19,1,high,1.0,23.0
12008,190076,1,1,4,0,45,1,1,1,19,0,high,1.0,36.0
12009,190077,2,3,5,6,55,1,10,1,19,0,high,0.6666666666666666,9.0
12010,190078,1,1,5,0,65,4,10,1,19,1,high,1.0,13.0
12011,190079,1,2,5,0,55,3,2,2,19,1,low,0.5,5.0
12012,190080,1,1,4,0,55,2,1,1,19,1,high,1.0,3.0
12013,190081,1,2,5,2,55,1,1,1,19,1,low,0.5,18.0
12014,190082,1,1,5,0,50,2,1,1,19,0,high,1.0,9.0
12015,190083,1,1,5,0,35,2,1,1,19,1,high,1.0,24.0
12016,190084,1,3,5,2,70,1,10,1,19,1,low,0.3333333333333333,25.0
12017,190085,2,4,5,6,55,1,1,1,19,0,low,0.5,2.0
12018,190086,1,2,2,1,35,2,1,1,19,1,low,0.5,17.0
12019,190087,1,2,5,2,55,1,10,1,19,0,low,0.5,3.0
12020,190088,1,4,5,1,55,3,1,1,19,1,low,0.25,22.0
12021,190089,1,2,5,2,55,1,2,2,19,0,low,0.5,7.0
12022,190090,1,1,5,0,55,5,1,1,19,1,high,1.0,727.0
12023,190091,1,2,5,1,45,3,1,1,19,1,low,0.5,6.0
12024,190092,1,2,5,0,55,1,1,1,19,0,low,0.5,3.0
12025,190093,1,4,6,1,35,1,1,1,19,0,low,0.25,7.0
12026,190094,1,1,6,0,50,1,1,1,19,1,high,1.0,2.0
12027,190095,1,3,6,6,45,4,5,1,19,0,low,0.3333333333333333,25.0
12028,190096,1,2,6,6,35,1,10,1,19,0,low,0.5,22.0
12029,190097,2,3,6,6,55,1,1,1,19,0,high,0.6666666666666666,13.0
12030,190098,1,1,6,0,25,1,1,1,19,0,high,1.0,135.0
12031,190099,1,4,6,6,55,1,10,1,19,0,low,0.25,24.0
12032,190100,1,1,6,0,55,1,1,1,19,0,high,1.0,612.0
12033,190101,1,1,6,0,45,5,10,1,19,0,high,1.0,8.0
12034,190102,2,2,4,0,55,1,2,2,19,0,high,1.0,7.0
12035,190103,1,2,4,6,25,1,1,1,19,0,low,0.5,5.0
12036,190104,1,1,6,0,55,1,1,1,19,1,high,1.0,10.0
12037,190105,1,4,5,2,55,1,1,1,19,0,low,0.25,42.0
12038,190106,1,3,4,2,30,1,1,1,19,1,low,0.3333333333333333,4.0
12039,190107,1,4,6,1,70,1,1,1,19,0,low,0.25,13.0
12040,190108,1,2,5,0,25,1,1,1,19,0,low,0.5,15.0
12041,190109,1,5,6,0,65,1,1,1,19,0,low,0.2,4.0
12042,190110,1,1,6,0,50,3,10,1,19,0,high,1.0,18.0
12043,190111,1,1,6,0,30,3,10,1,19,1,high,1.0,9.0
12044,190112,1,1,6,0,50,2,1,1,19,1,high,1.0,3.0
12045,190113,1,3,6,6,55,1,1,1,19,0,low,0.3333333333333333,18.0
12046,190114,2,2,6,6,70,1,5,1,19,1,high,1.0,11.0
12047,190115,1,2,7,6,55,1,1,1,19,0,low,0.5,7.0
12048,190116,1,1,7,0,55,1,1,1,19,0,high,1.0,14.0
12049,190117,1,1,6,0,55,2,2,2,19,0,high,1.0,15.0
12050,190118,2,3,7,0,55,2,1,1,19,1,high,0.6666666666666666,15.0
12051,190119,1,2,6,6,55,2,1,1,19,1,low,0.5,4.0
12052,190120,1,4,7,0,65,1,10,1,19,0,low,0.25,4.0
12053,190121,1,1,6,0,35,2,2,2,19,0,high,1.0,30.0
12054,190122,1,1,7,0,60,2,1,8,19,0,high,1.0,12.0
12055,190123,1,1,6,0,55,2,1,1,19,1,high,1.0,6.0
12056,190124,1,4,7,6,55,1,1,1,19,0,low,0.25,6.0
12057,190125,1,1,6,0,65,5,1,1,19,0,high,1.0,19.0
12058,190126,1,2,7,1,65,1,1,1,19,0,low,0.5,17.0
12059,190127,1,2,7,6,55,4,10,1,19,0,low,0.5,11.0
12060,190128,1,2,7,0,50,1,1,1,19,1,low,0.5,10.0
12061,190129,1,1,7,0,45,2,10,1,19,0,high,1.0,22.0
12062,190130,1,2,7,0,55,1,1,1,19,1,low,0.5,30.0
12063,190131,2,2,7,0,70,2,10,1,19,1,high,1.0,16.0
12064,190132,1,2,7,0,70,2,1,1,19,1,low,0.5,8.0
12065,190133,1,1,7,0,65,2,1,1,19,0,high,1.0,5.0
12066,190134,1,1,7,0,55,9,99,99,19,0,high,1.0,62.0
12067,190135,1,1,7,0,50,2,1,1,19,1,high,1.0,11.0
12068,190136,1,2,7,6,55,1,2,2,19,0,low,0.5,15.0
12069,190137,1,2,6,0,35,3,1,2,19,1,low,0.5,38.0
12070,190138,1,2,7,6,55,1,1,1,19,0,low,0.5,23.0
12071,190139,2,3,7,0,55,5,1,1,19,0,high,0.6666666666666666,360.0
12072,190140,2,3,7,1,55,1,1,1,19,0,high,0.6666666666666666,7.0
12073,190141,1,1,7,0,55,1,1,1,19,0,high,1.0,6.0
12074,190142,1,2,7,1,40,1,1,1,19,0,low,0.5,13.0