,ST_CASE,FATALS,PERSONS,MONTH,MAN_COLL,VSPD_LIM,LGT_COND,WEATHER,VSURCOND,STATE,DRUNK_DR,rate,rate_numerical,arrival_time
12075,190143,1,2,8,6,55,1,1,1,19,0,low,0.5,7.0
12076,190144,1,1,8,0,55,5,1,1,19,0,high,1.0,4.0
12077,190145,1,3,8,6,55,1,10,1,19,0,low,0.3333333333333333,11.0
12078,190146,1,1,8,0,55,1,1,1,19,0,high,1.0,3.0
12079,190147,1,1,8,0,30,1,10,1,19,0,high,1.0,17.0
12080,190148,1,1,8,0,25,1,10,1,19,0,high,1.0,4.0
12081,190149,2,8,8,6,55,1,1,1,19,0,low,0.25,7.0
12082,190150,1,3,8,6,55,1,1,1,19,0,low,0.3333333333333333,3.0
12083,190151,1,2,8,0,55,1,1,1,19,0,low,0.5,2.0
12084,190152,1,1,8,0,50,2,1,1,19,1,high,1.0,29.0
12085,190153,1,2,8,6,30,1,1,1,19,0,low,0.5,17.0
12086,190154,1,1,8,0,55,1,1,1,19,0,high,1.0,8.0
12087,190155,1,2,8,2,55,1,10,1,19,0,low,0.5,90.0
12088,190156,1,1,8,0,30,3,1,1,19,1,high,1.0,5.0
12089,190157,1,6,5,6,55,1,1,1,19,0,low,0.16666666666666666,6.0
12090,190158,1,5,5,2,55,1,1,1,19,0,low,0.2,21.0
12091,190159,2,7,8,1,70,1,1,1,19,0,low,0.2857142857142857,38.0
12092,190160,3,4,8,6,55,1,1,1,19,0,high,0.75,16.0
12093,190161,1,4,5,0,55,2,1,1,19,1,low,0.25,20.0
12094,190162,2,2,8,6,25,5,1,1,19,1,high,1.0,32.0
12095,190163,1,2,8,2,55,1,1,1,19,0,low,0.5,20.0
12096,190164,1,2,8,0,45,1,10,1,19,0,low,0.5,9.0
12097,190165,1,2,8,0,65,2,1,1,19,0,low,0.5,23.0
12098,190166,1,1,8,0,45,2,10,2,19,0,high,1.0,13.0
12099,190167,2,3,8,6,45,1,5,2,19,0,high,0.6666666666666666,11.0
12100,190168,1,1,7,0,25,1,1,1,19,1,high,1.0,19.0
12101,190169,1,2,8,1,50,1,1,1,19,0,low,0.5,8.0
12102,190170,1,1,8,0,55,1,1,1,19,0,high,1.0,10.0
12103,190171,1,1,8,0,55,1,10,1,19,0,high,1.0,40.0
12104,190172,1,1,8,0,55,1,10,1,19,0,high,1.0,301.0
12105,190173,1,1,8,0,35,3,1,1,19,0,high,1.0,12.0
12106,190174,2,2,8,0,55,5,1,1,19,0,high,1.0,5.0
12107,190175,1,8,8,2,40,1,1,1,19,0,low,0.125,8.0
12108,190176,1,4,8,2,55,2,10,1,19,0,low,0.25,13.0
12109,190177,1,3,8,6,55,1,10,1,19,0,low,0.3333333333333333,20.0
12110,190178,1,1,8,0,30,3,1,1,19,1,high,1.0,8.0
12111,190179,1,2,5,0,25,1,2,2,19,0,low,0.5,3.0
12112,190180,4,5,8,6,55,1,1,1,19,0,high,0.8,6.0
12113,190181,1,4,7,2,55,1,1,1,19,1,low,0.25,14.0
12114,190182,1,4,7,2,45,1,1,1,19,0,low,0.25,20.0
12115,190183,1,2,8,0,25,1,1,1,19,0,low,0.5,18.0
12116,190184,1,2,8,1,25,1,1,1,19,0,low,0.5,1.0
12117,190185,1,2,9,6,55,1,1,1,19,0,low,0.5,1.0
12118,190186,1,1,9,0,35,1,1,1,19,0,high,1.0,7.0
12119,190187,1,1,9,0,40,3,2,2,19,0,high,1.0,4.0
12120,190188,2,2,9,2,55,1,1,1,19,0,high,1.0,5.0
12121,190189,1,2,9,6,55,1,10,1,19,0,low,0.5,12.0
12122,190190,1,1,9,0,65,1,1,1,19,0,high,1.0,13.0
12123,190191,1,2,7,2,55,1,1,1,19,0,low,0.5,5.0
12124,190192,1,4,8,6,25,1,1,1,19,0,low,0.25,10.0
12125,190193,1,1,8,0,55,9,99,1,19,1,high,1.0,19.0
12126,190194,1,4,8,6,55,1,10,1,19,0,low,0.25,14.0
12127,190195,1,1,9,0,35,3,1,1,19,0,high,1.0,49.0
12128,190196,1,2,9,0,55,3,10,1,19,1,low,0.5,12.0
12129,190197,1,1,9,0,55,1,10,2,19,1,high,1.0,7.0
12130,190198,1,2,9,0,55,1,1,1,19,0,low,0.5,28.0
12131,190199,1,1,9,0,55,8,10,1,19,0,high,1.0,16.0
12132,190200,1,2,9,6,50,1,2,11,19,0,low,0.5,9.0
12133,190201,1,1,9,0,45,1,1,1,19,0,high,1.0,6.0
12134,190202,1,6,10,6,55,1,1,1,19,0,low,0.16666666666666666,3.0
12135,190203,1,1,10,0,35,1,1,1,19,0,high,1.0,12.0
12136,190204,1,1,9,0,55,1,1,1,19,1,high,1.0,26.0
12137,190205,1,3,9,0,70,1,1,1,19,0,low,0.3333333333333333,32.0
12138,190206,1,1,10,0,25,6,1,1,19,1,high,1.0,17.0
12139,190207,1,2,7,0,70,1,10,1,19,0,low,0.5,33.0
12140,190208,1,1,10,0,50,2,1,1,19,0,high,1.0,18.0
12141,190209,1,1,8,0,30,1,1,1,19,1,high,1.0,32.0
12142,190210,1,1,9,0,25,1,1,1,19,0,high,1.0,28.0
12143,190211,1,2,9,2,55,1,1,1,19,0,low,0.5,9.0
12144,190212,1,1,10,0,25,2,1,1,19,0,high,1.0,17.0
12145,190213,1,1,10,0,55,1,1,1,19,0,high,1.0,7.0
12146,190214,1,1,10,0,25,3,1,1,19,1,high,1.0,69.0
12147,190215,2,2,9,2,55,4,1,1,19,0,high,1.0,5.0
12148,190216,1,2,8,2,65,2,10,1,19,0,low,0.5,10.0
12149,190217,1,2,10,6,55,1,1,1,19,0,low,0.5,8.0
12150,190218,1,1,9,0,30,3,10,1,19,0,high,1.0,18.0
12151,190219,1,2,10,0,65,1,1,1,19,0,low,0.5,11.0
12152,190220,1,4,10,0,50,2,1,1,19,1,low,0.25,5.0
12153,190221,1,1,10,0,35,4,2,2,19,1,high,1.0,38.0
12154,190222,2,6,10,6,45,1,1,1,19,0,low,0.3333333333333333,4.0
12155,190223,1,1,10,0,45,2,10,2,19,0,high,1.0,11.0
12156,190224,1,4,10,6,55,1,10,1,19,0,low,0.25,58.0
12157,190225,1,1,7,0,45,3,1,1,19,0,high,1.0,27.0
12158,190226,1,2,10,6,55,1,10,1,19,0,low,0.5,15.0
12159,190227,1,5,10,6,55,2,1,1,19,0,low,0.2,18.0
12160,190228,1,1,10,0,55,1,1,1,19,0,high,1.0,32.0
12161,190229,1,1,9,0,25,1,1,1,19,0,high,1.0,11.0
12162,190230,1,3,10,2,55,1,10,1,19,0,low,0.3333333333333333,13.0
12163,190231,1,1,10,0,55,2,2,2,19,0,high,1.0,9.0
12164,190232,1,2,11,0,30,3,1,1,19,0,low,0.5,12.0
12165,190233,1,1,11,0,60,2,1,1,19,1,high,1.0,4.0
12166,190234,2,4,11,2,25,1,1,1,19,0,low,0.5,4.0
12167,190235,1,2,9,1,55,1,10,1,19,0,low,0.5,2.0
12168,190236,1,3,9,2,55,1,1,1,19,0,low,0.3333333333333333,6.0
12169,190237,3,4,9,2,55,2,1,1,19,0,high,0.75,5.0
12170,190238,1,1,9,0,30,3,1,2,19,0,high,1.0,8.0
12171,190239,1,1,10,0,65,3,1,1,19,0,high,1.0,23.0
12172,190240,1,1,11,0,55,2,1,1,19,1,high,1.0,7.0
12173,190241,1,3,11,0,55,1,1,1,19,0,low,0.3333333333333333,12.0
12174,190243,1,4,11,1,55,2,1,1,19,1,low,0.25,7.0
12175,190244,1,1,11,0,70,3,1,1,19,1,high,1.0,2.0
12176,190245,2,3,11,6,35,3,1,1,19,1,high,0.6666666666666666,19.0
12177,190246,2,7,11,0,65,2,12,2,19,0,low,0.2857142857142857,9.0
12178,190247,1,2,11,0,65,1,2,2,19,0,low,0.5,18.0
12179,190248,2,4,11,0,70,1,2,2,19,0,low,0.5,6.0
12180,190249,1,2,11,0,30,1,1,1,19,1,low,0.5,39.0
12181,190250,1,5,11,1,45,1,10,1,19,0,low,0.2,6.0
12182,190251,1,1,11,0,45,2,2,2,19,1,high,1.0,16.0
12183,190252,1,1,11,0,25,1,10,1,19,0,high,1.0,47.0
12184,190253,1,4,11,2,65,2,2,2,19,1,low,0.25,8.0
12185,190254,1,2,11,6,65,2,2,2,19,0,low,0.5,50.0
12186,190255,1,1,10,0,45,3,10,1,19,0,high,1.0,10.0
12187,190256,1,2,12,6,55,2,4,4,19,0,low,0.5,14.0
12188,190257,1,3,12,0,55,1,1,1,19,0,low,0.3333333333333333,11.0
12189,190258,1,1,12,0,55,2,1,1,19,1,high,1.0,10.0
12190,190259,1,1,9,0,50,2,99,1,19,0,high,1.0,19.0
12191,190260,1,2,11,0,55,2,1,1,19,0,low,0.5,8.0
12192,190261,2,3,12,6,70,1,1,1,19,0,high,0.6666666666666666,11.0
12193,190262,1,1,10,0,55,2,1,1,19,1,high,1.0,11.0
12194,190263,1,4,12,2,55,1,5,1,19,0,low,0.25,48.0
12195,190264,1,2,12,6,50,4,10,1,19,0,low,0.5,13.0
12196,190265,1,2,12,6,65,2,1,1,19,0,low,0.5,31.0
12197,190266,1,1,12,0,25,2,1,1,19,0,high,1.0,24.0
12198,190267,1,1,12,0,30,3,2,2,19,0,high,1.0,7.0
12199,190268,1,1,10,0,35,1,1,1,19,0,high,1.0,5.0
12200,190269,1,2,12,6,55,4,12,4,19,0,low,0.5,5.0
12201,190270,1,2,12,2,55,1,10,1,19,0,low,0.5,16.0
12202,190271,1,6,7,6,35,1,1,1,19,0,low,0.16666666666666666,9.0
12203,190272,1,1,12,0,40,3,10,2,19,0,high,1.0,31.0
12204,190273,1,1,12,0,55,2,1,1,19,1,high,1.0,19.0
12205,190274,1,1,12,0,55,2,1,1,19,1,high,1.0,1151.0
12206,190275,1,2,12,0,55,2,10,1,19,0,low,0.5,30.0
12207,190276,1,2,12,2,55,1,10,1,19,0,low,0.5,16.0
12208,190277,1,1,12,0,45,2,10,1,19,1,high,1.0,76.0
12209,190278,1,2,11,6,55,1,2,2,19,0,low,0.5,27.0
12210,190279,2,4,12,6,55,1,4,3,19,0,low,0.5,27.0
12211,190280,1,6,12,2,55,1,5,2,19,0,low,0.16666666666666666,16.0
12212,190281,1,2,12,0,55,2,1,1,19,0,low,0.5,24.0
12213,190282,1,4,12,2,45,1,10,2,19,0,low,0.25,5.0
12214,190283,1,2,12,6,55,1,1,1,19,0,low,0.5,41.0
12215,190284,1,1,8,0,98,4,2,2,19,0,high,1.0,7.0
12216,200001,1,3,1,8,65,1,2,4,20,0,low,0.3333333333333333,44.0
12217,200003,2,2,1,0,40,3,1,1,20,0,high,1.0,10.0
12218,200004,1,1,1,0,35,5,1,1,20,0,high,1.0,6.0
12219,200005,1,4,1,1,40,3,1,2,20,1,low,0.25,6.0
12220,200006,1,2,1,2,65,2,1,1,20,1,low,0.5,5.0
12221,200007,1,1,1,0,30,3,1,1,20,1,high,1.0,6.0
12222,200008,1,2,1,0,30,3,1,1,20,1,low,0.5,8.0
12223,200009,2,5,1,8,55,1,1,1,20,0,low,0.4,21.0
12224,200010,1,2,1,2,65,2,1,1,20,0,low,0.5,12.0
12225,200011,1,2,1,7,75,1,1,1,20,0,low,0.5,6.0
12226,200012,1,1,1,0,55,1,1,1,20,0,high,1.0,15.0
12227,200013,1,2,1,0,50,1,2,2,20,0,low,0.5,5.0
12228,200014,1,1,1,0,65,3,1,1,20,0,high,1.0,21.0
12229,200015,1,3,1,8,65,1,1,1,20,0,low,0.3333333333333333,10.0
12230,200016,1,2,2,0,65,1,4,3,20,0,low,0.5,6.0
12231,200017,1,1,2,0,75,1,4,4,20,0,high,1.0,7.0
12232,200018,1,1,1,0,55,1,1,1,20,0,high,1.0,74.0
12233,200019,1,1,1,0,65,3,1,1,20,0,high,1.0,4.0
12234,200020,1,1,1,0,35,3,1,1,20,1,high,1.0,6.0
12235,200021,1,2,1,0,55,2,12,4,20,0,low,0.5,27.0
12236,200022,1,2,1,0,75,1,1,1,20,0,low,0.5,1.0
12237,200023,1,1,1,0,20,1,1,1,20,0,high,1.0,18.0
12238,200024,1,1,1,0,55,2,2,2,20,1,high,1.0,4.0
12239,200025,1,1,2,0,65,2,1,1,20,1,high,1.0,7.0
12240,200026,1,4,2,6,50,1,1,1,20,0,low,0.25,17.0
12241,200027,1,3,2,1,45,1,1,1,20,0,low,0.3333333333333333,27.0
12242,200028,1,2,2,8,65,1,1,1,20,0,low,0.5,7.0
12243,200029,1,3,2,2,65,1,1,1,20,0,low,0.3333333333333333,20.0
12244,200030,1,2,2,1,65,1,1,1,20,0,low,0.5,19.0
12245,200031,1,1,2,0,60,3,1,1,20,1,high,1.0,14.0
12246,200033,1,1,2,0,55,5,1,1,20,0,high,1.0,5.0
12247,200034,1,1,2,0,55,2,2,2,20,0,high,1.0,20.0
12248,200035,2,2,2,0,55,1,1,1,20,0,high,1.0,2.0
12249,200036,1,1,2,0,55,1,1,1,20,0,high,1.0,6.0
12250,200037,1,2,2,0,55,2,1,1,20,1,low,0.5,26.0
12251,200038,1,4,2,6,45,2,1,1,20,0,low,0.25,32.0
12252,200039,1,1,2,0,55,2,1,1,20,1,high,1.0,12.0
12253,200040,1,3,2,0,30,2,1,3,20,0,low,0.3333333333333333,9.0
12254,200041,1,1,3,0,35,1,1,1,20,0,high,1.0,2.0
12255,200042,1,1,3,0,55,1,1,1,20,1,high,1.0,18.0
12256,200043,2,4,3,0,40,1,1,1,20,0,low,0.5,21.0
12257,200044,1,2,3,6,55,1,1,1,20,0,low,0.5,9.0
12258,200045,1,2,2,0,30,3,1,1,20,1,low,0.5,34.0
12259,200046,1,4,2,6,65,1,4,3,20,0,low,0.25,5.0
12260,200047,1,1,3,0,65,2,1,1,20,0,high,1.0,6.0
12261,200048,1,1,3,0,65,2,1,1,20,0,high,1.0,15.0
12262,200049,1,2,3,0,55,1,1,1,20,0,low,0.5,3.0
12263,200050,1,1,2,0,35,3,1,2,20,0,high,1.0,26.0
12264,200051,1,2,2,0,55,1,1,1,20,0,low,0.5,16.0
12265,200052,1,1,3,0,30,5,1,1,20,0,high,1.0,12.0
12266,200053,1,1,3,0,55,2,1,1,20,1,high,1.0,6.0
12267,200054,1,1,3,0,45,1,1,1,20,0,high,1.0,9.0
12268,200055,1,2,4,0,25,2,1,1,20,1,low,0.5,7.0
12269,200056,1,2,3,6,55,3,1,1,20,1,low,0.5,6.0
12270,200057,1,3,3,1,75,2,1,1,20,0,low,0.3333333333333333,5.0
12271,200058,1,2,3,6,40,1,1,1,20,0,low,0.5,10.0
12272,200059,1,1,3,0,75,1,1,1,20,1,high,1.0,7.0
12273,200060,1,5,3,1,65,1,3,8,20,0,low,0.2,4.0
12274,200061,1,3,4,0,75,1,1,1,20,0,low,0.3333333333333333,8.0
12275,200062,1,1,4,0,98,1,1,1,20,0,high,1.0,48.0
12276,200063,1,2,3,6,30,5,1,1,20,1,low,0.5,15.0
12277,200064,1,1,3,0,30,3,1,1,20,1,high,1.0,5.0
12278,200065,1,1,4,0,55,1,1,1,20,1,high,1.0,14.0
12279,200066,1,3,2,6,55,1,1,1,20,0,low,0.3333333333333333,4.0
12280,200067,1,2,2,6,0,1,1,1,20,0,low,0.5,25.0
12281,200068,1,1,2,0,55,2,4,3,20,1,high,1.0,18.0
12282,200069,1,2,3,0,65,1,1,1,20,1,low,0.5,7.0
12283,200070,1,4,4,6,65,1,1,1,20,0,low,0.25,6.0
12284,200071,1,4,4,8,65,1,1,1,20,0,low,0.25,9.0
12285,200072,1,2,4,1,55,1,1,1,20,0,low,0.5,9.0
12286,200073,1,1,4,0,55,1,1,1,20,0,high,1.0,8.0
12287,200074,1,1,4,0,55,2,1,1,20,0,high,1.0,12.0
12288,200075,2,3,4,6,65,1,1,1,20,0,high,0.6666666666666666,13.0
12289,200076,1,2,4,0,65,1,1,1,20,0,low,0.5,10.0
12290,200077,1,3,3,1,75,2,1,1,20,0,low,0.3333333333333333,51.0
12291,200078,1,1,4,0,55,2,1,1,20,1,high,1.0,5.0
12292,200079,1,2,4,6,55,4,1,1,20,0,low,0.5,11.0
12293,200080,1,1,4,0,99,2,1,1,20,1,high,1.0,18.0
12294,200081,1,1,5,0,55,4,1,1,20,0,high,1.0,5.0
12295,200082,1,6,5,1,65,1,1,1,20,0,low,0.16666666666666666,30.0
12296,200083,1,1,5,0,65,3,2,2,20,1,high,1.0,8.0
12297,200084,1,1,3,0,55,1,1,1,20,0,high,1.0,15.0
12298,200085,1,1,4,0,55,1,1,1,20,0,high,1.0,12.0
12299,200086,1,1,4,0,55,2,1,1,20,1,high,1.0,6.0
12300,200087,1,3,4,6,35,1,1,1,20,1,low,0.3333333333333333,0.0
12301,200088,1,2,4,0,45,2,1,1,20,0,low,0.5,11.0
12302,200089,3,6,4,2,65,1,1,1,20,0,low,0.5,5.0
12303,200090,1,2,3,0,40,1,1,1,20,0,low,0.5,8.0
12304,200091,1,1,3,0,30,3,1,1,20,1,high,1.0,5.0
12305,200092,1,5,4,0,40,1,1,1,20,0,low,0.2,13.0
12306,200094,1,4,5,0,30,1,1,1,20,0,low,0.25,10.0
12307,200095,1,3,5,6,70,1,1,1,20,0,low,0.3333333333333333,60.0
12308,200096,1,3,5,1,50,1,1,1,20,0,low,0.3333333333333333,11.0
12309,200097,1,1,5,0,30,1,1,1,20,0,high,1.0,10.0
12310,200098,1,2,3,2,50,1,1,1,20,0,low,0.5,9.0
12311,200099,1,5,5,1,65,1,1,1,20,1,low,0.2,16.0
12312,200100,1,1,5,0,60,2,1,1,20,0,high,1.0,30.0
12313,200101,1,3,5,0,40,1,2,2,20,0,low,0.3333333333333333,24.0
12314,200102,2,2,5,0,30,3,2,2,20,1,high,1.0,14.0
12315,200103,1,1,5,0,65,1,1,1,20,0,high,1.0,56.0
12316,200104,1,2,5,0,30,1,2,2,20,0,low,0.5,9.0
12317,200105,1,3,5,6,65,1,2,2,20,0,low,0.3333333333333333,6.0
12318,200106,2,5,5,2,65,1,2,2,20,0,low,0.4,42.0
12319,200107,1,9,5,6,65,1,1,2,20,0,low,0.1111111111111111,12.0
12320,200108,2,3,5,0,65,2,1,1,20,0,high,0.6666666666666666,51.0
12321,200109,2,3,5,6,65,1,1,1,20,0,high,0.6666666666666666,6.0
12322,200110,1,2,5,1,55,1,1,1,20,0,low,0.5,9.0
12323,200112,1,4,6,6,45,5,1,1,20,0,low,0.25,24.0
12324,200113,1,1,6,0,55,9,1,1,20,0,high,1.0,9.0
12325,200114,1,2,6,6,45,1,1,1,20,0,low,0.5,9.0
12326,200115,1,1,5,0,30,2,1,2,20,1,high,1.0,19.0
12327,200116,1,2,5,0,0,1,1,0,20,0,low,0.5,8.0
12328,200117,1,2,5,6,65,1,1,1,20,0,low,0.5,85.0
12329,200119,1,2,6,0,55,1,1,1,20,0,low,0.5,6.0
12330,200120,1,5,6,2,40,3,1,1,20,0,low,0.2,5.0
12331,200121,1,5,6,0,55,1,1,1,20,0,low,0.2,4.0
12332,200122,1,1,6,0,55,2,1,1,20,0,high,1.0,6.0
12333,200123,2,2,6,0,65,1,1,1,20,0,high,1.0,7.0
12334,200124,2,3,6,0,55,2,2,2,20,1,high,0.6666666666666666,1.0
12335,200125,1,1,6,0,55,2,1,1,20,0,high,1.0,6.0
12336,200126,1,4,6,0,55,2,1,1,20,0,low,0.25,72.0
12337,200127,1,1,6,0,40,3,1,1,20,0,high,1.0,13.0
12338,200128,1,2,6,2,65,1,1,1,20,0,low,0.5,48.0
12339,200129,1,2,6,6,65,1,1,1,20,0,low,0.5,7.0
12340,200130,1,1,6,0,65,2,1,1,20,0,high,1.0,7.0
12341,200131,1,2,6,2,75,1,1,1,20,0,low,0.5,6.0
12342,200132,1,4,6,6,65,1,1,1,20,0,low,0.25,12.0
12343,200133,2,4,6,0,55,2,1,1,20,1,low,0.5,14.0
12344,200134,1,2,6,0,55,1,1,1,20,0,low,0.5,19.0
12345,200135,1,2,6,1,55,3,1,1,20,1,low,0.5,9.0
12346,200136,1,6,6,0,55,2,1,1,20,1,low,0.16666666666666666,21.0
12347,200137,1,5,6,0,55,1,1,1,20,0,low,0.2,28.0
12348,200138,1,2,6,6,30,1,1,1,20,0,low,0.5,36.0
12349,200139,1,2,7,0,60,1,1,1,20,0,low,0.5,53.0
12350,200140,1,2,7,2,35,5,1,1,20,0,low,0.5,4.0
12351,200141,1,3,7,7,65,1,1,1,20,0,low,0.3333333333333333,7.0
12352,200142,1,1,7,0,65,9,99,99,20,0,high,1.0,7.0
12353,200143,1,3,7,6,65,1,1,1,20,0,low,0.3333333333333333,43.0
12354,200144,1,1,7,0,60,1,1,1,20,0,high,1.0,6.0
12355,200145,1,1,7,0,55,2,1,1,20,0,high,1.0,32.0
12356,200146,1,2,7,0,55,3,1,1,20,0,low,0.5,26.0
12357,200147,1,2,7,6,40,1,1,1,20,0,low,0.5,41.0
12358,200148,1,4,7,0,75,1,1,1,20,0,low,0.25,34.0
12359,200149,1,1,7,0,55,9,1,1,20,0,high,1.0,11.0
12360,200150,1,3,7,2,65,1,1,1,20,0,low,0.3333333333333333,27.0
12361,200151,2,3,7,6,55,1,1,1,20,0,high,0.6666666666666666,998.0
12362,200152,1,1,7,0,55,1,1,1,20,0,high,1.0,9.0
12363,200154,1,4,7,0,30,3,1,1,20,0,low,0.25,15.0
12364,200155,1,1,7,0,65,1,1,1,20,0,high,1.0,20.0
12365,200156,1,1,7,0,50,2,1,1,20,1,high,1.0,6.0
12366,200158,2,4,7,0,65,1,1,1,20,0,low,0.5,18.0
12367,200159,1,2,7,2,65,1,1,1,20,0,low,0.5,7.0
12368,200160,1,3,7,0,60,1,1,1,20,0,low,0.3333333333333333,6.0
12369,200161,1,1,7,0,55,1,1,1,20,0,high,1.0,12.0
12370,200162,1,2,7,0,35,3,1,1,20,0,low,0.5,14.0
12371,200163,1,2,7,0,25,1,1,1,20,0,low,0.5,2.0
12372,200164,1,1,7,0,55,2,1,1,20,0,high,1.0,16.0
12373,200165,1,2,7,1,75,2,1,1,20,0,low,0.5,3.0
12374,200166,1,1,7,0,20,1,1,1,20,0,high,1.0,27.0
12375,200167,1,2,7,0,50,2,1,1,20,0,low,0.5,9.0
12376,200168,1,1,7,0,65,2,1,1,20,0,high,1.0,48.0
12377,200169,1,1,7,0,55,1,1,1,20,1,high,1.0,8.0
12378,200170,1,1,7,0,55,3,5,1,20,0,high,1.0,16.0
12379,200171,1,2,8,0,0,3,1,1,20,0,low,0.5,5.0
12380,200172,1,1,8,0,65,1,1,1,20,0,high,1.0,7.0
12381,200173,1,1,8,0,40,3,1,1,20,1,high,1.0,8.0
12382,200174,3,3,8,2,45,2,1,1,20,0,high,1.0,10.0
12383,200175,1,3,8,2,65,1,5,1,20,1,low,0.3333333333333333,15.0
12384,200176,1,1,8,0,45,2,1,1,20,1,high,1.0,39.0
12385,200177,1,2,8,0,55,2,1,1,20,0,low,0.5,3.0
12386,200178,1,2,8,0,70,1,1,1,20,0,low,0.5,31.0
12387,200180,1,1,8,0,40,9,1,1,20,0,high,1.0,12.0
12388,200181,1,1,8,0,30,3,1,1,20,0,high,1.0,6.0
12389,200182,1,2,8,0,45,1,1,1,20,1,low,0.5,9.0
12390,200183,1,2,8,2,65,1,1,1,20,0,low,0.5,43.0
12391,200184,1,2,8,0,35,1,1,1,20,0,low,0.5,25.0
12392,200185,1,4,8,1,40,1,1,1,20,0,low,0.25,58.0
12393,200186,1,2,8,2,35,1,1,1,20,0,low,0.5,6.0
12394,200187,2,1,8,0,30,1,1,1,20,0,high,2.0,21.0
12395,200188,1,3,8,0,55,1,1,1,20,0,low,0.3333333333333333,27.0
12396,200189,1,1,8,0,35,3,1,1,20,0,high,1.0,2.0
12397,200190,1,1,8,0,30,3,1,1,20,0,high,1.0,7.0
12398,200191,1,3,8,6,40,1,1,1,20,0,low,0.3333333333333333,44.0
12399,200192,3,6,8,0,75,1,1,1,20,0,low,0.5,7.0
12400,200193,1,1,8,0,65,1,1,1,20,0,high,1.0,36.0
12401,200194,1,2,8,0,65,1,1,1,20,0,low,0.5,13.0
12402,200195,1,1,8,0,50,1,1,1,20,0,high,1.0,12.0
12403,200196,1,1,4,0,35,3,1,1,20,1,high,1.0,7.0
12404,200197,1,2,8,0,55,2,1,1,20,0,low,0.5,48.0
12405,200198,1,3,8,6,30,3,1,1,20,1,low,0.3333333333333333,8.0
12406,200199,2,2,8,8,65,2,2,2,20,0,high,1.0,24.0
12407,200200,1,1,8,0,45,1,1,1,20,0,high,1.0,9.0
12408,200201,1,4,8,0,55,1,1,1,20,0,low,0.25,4.0
12409,200202,1,1,9,0,30,3,1,1,20,0,high,1.0,12.0
12410,200203,1,3,9,8,65,1,1,1,20,0,low,0.3333333333333333,11.0
12411,200204,1,1,9,0,55,2,1,1,20,0,high,1.0,8.0
12412,200205,1,2,9,6,65,1,1,1,20,1,low,0.5,17.0
12413,200206,1,2,9,6,65,1,1,1,20,0,low,0.5,15.0
12414,200207,1,4,9,1,0,5,1,0,20,0,low,0.25,24.0
12415,200208,1,2,9,0,65,2,1,1,20,1,low,0.5,44.0
12416,200209,1,1,9,0,55,1,1,1,20,0,high,1.0,24.0
12417,200210,1,1,9,0,65,1,1,1,20,0,high,1.0,7.0
12418,200211,1,1,9,0,55,2,1,1,20,1,high,1.0,3.0
12419,200212,1,4,9,2,65,2,1,1,20,0,low,0.25,16.0
12420,200213,1,1,9,0,40,3,1,1,20,0,high,1.0,65.0
12421,200214,1,3,9,0,25,3,1,1,20,0,low,0.3333333333333333,26.0
12422,200215,1,1,9,0,30,3,1,1,20,1,high,1.0,7.0
12423,200216,1,3,9,6,65,1,1,1,20,0,low,0.3333333333333333,47.0
12424,200217,1,4,9,6,45,1,1,1,20,0,low,0.25,12.0
12425,200218,1,1,9,0,55,1,1,1,20,0,high,1.0,2.0
12426,200219,1,1,9,0,55,2,1,1,20,0,high,1.0,34.0
12427,200220,1,1,9,0,55,2,1,1,20,0,high,1.0,7.0
12428,200221,1,2,9,0,70,1,1,1,20,0,low,0.5,4.0
12429,200222,1,1,9,0,65,1,1,1,20,0,high,1.0,8.0
12430,200223,1,1,9,0,55,1,2,2,20,0,high,1.0,33.0
12431,200224,2,3,9,0,55,2,1,1,20,0,high,0.6666666666666666,7.0
12432,200225,1,1,9,0,55,1,1,1,20,1,high,1.0,27.0
12433,200226,1,2,9,2,65,2,1,1,20,1,low,0.5,8.0
12434,200227,1,1,9,0,65,2,1,1,20,0,high,1.0,26.0
12435,200228,1,4,9,0,55,2,1,1,20,0,low,0.25,30.0
12436,200229,1,1,9,0,55,2,1,1,20,1,high,1.0,10.0
12437,200230,1,2,10,2,45,1,1,1,20,0,low,0.5,14.0
12438,200231,1,3,10,2,65,2,1,1,20,0,low,0.3333333333333333,13.0
12439,200232,1,2,10,0,45,3,1,1,20,0,low,0.5,17.0
12440,200233,1,4,9,2,60,1,1,1,20,0,low,0.25,44.0
12441,200234,1,1,8,0,45,1,1,1,20,1,high,1.0,30.0
12442,200235,1,3,9,0,65,2,1,1,20,1,low,0.3333333333333333,39.0
12443,200236,2,4,9,6,65,1,1,1,20,0,low,0.5,29.0
12444,200237,2,3,9,0,65,2,1,1,20,1,high,0.6666666666666666,11.0
12445,200238,1,1,9,0,70,1,1,1,20,0,high,1.0,6.0
12446,200239,1,1,9,0,65,2,1,1,20,1,high,1.0,12.0
12447,200240,1,1,9,0,60,2,1,1,20,0,high,1.0,6.0
12448,200241,1,2,10,6,45,1,1,1,20,0,low,0.5,9.0
12449,200242,2,2,10,0,70,2,1,1,20,1,high,1.0,4.0