,ST_CASE,FATALS,PERSONS,MONTH,MAN_COLL,VSPD_LIM,LGT_COND,WEATHER,VSURCOND,STATE,DRUNK_DR,rate,rate_numerical,arrival_time
12818,210282,2,7,6,2,55,1,10,1,21,0,low,0.2857142857142857,14.0
12819,210283,1,4,6,2,55,1,10,1,21,1,low,0.25,7.0
12820,210284,1,4,6,2,55,3,10,1,21,1,low,0.25,7.0
12821,210285,1,5,6,0,70,2,1,1,21,0,low,0.2,39.0
12822,210286,1,2,6,6,45,1,1,1,21,1,low,0.5,16.0
12823,210287,1,2,6,6,0,1,2,0,21,0,low,0.5,11.0
12824,210288,1,1,6,0,55,2,10,2,21,1,high,1.0,11.0
12825,210289,1,2,6,2,55,1,10,1,21,0,low,0.5,3.0
12826,210290,1,2,6,1,45,1,2,2,21,0,low,0.5,56.0
12827,210291,1,1,6,0,55,2,2,2,21,0,high,1.0,2.0
12828,210292,1,1,6,0,55,4,1,1,21,1,high,1.0,9.0
12829,210293,1,1,6,0,55,1,1,1,21,0,high,1.0,15.0
12830,210294,1,3,6,0,65,1,1,1,21,0,low,0.3333333333333333,6.0
12831,210295,2,8,6,6,70,1,1,1,21,0,low,0.25,16.0
12832,210296,1,1,6,0,35,1,1,1,21,1,high,1.0,7.0
12833,210297,1,3,5,6,45,1,1,1,21,0,low,0.3333333333333333,8.0
12834,210298,1,1,5,0,15,2,1,1,21,1,high,1.0,14.0
12835,210299,1,1,5,0,55,1,1,1,21,1,high,1.0,12.0
12836,210300,1,1,6,0,45,1,10,1,21,0,high,1.0,54.0
12837,210301,1,4,6,6,98,1,1,1,21,0,low,0.25,1.0
12838,210302,1,12,7,1,70,1,1,1,21,0,low,0.08333333333333333,24.0
12839,210303,1,2,7,2,55,1,2,2,21,0,low,0.5,6.0
12840,210304,1,4,7,0,70,1,10,1,21,0,low,0.25,7.0
12841,210305,1,1,7,0,55,4,2,2,21,0,high,1.0,79.0
12842,210306,1,3,7,0,55,1,10,2,21,0,low,0.3333333333333333,11.0
12843,210307,1,2,7,0,35,1,2,2,21,1,low,0.5,20.0
12844,210308,1,1,7,0,55,2,10,2,21,0,high,1.0,9.0
12845,210309,1,2,7,2,55,3,10,1,21,1,low,0.5,27.0
12846,210310,1,3,7,0,70,2,1,1,21,0,low,0.3333333333333333,31.0
12847,210311,1,2,7,0,55,2,1,1,21,1,low,0.5,10.0
12848,210312,1,1,7,0,55,2,2,2,21,0,high,1.0,22.0
12849,210313,1,4,7,0,50,2,2,2,21,0,low,0.25,44.0
12850,210314,1,1,7,0,25,5,1,1,21,1,high,1.0,52.0
12851,210315,1,1,7,0,55,2,2,2,21,0,high,1.0,31.0
12852,210316,1,3,7,2,70,1,10,1,21,0,low,0.3333333333333333,13.0
12853,210317,1,3,7,6,55,4,5,2,21,0,low,0.3333333333333333,14.0
12854,210318,1,3,7,0,55,1,10,2,21,0,low,0.3333333333333333,3.0
12855,210319,1,5,7,6,55,3,10,1,21,1,low,0.2,15.0
12856,210320,1,1,7,0,55,1,1,1,21,1,high,1.0,21.0
12857,210321,1,1,7,0,70,2,10,1,21,0,high,1.0,9.0
12858,210322,1,6,7,6,0,3,1,0,21,0,low,0.16666666666666666,5.0
12859,210323,1,1,7,0,40,3,2,2,21,0,high,1.0,5.0
12860,210324,1,2,7,0,55,1,1,1,21,1,low,0.5,6.0
12861,210325,1,2,7,2,55,1,1,1,21,0,low,0.5,7.0
12862,210326,1,3,7,0,55,2,1,1,21,1,low,0.3333333333333333,42.0
12863,210327,1,1,7,0,55,1,10,1,21,1,high,1.0,48.0
12864,210328,1,3,7,6,55,1,1,1,21,0,low,0.3333333333333333,11.0
12865,210329,2,3,7,2,55,1,1,1,21,1,high,0.6666666666666666,12.0
12866,210330,1,4,7,2,35,1,1,1,21,0,low,0.25,4.0
12867,210331,1,2,7,0,70,2,1,1,21,0,low,0.5,8.0
12868,210332,1,2,7,6,98,1,1,1,21,0,low,0.5,16.0
12869,210333,1,1,7,0,55,1,1,1,21,0,high,1.0,18.0
12870,210334,1,4,7,6,98,1,1,1,21,0,low,0.25,19.0
12871,210335,1,1,7,0,70,2,1,1,21,0,high,1.0,8.0
12872,210336,2,2,7,2,55,2,10,2,21,0,high,1.0,11.0
12873,210337,1,1,7,0,55,2,10,1,21,0,high,1.0,5.0
12874,210338,1,2,7,6,45,1,1,1,21,0,low,0.5,21.0
12875,210339,1,1,7,0,70,2,1,1,21,1,high,1.0,47.0
12876,210340,1,2,7,1,55,4,1,1,21,0,low,0.5,8.0
12877,210341,1,1,7,0,35,1,1,1,21,0,high,1.0,6.0
12878,210342,1,2,7,6,98,3,1,1,21,1,low,0.5,53.0
12879,210343,1,2,7,8,55,2,5,1,21,1,low,0.5,16.0
12880,210344,2,4,7,2,55,1,1,1,21,1,low,0.5,13.0
12881,210345,1,4,7,2,45,1,1,1,21,0,low,0.25,20.0
12882,210346,1,1,7,0,55,2,1,1,21,0,high,1.0,2.0
12883,210347,1,1,7,0,15,1,1,1,21,1,high,1.0,6.0
12884,210348,2,4,7,6,55,1,2,2,21,0,low,0.5,10.0
12885,210349,1,3,7,6,55,1,1,1,21,0,low,0.3333333333333333,12.0
12886,210350,1,1,7,0,55,3,2,2,21,0,high,1.0,10.0
12887,210351,2,4,7,6,98,1,1,1,21,0,low,0.5,13.0
12888,210352,1,6,7,1,55,2,2,2,21,0,low,0.16666666666666666,9.0
12889,210353,1,2,7,1,45,2,1,1,21,1,low,0.5,21.0
12890,210354,1,1,7,0,55,1,1,1,21,1,high,1.0,83.0
12891,210355,1,3,7,6,35,1,1,1,21,0,low,0.3333333333333333,13.0
12892,210356,1,1,7,0,45,1,1,1,21,1,high,1.0,6.0
12893,210357,1,2,7,2,55,1,1,1,21,0,low,0.5,18.0
12894,210358,1,3,7,1,55,1,10,1,21,0,low,0.3333333333333333,5.0
12895,210359,1,1,7,0,45,3,1,1,21,1,high,1.0,53.0
12896,210360,1,1,7,0,55,1,1,1,21,1,high,1.0,6.0
12897,210361,1,3,7,0,35,1,1,1,21,0,low,0.3333333333333333,6.0
12898,210362,1,2,7,0,55,1,10,2,21,0,low,0.5,6.0
12899,210363,1,1,7,0,55,1,1,1,21,0,high,1.0,6.0
12900,210364,2,5,7,1,55,2,10,1,21,0,low,0.4,8.0
12901,210365,1,1,8,0,55,2,1,1,21,0,high,1.0,38.0
12902,210366,1,1,8,0,55,2,1,1,21,0,high,1.0,20.0
12903,210367,1,1,8,0,35,2,1,1,21,1,high,1.0,17.0
12904,210368,1,2,8,6,55,1,1,1,21,0,low,0.5,45.0
12905,210369,2,4,8,0,55,4,1,1,21,0,low,0.5,34.0
12906,210370,1,2,8,6,98,1,1,98,21,0,low,0.5,10.0
12907,210371,1,2,8,2,70,1,1,1,21,0,low,0.5,6.0
12908,210372,1,7,8,2,55,1,1,1,21,0,low,0.14285714285714285,6.0
12909,210373,1,2,8,2,55,1,1,1,21,0,low,0.5,32.0
12910,210374,1,2,8,6,55,1,5,2,21,0,low,0.5,5.0
12911,210375,1,1,8,0,55,2,5,1,21,1,high,1.0,8.0
12912,210376,1,1,8,0,55,2,5,1,21,0,high,1.0,7.0
12913,210377,1,1,8,0,45,2,1,1,21,1,high,1.0,3.0
12914,210378,1,1,8,0,35,1,1,1,21,0,high,1.0,3.0
12915,210379,1,1,8,0,98,1,1,1,21,1,high,1.0,7.0
12916,210380,1,2,8,8,25,3,1,1,21,1,low,0.5,6.0
12917,210381,1,1,8,0,55,4,10,2,21,0,high,1.0,64.0
12918,210382,1,4,8,6,98,1,1,1,21,0,low,0.25,6.0
12919,210383,1,1,8,0,55,1,1,1,21,0,high,1.0,24.0
12920,210384,1,1,8,0,55,1,10,2,21,0,high,1.0,28.0
12921,210385,1,2,8,0,70,1,2,2,21,0,low,0.5,34.0
12922,210386,1,8,8,0,70,3,1,1,21,0,low,0.125,20.0
12923,210387,1,1,8,0,55,1,1,1,21,0,high,1.0,12.0
12924,210388,1,2,8,7,35,3,1,1,21,1,low,0.5,18.0
12925,210389,1,3,8,8,0,1,1,0,21,0,low,0.3333333333333333,21.0
12926,210390,1,1,8,0,70,1,1,1,21,0,high,1.0,13.0
12927,210391,1,2,8,1,55,1,10,1,21,0,low,0.5,15.0
12928,210392,1,1,8,0,55,1,1,1,21,1,high,1.0,40.0
12929,210393,1,1,8,0,55,1,1,1,21,1,high,1.0,7.0
12930,210394,1,5,8,2,55,1,2,2,21,0,low,0.2,12.0
12931,210395,1,2,8,1,55,1,1,1,21,0,low,0.5,10.0
12932,210396,1,1,8,0,55,4,1,1,21,0,high,1.0,11.0
12933,210397,1,3,8,1,55,4,10,1,21,0,low,0.3333333333333333,13.0
12934,210398,1,3,8,2,55,1,1,1,21,0,low,0.3333333333333333,7.0
12935,210399,1,2,8,2,55,1,1,1,21,0,low,0.5,6.0
12936,210400,1,1,8,0,55,1,1,1,21,0,high,1.0,20.0
12937,210401,1,1,8,0,55,1,1,1,21,0,high,1.0,6.0
12938,210402,3,8,8,0,55,2,10,1,21,0,low,0.375,6.0
12939,210403,1,2,8,1,70,3,1,1,21,0,low,0.5,8.0
12940,210404,1,1,8,0,35,3,1,1,21,1,high,1.0,9.0
12941,210405,1,2,8,0,70,2,1,1,21,0,low,0.5,108.0
12942,210406,1,2,8,0,55,1,1,1,21,0,low,0.5,20.0
12943,210407,1,1,8,0,55,1,7,1,21,1,high,1.0,12.0
12944,210408,1,3,8,2,55,1,1,1,21,1,low,0.3333333333333333,5.0
12945,210409,1,1,8,0,45,2,1,1,21,1,high,1.0,10.0
12946,210410,1,4,8,0,55,1,1,1,21,0,low,0.25,12.0
12947,210411,1,1,8,0,35,1,1,1,21,1,high,1.0,8.0
12948,210412,1,1,8,0,35,2,1,1,21,1,high,1.0,17.0
12949,210413,1,4,8,6,55,2,2,2,21,1,low,0.25,21.0
12950,210414,1,1,8,0,25,3,1,1,21,1,high,1.0,26.0
12951,210415,1,2,8,11,98,1,1,1,21,0,low,0.5,16.0
12952,210416,1,1,8,0,55,1,1,1,21,1,high,1.0,9.0
12953,210417,1,5,8,1,55,1,10,1,21,0,low,0.2,31.0
12954,210418,1,1,8,0,55,2,1,1,21,1,high,1.0,4.0
12955,210419,1,3,8,6,35,1,10,1,21,0,low,0.3333333333333333,14.0
12956,210420,1,7,8,6,98,1,1,1,21,0,low,0.14285714285714285,12.0
12957,210421,1,3,8,2,50,1,1,1,21,0,low,0.3333333333333333,15.0
12958,210422,1,1,8,0,70,2,1,1,21,1,high,1.0,6.0
12959,210423,1,1,8,0,35,1,1,1,21,1,high,1.0,28.0
12960,210424,1,1,8,0,55,1,1,1,21,0,high,1.0,24.0
12961,210425,1,1,8,0,55,1,1,1,21,0,high,1.0,3.0
12962,210426,1,1,8,0,35,2,1,1,21,1,high,1.0,7.0
12963,210427,1,1,8,0,45,1,1,1,21,0,high,1.0,48.0
12964,210428,1,3,8,2,35,1,1,1,21,0,low,0.3333333333333333,12.0
12965,210429,1,1,8,0,55,1,1,1,21,0,high,1.0,10.0
12966,210430,1,1,8,1,55,1,10,1,21,0,high,1.0,83.0
12967,210431,1,2,8,0,55,1,1,1,21,1,low,0.5,8.0
12968,210432,1,2,9,6,98,1,1,1,21,0,low,0.5,7.0
12969,210433,4,4,9,2,45,1,1,1,21,0,high,1.0,11.0
12970,210434,1,1,6,0,35,1,1,1,21,0,high,1.0,29.0
12971,210435,1,2,9,11,55,1,1,1,21,0,low,0.5,9.0
12972,210436,1,1,7,0,55,2,1,1,21,0,high,1.0,41.0
12973,210437,1,1,9,0,25,3,1,1,21,0,high,1.0,45.0
12974,210438,1,1,9,0,55,1,1,1,21,0,high,1.0,15.0
12975,210439,1,1,9,0,55,1,1,1,21,1,high,1.0,26.0
12976,210440,4,7,9,2,55,1,1,1,21,0,high,0.5714285714285714,10.0
12977,210441,1,2,9,0,65,1,1,1,21,0,low,0.5,1.0
12978,210442,1,1,9,0,25,1,1,1,21,1,high,1.0,4.0
12979,210443,1,1,9,0,55,2,1,1,21,1,high,1.0,6.0
12980,210444,1,3,9,0,70,1,1,1,21,0,low,0.3333333333333333,23.0
12981,210445,1,1,9,0,70,2,1,1,21,0,high,1.0,5.0
12982,210446,1,1,9,0,55,2,1,1,21,1,high,1.0,17.0
12983,210447,1,2,9,6,55,1,1,1,21,0,low,0.5,6.0
12984,210448,1,4,9,6,98,1,1,1,21,0,low,0.25,32.0
12985,210449,1,1,9,0,55,2,5,1,21,0,high,1.0,7.0
12986,210450,1,2,9,7,55,1,2,2,21,1,low,0.5,13.0
12987,210451,1,4,9,6,45,1,1,1,21,0,low,0.25,17.0
12988,210452,1,1,9,0,40,1,1,1,21,0,high,1.0,16.0
12989,210453,1,1,9,0,55,1,2,2,21,0,high,1.0,6.0
12990,210454,1,1,9,0,25,4,1,1,21,1,high,1.0,10.0
12991,210455,1,1,9,0,55,1,1,1,21,0,high,1.0,7.0
12992,210456,1,2,9,2,55,4,5,1,21,0,low,0.5,8.0
12993,210457,1,2,9,2,55,1,1,1,21,0,low,0.5,13.0
12994,210458,1,4,9,0,55,2,1,1,21,0,low,0.25,15.0
12995,210459,1,1,9,0,35,3,1,1,21,0,high,1.0,7.0
12996,210460,1,2,9,11,55,1,1,1,21,0,low,0.5,12.0
12997,210461,1,1,9,0,55,1,10,1,21,0,high,1.0,84.0
12998,210462,1,2,9,0,55,1,1,1,21,0,low,0.5,8.0
12999,210463,1,4,9,0,55,2,10,2,21,1,low,0.25,4.0
13000,210464,1,2,9,0,45,2,5,2,21,1,low,0.5,10.0
13001,210465,1,1,9,0,55,2,10,1,21,1,high,1.0,9.0
13002,210466,1,1,9,0,55,1,10,2,21,0,high,1.0,8.0
13003,210467,1,2,9,6,70,1,10,1,21,0,low,0.5,14.0
13004,210468,1,2,9,0,65,2,10,1,21,0,low,0.5,16.0
13005,210469,1,1,9,0,55,1,10,1,21,0,high,1.0,3.0
13006,210470,1,2,9,2,55,4,10,1,21,1,low,0.5,8.0
13007,210471,1,1,9,0,55,1,10,1,21,0,high,1.0,27.0
13008,210472,1,2,9,2,55,1,2,2,21,0,low,0.5,28.0
13009,210473,1,1,9,0,45,1,1,1,21,0,high,1.0,8.0
13010,210474,1,1,9,0,55,2,1,1,21,0,high,1.0,12.0
13011,210475,1,1,9,0,55,1,10,1,21,0,high,1.0,11.0
13012,210476,1,2,9,2,55,2,1,1,21,0,low,0.5,6.0
13013,210477,1,1,9,0,55,1,10,1,21,0,high,1.0,35.0
13014,210478,1,3,9,6,0,1,1,0,21,0,low,0.3333333333333333,9.0
13015,210479,1,3,9,6,55,1,2,2,21,0,low,0.3333333333333333,12.0
13016,210480,1,1,8,0,35,2,10,2,21,0,high,1.0,49.0
13017,210481,1,1,9,0,55,2,1,1,21,1,high,1.0,46.0
13018,210482,1,1,8,0,55,1,1,1,21,1,high,1.0,15.0
13019,210483,1,1,8,0,55,1,1,1,21,1,high,1.0,6.0
13020,210484,1,1,9,0,55,2,1,1,21,1,high,1.0,13.0
13021,210485,1,3,8,6,55,1,1,1,21,0,low,0.3333333333333333,55.0
13022,210486,1,2,8,6,55,1,1,1,21,0,low,0.5,3.0
13023,210487,1,1,9,0,55,1,1,1,21,0,high,1.0,4.0
13024,210488,1,1,9,0,55,1,10,2,21,0,high,1.0,33.0
13025,210489,2,3,10,6,55,1,2,2,21,0,high,0.6666666666666666,13.0
13026,210490,2,4,10,6,55,1,2,2,21,0,low,0.5,22.0
13027,210491,1,1,10,0,35,2,10,1,21,0,high,1.0,32.0
13028,210492,2,3,10,0,55,1,2,2,21,0,high,0.6666666666666666,18.0
13029,210493,1,3,10,6,55,1,2,2,21,0,low,0.3333333333333333,5.0
13030,210494,1,1,10,0,55,2,2,2,21,1,high,1.0,3.0
13031,210495,2,2,10,0,55,2,1,1,21,1,high,1.0,5.0
13032,210496,1,1,10,0,25,1,1,1,21,0,high,1.0,3.0
13033,210497,1,1,10,0,55,1,1,1,21,1,high,1.0,29.0
13034,210498,1,1,10,0,55,1,1,1,21,0,high,1.0,7.0
13035,210499,1,1,10,0,0,1,1,0,21,0,high,1.0,12.0
13036,210500,1,1,10,0,55,2,10,1,21,0,high,1.0,7.0
13037,210501,1,3,10,6,55,2,1,1,21,0,low,0.3333333333333333,60.0
13038,210502,1,3,10,0,45,2,1,1,21,0,low,0.3333333333333333,6.0
13039,210503,1,3,10,0,35,3,1,1,21,0,low,0.3333333333333333,22.0
13040,210504,1,3,10,0,45,2,1,1,21,0,low,0.3333333333333333,25.0
13041,210505,1,1,10,0,55,2,1,1,21,1,high,1.0,9.0
13042,210506,1,2,10,6,35,4,1,1,21,0,low,0.5,17.0
13043,210507,1,4,10,8,35,1,1,1,21,0,low,0.25,35.0
13044,210508,1,2,10,2,55,1,2,2,21,0,low,0.5,129.0
13045,210509,1,1,10,0,55,5,2,2,21,0,high,1.0,8.0
13046,210510,1,1,10,0,45,2,1,1,21,0,high,1.0,222.0
13047,210511,1,1,10,0,55,4,1,1,21,0,high,1.0,7.0
13048,210512,1,1,10,0,55,2,1,1,21,0,high,1.0,6.0
13049,210513,1,4,10,0,70,2,10,2,21,1,low,0.25,13.0
13050,210514,1,2,10,0,70,4,1,1,21,0,low,0.5,3.0
13051,210515,1,1,10,0,55,1,1,1,21,0,high,1.0,32.0
13052,210516,1,3,10,1,35,1,1,1,21,0,low,0.3333333333333333,36.0
13053,210517,1,2,10,6,0,1,1,0,21,0,low,0.5,8.0
13054,210518,1,1,10,0,55,6,10,2,21,1,high,1.0,7.0
13055,210519,1,4,10,0,55,6,1,1,21,1,low,0.25,33.0
13056,210520,1,3,10,6,98,1,1,1,21,1,low,0.3333333333333333,66.0
13057,210521,1,1,10,0,70,2,1,1,21,1,high,1.0,17.0
13058,210522,1,1,10,0,70,2,1,1,21,1,high,1.0,43.0
13059,210523,1,1,10,0,45,2,1,1,21,1,high,1.0,7.0
13060,210524,1,1,10,0,55,3,1,1,21,0,high,1.0,2.0
13061,210525,1,1,10,0,45,2,1,1,21,1,high,1.0,6.0
13062,210526,1,2,10,2,55,1,1,1,21,0,low,0.5,6.0
13063,210527,2,6,10,6,55,1,1,1,21,0,low,0.3333333333333333,26.0
13064,210528,1,1,10,0,35,2,1,1,21,0,high,1.0,11.0
13065,210529,1,1,10,0,55,2,1,1,21,0,high,1.0,99.0
13066,210530,1,1,10,0,70,4,1,1,21,1,high,1.0,4.0
13067,210531,1,1,10,0,55,1,1,1,21,0,high,1.0,2.0
13068,210532,1,1,10,0,55,2,1,1,21,0,high,1.0,3.0
13069,210533,1,1,10,0,55,4,1,1,21,0,high,1.0,32.0
13070,210534,1,2,10,0,55,1,1,1,21,0,low,0.5,13.0
13071,210535,1,2,10,6,30,1,10,1,21,0,low,0.5,17.0
13072,210536,1,2,10,0,45,2,10,1,21,0,low,0.5,16.0
13073,210537,1,1,10,0,70,1,2,2,21,0,high,1.0,12.0
13074,210538,1,2,10,6,45,1,10,2,21,1,low,0.5,46.0
13075,210539,1,5,10,6,55,1,2,2,21,0,low,0.2,16.0
13076,210540,1,1,10,0,55,2,10,1,21,0,high,1.0,9.0
13077,210541,1,2,10,0,35,2,10,1,21,0,low,0.5,6.0
13078,210542,1,1,10,0,65,5,1,1,21,0,high,1.0,39.0
13079,210543,1,2,10,0,35,1,1,1,21,0,low,0.5,16.0
13080,210544,1,2,10,6,55,1,10,1,21,1,low,0.5,3.0
13081,210545,1,3,10,1,70,1,10,2,21,0,low,0.3333333333333333,10.0
13082,210546,1,2,10,2,55,2,1,1,21,2,low,0.5,11.0
13083,210547,1,3,10,6,55,1,2,6,21,0,low,0.3333333333333333,3.0
13084,210548,1,2,10,6,65,1,1,1,21,0,low,0.5,16.0
13085,210549,1,4,10,0,45,5,1,1,21,0,low,0.25,7.0
13086,210550,1,4,10,2,55,1,10,1,21,0,low,0.25,7.0
13087,210551,1,3,10,0,55,2,1,1,21,1,low,0.3333333333333333,38.0
13088,210552,2,4,10,9,55,1,1,1,21,0,low,0.5,24.0
13089,210553,1,2,10,2,55,3,10,1,21,0,low,0.5,25.0
13090,210554,1,1,10,0,35,1,10,1,21,0,high,1.0,11.0
13091,210555,1,3,10,2,45,4,10,1,21,0,low,0.3333333333333333,26.0
13092,210556,1,2,10,6,98,3,10,2,21,0,low,0.5,11.0
13093,210557,1,1,10,0,0,1,1,0,21,0,high,1.0,8.0
13094,210558,1,2,10,2,45,1,1,1,21,0,low,0.5,5.0
13095,210559,1,1,10,0,55,2,10,1,21,0,high,1.0,17.0
13096,210560,1,2,10,6,55,2,10,1,21,0,low,0.5,26.0
13097,210561,1,1,10,0,15,1,2,2,21,0,high,1.0,82.0
13098,210562,1,1,10,0,45,2,5,2,21,1,high,1.0,61.0
13099,210563,1,2,9,1,35,1,1,1,21,0,low,0.5,33.0
13100,210564,1,1,10,0,55,1,1,1,21,0,high,1.0,6.0
13101,210565,1,3,10,0,70,1,1,1,21,0,low,0.3333333333333333,51.0
13102,210566,1,1,11,6,70,1,10,1,21,0,high,1.0,4.0
13103,210567,1,1,11,0,55,1,1,1,21,0,high,1.0,10.0
13104,210568,1,5,11,1,45,1,1,1,21,0,low,0.2,6.0
13105,210569,1,1,11,0,55,1,1,1,21,0,high,1.0,9.0
13106,210570,1,1,11,0,35,1,10,1,21,0,high,1.0,1.0
13107,210571,1,1,11,0,45,2,10,1,21,1,high,1.0,10.0
13108,210572,1,5,11,2,98,1,1,1,21,0,low,0.2,23.0
13109,210573,1,1,11,0,45,2,1,1,21,1,high,1.0,7.0
13110,210574,1,8,11,2,45,1,1,1,21,0,low,0.125,5.0
13111,210575,1,1,11,0,40,2,10,1,21,0,high,1.0,104.0
13112,210576,1,5,11,8,55,1,1,1,21,0,low,0.2,9.0
13113,210577,1,2,11,9,70,2,1,1,21,0,low,0.5,19.0
13114,210578,1,2,11,0,55,2,2,2,21,0,low,0.5,3.0
13115,210579,1,1,11,0,35,3,2,2,21,0,high,1.0,11.0
13116,210580,1,3,11,0,45,3,1,1,21,1,low,0.3333333333333333,22.0
13117,210581,1,8,11,1,45,2,1,1,21,0,low,0.125,9.0
13118,210582,1,1,11,0,25,2,1,1,21,0,high,1.0,22.0
13119,210583,3,3,11,0,55,1,1,1,21,0,high,1.0,13.0
13120,210584,1,1,11,7,5,1,10,2,21,0,high,1.0,13.0
13121,210585,1,1,11,0,55,2,1,1,21,0,high,1.0,20.0
13122,210586,1,1,11,0,55,4,1,1,21,0,high,1.0,14.0
13123,210587,1,5,11,1,65,1,10,1,21,0,low,0.2,6.0
13124,210588,1,5,11,2,55,5,1,1,21,0,low,0.2,8.0
13125,210589,1,1,11,0,35,2,2,2,21,0,high,1.0,55.0
13126,210590,1,1,11,0,55,1,1,1,21,1,high,1.0,4.0
13127,210591,1,5,11,6,25,1,1,1,21,0,low,0.2,3.0
13128,210592,1,1,11,0,55,1,1,1,21,1,high,1.0,17.0
13129,210593,1,1,11,0,55,1,1,1,21,1,high,1.0,7.0
13130,210594,1,2,11,6,55,1,1,1,21,0,low,0.5,34.0
13131,210595,1,3,11,6,98,1,1,1,21,0,low,0.3333333333333333,10.0
13132,210596,1,4,11,6,35,1,2,2,21,1,low,0.25,5.0
13133,210597,1,1,11,0,55,1,1,1,21,0,high,1.0,22.0
13134,210598,1,2,11,1,55,1,1,1,21,1,low,0.5,33.0
13135,210599,2,2,11,0,35,1,1,1,21,0,high,1.0,7.0
13136,210600,1,3,11,0,70,1,10,1,21,0,low,0.3333333333333333,15.0
13137,210601,1,3,11,6,98,6,1,1,21,0,low,0.3333333333333333,7.0
13138,210602,1,2,11,6,98,1,10,1,21,0,low,0.5,6.0
13139,210603,1,2,11,2,55,1,1,1,21,1,low,0.5,27.0
13140,210604,1,5,11,2,55,1,10,2,21,0,low,0.2,9.0
13141,210605,1,4,11,1,55,2,10,1,21,1,low,0.25,39.0
13142,210606,1,1,11,0,55,2,1,1,21,1,high,1.0,66.0
13143,210607,1,3,11,6,50,1,1,1,21,0,low,0.3333333333333333,5.0
13144,210608,1,2,11,6,55,1,1,1,21,0,low,0.5,6.0
13145,210609,1,1,11,0,70,3,1,1,21,1,high,1.0,8.0
13146,210610,1,1,8,0,55,2,1,1,21,0,high,1.0,4.0
13147,210611,1,1,10,0,55,1,10,2,21,0,high,1.0,7.0
13148,210612,1,4,11,6,55,1,10,2,21,0,low,0.25,4.0
13149,210613,1,3,11,0,55,2,10,1,21,0,low,0.3333333333333333,20.0
13150,210614,1,1,11,0,55,2,1,1,21,0,high,1.0,19.0
13151,210615,1,2,9,0,55,2,1,1,21,0,low,0.5,13.0
13152,210616,1,1,11,0,35,2,10,1,21,1,high,1.0,28.0
13153,210617,1,2,8,8,55,2,1,1,21,0,low,0.5,11.0
13154,210618,1,2,9,0,45,6,10,1,21,0,low,0.5,5.0
13155,210619,1,1,11,0,15,2,2,2,21,0,high,1.0,5.0
13156,210620,1,1,11,0,25,5,1,1,21,0,high,1.0,1.0
13157,210621,1,1,9,0,35,2,1,1,21,1,high,1.0,9.0
13158,210622,1,1,7,0,45,2,1,1,21,0,high,1.0,9.0
13159,210623,1,1,10,0,55,4,2,2,21,1,high,1.0,10.0
13160,210624,1,4,11,6,98,1,1,1,21,0,low,0.25,19.0
13161,210625,1,4,11,6,98,1,10,98,21,0,low,0.25,8.0
13162,210626,1,1,11,0,55,2,1,1,21,0,high,1.0,2.0
13163,210627,1,3,12,2,55,2,5,1,21,1,low,0.3333333333333333,15.0
13164,210628,2,3,12,0,55,1,10,1,21,0,high,0.6666666666666666,8.0
13165,210629,1,1,12,0,45,1,10,1,21,1,high,1.0,5.0
13166,210630,1,2,12,0,25,2,1,1,21,1,low,0.5,5.0
13167,210631,1,3,12,0,35,2,1,1,21,1,low,0.3333333333333333,24.0
13168,210632,1,5,12,6,35,2,1,1,21,0,low,0.2,599.0
13169,210633,1,2,12,6,45,1,1,1,21,0,low,0.5,4.0
13170,210634,1,3,12,6,55,2,1,1,21,1,low,0.3333333333333333,20.0
13171,210635,1,1,12,0,55,2,10,2,21,0,high,1.0,10.0
13172,210636,1,2,12,7,55,1,10,1,21,1,low,0.5,34.0
13173,210637,1,1,12,0,55,2,1,1,21,0,high,1.0,8.0
13174,210638,1,2,12,0,55,2,10,1,21,1,low,0.5,36.0
13175,210639,1,5,12,2,55,2,1,1,21,0,low,0.2,15.0
13176,210640,1,2,12,0,35,2,10,1,21,1,low,0.5,7.0
13177,210641,1,1,12,0,70,2,1,1,21,1,high,1.0,20.0
13178,210642,1,2,12,6,98,1,1,1,21,0,low,0.5,3.0
13179,210643,2,2,12,2,55,1,10,1,21,0,high,1.0,15.0
13180,210644,1,7,12,1,70,1,1,1,21,0,low,0.14285714285714285,11.0
13181,210645,2,3,12,2,55,1,10,1,21,0,high,0.6666666666666666,13.0
13182,210646,1,2,12,0,35,2,1,1,21,0,low,0.5,4.0
13183,210647,1,2,12,6,98,1,1,1,21,0,low,0.5,15.0
13184,210648,1,1,12,0,25,2,10,1,21,1,high,1.0,7.0
13185,210649,4,5,12,2,55,2,1,1,21,1,high,0.8,15.0
13186,210650,3,4,12,2,55,2,10,1,21,1,high,0.75,13.0
13187,210651,1,1,12,0,55,2,2,2,21,0,high,1.0,4.0