,ST_CASE,FATALS,PERSONS,MONTH,MAN_COLL,VSPD_LIM,LGT_COND,WEATHER,VSURCOND,STATE,DRUNK_DR,rate,rate_numerical,arrival_time
13188,210652,1,1,12,0,55,2,1,1,21,1,high,1.0,5.0
13189,210653,1,2,12,6,98,2,2,2,21,0,low,0.5,4.0
13190,210654,1,2,12,0,70,1,10,2,21,0,low,0.5,8.0
13191,210655,1,1,12,0,55,2,2,2,21,1,high,1.0,21.0
13192,210656,1,2,12,0,55,2,10,2,21,1,low,0.5,10.0
13193,210657,1,3,12,2,45,2,2,2,21,0,low,0.3333333333333333,8.0
13194,210658,1,1,12,0,55,3,2,2,21,0,high,1.0,16.0
13195,210659,1,3,12,6,45,3,2,2,21,0,low,0.3333333333333333,5.0
13196,210660,1,1,12,0,35,3,1,1,21,0,high,1.0,4.0
13197,210661,1,1,12,0,55,1,10,1,21,0,high,1.0,27.0
13198,210662,4,6,12,2,55,5,1,1,21,0,high,0.6666666666666666,21.0
13199,210663,1,3,12,0,55,1,10,1,21,0,low,0.3333333333333333,7.0
13200,210664,1,2,12,0,98,3,10,2,21,1,low,0.5,53.0
13201,210665,1,3,12,0,35,3,1,1,21,1,low,0.3333333333333333,5.0
13202,210666,1,6,12,11,55,1,10,1,21,0,low,0.16666666666666666,6.0
13203,210667,1,1,12,0,98,3,2,2,21,0,high,1.0,8.0
13204,210668,1,2,12,6,98,1,1,1,21,0,low,0.5,3.0
13205,210669,1,1,12,0,35,2,10,2,21,0,high,1.0,42.0
13206,210670,1,3,12,6,98,4,1,1,21,0,low,0.3333333333333333,46.0
13207,210671,1,1,12,0,45,2,1,1,21,0,high,1.0,18.0
13208,210672,1,1,12,0,55,4,1,1,21,0,high,1.0,12.0
13209,210673,1,1,12,0,45,2,1,1,21,0,high,1.0,11.0
13210,210674,1,5,12,6,45,3,10,1,21,0,low,0.2,10.0
13211,210675,1,2,12,6,98,5,10,1,21,0,low,0.5,11.0
13212,210676,1,1,12,0,55,1,10,2,21,1,high,1.0,16.0
13213,210677,1,1,12,0,70,2,10,1,21,1,high,1.0,3.0
13214,210678,2,2,12,0,35,3,1,1,21,1,high,1.0,5.0
13215,210679,2,3,12,2,55,2,1,1,21,1,high,0.6666666666666666,11.0
13216,210680,1,2,12,6,35,1,1,1,21,0,low,0.5,23.0
13217,210681,1,2,10,6,99,1,1,1,21,0,low,0.5,17.0
13218,210682,1,5,5,6,70,4,1,1,21,0,low,0.2,936.0
13219,210683,1,3,7,0,55,1,10,2,21,1,low,0.3333333333333333,36.0
13220,210684,1,1,12,0,55,1,10,1,21,1,high,1.0,47.0
13221,210685,1,7,11,0,70,2,2,2,21,0,low,0.14285714285714285,6.0
13222,210686,1,6,12,1,70,1,1,2,21,0,low,0.16666666666666666,51.0
13223,210687,1,1,9,0,45,2,1,2,21,1,high,1.0,19.0
13224,210688,1,3,12,0,70,1,1,1,21,0,low,0.3333333333333333,6.0
13225,210689,1,1,12,0,35,2,1,1,21,1,high,1.0,28.0
13226,210690,1,2,12,2,98,1,1,98,21,0,low,0.5,6.0
13227,210691,1,2,11,2,55,1,1,1,21,0,low,0.5,8.0
13228,210692,1,3,11,6,45,3,10,2,21,0,low,0.3333333333333333,12.0
13229,210693,1,1,11,0,55,1,1,1,21,0,high,1.0,31.0
13230,210694,1,2,12,1,65,1,1,1,21,0,low,0.5,13.0
13231,210695,1,2,2,0,15,3,1,1,21,0,low,0.5,5.0
13232,220001,4,7,1,2,55,1,1,1,22,0,high,0.5714285714285714,21.0
13233,220002,1,3,1,7,70,2,1,1,22,1,low,0.3333333333333333,16.0
13234,220003,1,1,1,0,60,1,1,1,22,1,high,1.0,28.0
13235,220004,1,1,1,0,55,1,1,1,22,1,high,1.0,10.0
13236,220006,1,1,1,0,35,2,1,1,22,0,high,1.0,20.0
13237,220007,1,2,1,0,40,3,2,2,22,1,low,0.5,4.0
13238,220008,1,2,1,1,45,3,1,1,22,1,low,0.5,6.0
13239,220009,1,2,1,0,55,1,1,1,22,1,low,0.5,4.0
13240,220010,1,1,1,0,70,1,1,2,22,0,high,1.0,8.0
13241,220012,1,1,1,0,55,2,1,1,22,0,high,1.0,28.0
13242,220013,1,2,1,2,55,1,2,2,22,0,low,0.5,9.0
13243,220014,1,3,1,0,55,1,1,1,22,1,low,0.3333333333333333,3.0
13244,220015,1,1,1,0,45,3,2,2,22,1,high,1.0,16.0
13245,220016,2,3,1,0,25,3,2,2,22,0,high,0.6666666666666666,9.0
13246,220017,1,1,1,0,50,7,8,8,22,1,high,1.0,9.0
13247,220018,1,4,1,6,55,3,2,2,22,1,low,0.25,9.0
13248,220019,1,1,1,0,45,3,2,2,22,1,high,1.0,9.0
13249,220020,1,5,1,99,60,1,1,1,22,0,low,0.2,16.0
13250,220021,1,2,1,6,50,1,10,1,22,0,low,0.5,27.0
13251,220022,1,4,1,2,50,2,10,1,22,0,low,0.25,8.0
13252,220023,1,2,1,2,45,1,1,1,22,1,low,0.5,4.0
13253,220024,1,2,1,6,25,3,10,1,22,1,low,0.5,26.0
13254,220025,1,1,1,0,50,1,2,2,22,1,high,1.0,32.0
13255,220026,1,1,1,0,55,2,10,1,22,1,high,1.0,9.0
13256,220027,1,1,1,0,35,3,1,1,22,1,high,1.0,8.0
13257,220028,1,5,1,0,55,2,2,2,22,1,low,0.2,60.0
13258,220029,1,1,1,0,55,2,1,1,22,1,high,1.0,4.0
13259,220030,1,1,1,7,55,2,1,1,22,0,high,1.0,25.0
13260,220031,1,5,1,6,50,3,1,1,22,1,low,0.2,3.0
13261,220032,1,2,1,8,55,4,2,2,22,0,low,0.5,2.0
13262,220033,1,2,1,2,45,1,2,2,22,0,low,0.5,7.0
13263,220034,1,2,1,0,55,2,1,1,22,0,low,0.5,60.0
13264,220035,1,1,1,0,55,5,10,1,22,0,high,1.0,182.0
13265,220036,1,3,1,0,65,2,1,1,22,0,low,0.3333333333333333,6.0
13266,220037,1,1,1,0,35,3,1,1,22,0,high,1.0,35.0
13267,220038,1,1,1,0,65,1,1,1,22,0,high,1.0,27.0
13268,220039,1,1,1,0,55,3,1,1,22,1,high,1.0,9.0
13269,220040,1,1,1,0,55,2,1,1,22,0,high,1.0,4.0
13270,220041,1,3,1,6,20,1,1,1,22,0,low,0.3333333333333333,28.0
13271,220042,1,3,1,1,60,1,1,1,22,1,low,0.3333333333333333,5.0
13272,220043,1,2,1,6,55,5,1,1,22,1,low,0.5,18.0
13273,220044,1,2,1,2,55,2,1,1,22,1,low,0.5,4.0
13274,220045,1,2,1,0,45,1,1,1,22,1,low,0.5,28.0
13275,220046,1,1,1,0,60,2,10,2,22,1,high,1.0,9.0
13276,220047,1,1,1,0,65,2,1,1,22,1,high,1.0,42.0
13277,220048,1,3,1,0,45,1,2,2,22,1,low,0.3333333333333333,10.0
13278,220049,1,5,1,6,45,2,1,1,22,0,low,0.2,14.0
13279,220050,2,2,2,2,45,4,10,1,22,1,high,1.0,7.0
13280,220051,1,6,2,6,50,2,10,1,22,0,low,0.16666666666666666,63.0
13281,220052,1,1,2,0,55,1,1,1,22,0,high,1.0,8.0
13282,220053,2,4,2,2,55,1,1,1,22,0,low,0.5,5.0
13283,220054,1,1,2,0,55,1,1,1,22,0,high,1.0,31.0
13284,220055,1,1,2,0,55,2,1,1,22,1,high,1.0,18.0
13285,220056,1,1,2,11,70,2,1,1,22,0,high,1.0,6.0
13286,220057,1,3,2,1,65,1,1,1,22,0,low,0.3333333333333333,4.0
13287,220058,1,4,2,6,55,1,1,1,22,0,low,0.25,20.0
13288,220059,1,1,2,0,55,2,1,1,22,1,high,1.0,6.0
13289,220060,1,2,2,1,55,2,1,1,22,0,low,0.5,8.0
13290,220061,1,1,2,0,55,1,1,1,22,1,high,1.0,7.0
13291,220062,1,1,2,0,50,2,1,1,22,1,high,1.0,6.0
13292,220063,1,1,2,0,45,3,1,1,22,0,high,1.0,21.0
13293,220064,1,3,2,0,45,1,10,1,22,0,low,0.3333333333333333,8.0
13294,220066,1,1,2,0,55,2,1,1,22,0,high,1.0,4.0
13295,220067,1,2,2,6,35,2,1,1,22,0,low,0.5,70.0
13296,220068,1,1,2,0,55,1,10,1,22,0,high,1.0,6.0
13297,220069,1,2,2,8,55,5,1,1,22,1,low,0.5,13.0
13298,220070,1,1,2,0,55,1,1,1,22,0,high,1.0,18.0
13299,220071,1,1,2,0,55,2,2,2,22,1,high,1.0,5.0
13300,220072,1,2,2,7,65,1,1,1,22,0,low,0.5,4.0
13301,220073,1,1,2,0,35,2,1,1,22,1,high,1.0,63.0
13302,220074,1,2,2,0,35,2,10,1,22,1,low,0.5,15.0
13303,220075,1,1,2,0,45,1,10,1,22,0,high,1.0,8.0
13304,220076,1,2,2,0,55,2,1,1,22,1,low,0.5,3.0
13305,220077,1,2,2,6,40,3,1,1,22,1,low,0.5,18.0
13306,220078,1,6,2,6,25,1,1,1,22,1,low,0.16666666666666666,8.0
13307,220079,1,2,2,6,70,4,5,2,22,0,low,0.5,50.0
13308,220080,1,5,2,6,45,3,1,1,22,0,low,0.2,5.0
13309,220081,1,4,2,1,60,3,1,1,22,0,low,0.25,8.0
13310,220082,1,5,2,1,45,5,1,1,22,1,low,0.2,2.0
13311,220083,1,3,2,0,70,2,1,1,22,0,low,0.3333333333333333,25.0
13312,220084,1,4,2,6,45,1,1,1,22,0,low,0.25,11.0
13313,220085,2,2,2,0,25,3,1,1,22,1,high,1.0,7.0
13314,220086,1,2,2,1,70,2,10,1,22,0,low,0.5,30.0
13315,220087,1,4,2,6,55,1,1,1,22,0,low,0.25,21.0
13316,220088,1,7,2,0,30,3,1,1,22,1,low,0.14285714285714285,46.0
13317,220089,1,1,2,0,98,3,10,1,22,0,high,1.0,23.0
13318,220090,1,1,2,0,55,2,1,1,22,1,high,1.0,3.0
13319,220091,1,1,2,0,55,2,1,1,22,1,high,1.0,8.0
13320,220092,1,2,2,0,20,1,1,1,22,0,low,0.5,7.0
13321,220093,1,2,1,1,65,1,1,1,22,0,low,0.5,24.0
13322,220094,1,1,2,0,20,3,1,1,22,1,high,1.0,15.0
13323,220095,1,3,2,1,55,1,1,1,22,0,low,0.3333333333333333,25.0
13324,220097,1,1,1,0,45,3,1,1,22,1,high,1.0,26.0
13325,220098,1,1,3,0,55,2,10,2,22,1,high,1.0,62.0
13326,220099,1,1,3,0,35,1,10,2,22,0,high,1.0,14.0
13327,220100,1,1,3,0,35,3,10,2,22,0,high,1.0,39.0
13328,220101,1,2,3,6,0,1,1,0,22,0,low,0.5,9.0
13329,220102,1,3,3,0,70,2,3,2,22,0,low,0.3333333333333333,4.0
13330,220103,1,1,3,0,55,2,99,99,22,0,high,1.0,15.0
13331,220104,1,1,3,0,50,3,3,4,22,0,high,1.0,12.0
13332,220105,1,6,3,0,55,2,1,1,22,1,low,0.16666666666666666,9.0
13333,220106,1,4,3,6,45,1,1,1,22,0,low,0.25,6.0
13334,220107,2,4,3,0,50,1,1,1,22,0,low,0.5,4.0
13335,220108,1,2,3,0,50,2,1,1,22,1,low,0.5,1.0
13336,220109,1,1,3,0,45,1,1,1,22,0,high,1.0,13.0
13337,220110,1,2,3,6,45,3,1,1,22,1,low,0.5,7.0
13338,220111,1,1,3,0,55,2,10,2,22,1,high,1.0,10.0
13339,220112,1,2,3,0,55,2,1,2,22,1,low,0.5,13.0
13340,220113,1,2,3,6,0,1,1,0,22,0,low,0.5,8.0
13341,220114,1,1,3,0,30,3,2,2,22,0,high,1.0,11.0
13342,220115,1,1,3,0,55,2,2,2,22,0,high,1.0,6.0
13343,220116,1,2,3,0,55,2,2,2,22,0,low,0.5,7.0
13344,220117,1,1,3,0,45,2,2,2,22,0,high,1.0,40.0
13345,220118,1,1,3,0,35,3,1,1,22,0,high,1.0,5.0
13346,220119,1,1,3,0,25,1,1,1,22,0,high,1.0,14.0
13347,220120,2,4,3,0,45,1,10,1,22,0,low,0.5,7.0
13348,220121,1,6,3,2,55,1,1,1,22,1,low,0.16666666666666666,20.0
13349,220122,1,4,3,1,40,3,10,1,22,1,low,0.25,8.0
13350,220123,1,1,3,0,55,2,10,1,22,0,high,1.0,31.0
13351,220125,1,1,3,0,55,2,1,1,22,1,high,1.0,15.0
13352,220126,1,2,3,6,45,1,1,1,22,0,low,0.5,16.0
13353,220127,1,2,3,6,65,1,10,1,22,1,low,0.5,11.0
13354,220128,1,2,3,2,45,4,1,1,22,0,low,0.5,14.0
13355,220129,1,2,3,0,45,1,2,2,22,1,low,0.5,12.0
13356,220130,1,4,3,0,45,3,10,1,22,1,low,0.25,0.0
13357,220131,1,2,3,2,55,2,10,2,22,0,low,0.5,17.0
13358,220132,1,1,3,0,35,2,10,2,22,1,high,1.0,8.0
13359,220133,1,1,3,0,25,3,1,1,22,1,high,1.0,8.0
13360,220134,1,1,3,0,40,3,10,1,22,0,high,1.0,7.0
13361,220135,1,2,3,0,50,2,1,1,22,1,low,0.5,23.0
13362,220136,1,1,3,0,55,1,1,1,22,0,high,1.0,9.0
13363,220137,1,4,3,1,70,1,1,1,22,0,low,0.25,13.0
13364,220138,1,2,3,0,55,1,1,1,22,0,low,0.5,6.0
13365,220139,1,3,3,1,70,3,1,1,22,1,low,0.3333333333333333,9.0
13366,220140,1,2,3,0,25,2,1,1,22,1,low,0.5,9.0
13367,220141,1,1,3,0,55,2,1,1,22,0,high,1.0,5.0
13368,220142,1,11,3,6,98,2,1,1,22,0,low,0.09090909090909091,13.0
13369,220143,1,1,3,0,70,2,10,1,22,1,high,1.0,4.0
13370,220144,1,1,3,0,0,2,1,1,22,1,high,1.0,10.0
13371,220145,2,4,3,2,55,1,1,1,22,0,low,0.5,2.0
13372,220146,1,3,3,2,40,1,1,1,22,1,low,0.3333333333333333,12.0
13373,220147,1,1,3,0,50,1,1,1,22,0,high,1.0,5.0
13374,220148,1,1,3,0,70,3,1,1,22,1,high,1.0,9.0
13375,220149,1,1,3,0,35,6,1,1,22,0,high,1.0,12.0
13376,220150,1,3,4,0,45,1,1,1,22,0,low,0.3333333333333333,21.0
13377,220151,1,2,4,0,65,2,10,1,22,0,low,0.5,15.0
13378,220152,1,2,4,0,35,3,1,1,22,1,low,0.5,6.0
13379,220153,1,5,4,2,55,1,1,1,22,0,low,0.2,14.0
13380,220154,1,2,4,0,35,2,1,1,22,0,low,0.5,19.0
13381,220155,1,1,4,0,55,2,10,1,22,1,high,1.0,3.0
13382,220156,1,1,4,0,40,3,1,1,22,1,high,1.0,24.0
13383,220157,1,1,4,0,70,2,1,1,22,1,high,1.0,25.0
13384,220158,1,2,4,0,55,1,1,1,22,1,low,0.5,28.0
13385,220160,1,4,4,0,35,1,1,1,22,0,low,0.25,7.0
13386,220161,1,3,4,0,70,2,10,1,22,0,low,0.3333333333333333,13.0
13387,220162,1,1,4,0,25,1,1,1,22,0,high,1.0,17.0
13388,220163,1,1,4,0,55,2,10,1,22,1,high,1.0,7.0
13389,220165,1,1,4,0,60,1,1,1,22,0,high,1.0,60.0
13390,220166,1,1,4,0,35,3,1,1,22,1,high,1.0,12.0
13391,220167,1,1,4,0,45,1,10,2,22,0,high,1.0,20.0
13392,220168,2,2,4,0,40,1,2,2,22,0,high,1.0,13.0
13393,220169,2,3,4,0,55,2,1,1,22,0,high,0.6666666666666666,7.0
13394,220170,1,1,4,0,45,1,1,2,22,0,high,1.0,15.0
13395,220171,1,1,4,0,35,2,2,2,22,1,high,1.0,27.0
13396,220172,1,1,4,0,55,9,5,1,22,1,high,1.0,13.0
13397,220173,1,1,4,0,20,1,2,2,22,0,high,1.0,24.0
13398,220174,1,6,4,0,35,1,1,1,22,0,low,0.16666666666666666,16.0
13399,220175,1,1,4,0,55,2,2,2,22,1,high,1.0,19.0
13400,220177,1,2,4,1,70,2,1,1,22,1,low,0.5,12.0
13401,220178,1,3,4,0,55,2,1,1,22,0,low,0.3333333333333333,23.0
13402,220179,1,3,4,2,50,1,1,1,22,0,low,0.3333333333333333,9.0
13403,220180,1,1,4,0,35,1,1,1,22,0,high,1.0,6.0
13404,220181,1,4,4,0,25,1,1,1,22,0,low,0.25,32.0
13405,220182,1,3,4,6,55,1,2,2,22,0,low,0.3333333333333333,67.0
13406,220183,1,1,4,0,45,1,1,1,22,1,high,1.0,6.0
13407,220184,1,1,4,0,45,2,1,1,22,0,high,1.0,23.0
13408,220185,1,6,4,1,55,2,1,1,22,0,low,0.16666666666666666,17.0
13409,220186,1,2,4,6,40,3,1,1,22,0,low,0.5,2.0
13410,220187,1,1,4,0,45,1,1,1,22,0,high,1.0,11.0
13411,220188,1,1,4,0,55,2,1,1,22,0,high,1.0,379.0
13412,220189,1,2,4,0,45,2,10,2,22,0,low,0.5,12.0
13413,220190,1,2,4,0,55,2,2,2,22,1,low,0.5,6.0
13414,220191,1,1,4,0,60,3,99,2,22,0,high,1.0,13.0
13415,220192,1,4,4,0,35,1,10,1,22,0,low,0.25,11.0
13416,220193,1,1,4,0,55,2,1,1,22,1,high,1.0,6.0
13417,220195,1,1,4,0,55,1,10,1,22,1,high,1.0,7.0
13418,220196,1,2,5,6,35,2,1,1,22,0,low,0.5,11.0
13419,220197,1,3,5,1,60,3,1,1,22,1,low,0.3333333333333333,21.0
13420,220198,1,1,5,0,25,1,1,2,22,0,high,1.0,8.0
13421,220199,1,1,5,0,35,2,1,1,22,0,high,1.0,20.0
13422,220200,1,1,5,1,60,2,2,2,22,1,high,1.0,10.0
13423,220201,1,1,3,0,55,2,10,1,22,1,high,1.0,38.0
13424,220202,1,1,5,0,55,1,1,1,22,1,high,1.0,26.0
13425,220203,1,1,5,0,55,2,1,1,22,1,high,1.0,9.0
13426,220204,1,1,5,0,70,1,1,1,22,0,high,1.0,46.0
13427,220205,1,1,5,0,55,5,1,1,22,1,high,1.0,16.0
13428,220206,1,1,5,0,55,3,1,1,22,0,high,1.0,13.0
13429,220207,1,4,5,6,65,1,1,1,22,0,low,0.25,48.0
13430,220208,1,2,5,6,55,1,1,1,22,0,low,0.5,10.0
13431,220209,1,1,5,0,55,1,1,1,22,0,high,1.0,7.0
13432,220210,1,3,5,6,35,1,1,1,22,0,low,0.3333333333333333,22.0
13433,220211,1,2,1,0,40,1,1,1,22,0,low,0.5,23.0
13434,220212,1,1,2,0,50,3,1,1,22,1,high,1.0,12.0
13435,220213,1,2,5,0,45,3,1,1,22,0,low,0.5,65.0
13436,220214,1,1,5,0,50,1,1,1,22,0,high,1.0,18.0
13437,220215,1,2,1,99,35,1,1,1,22,0,low,0.5,19.0
13438,220216,1,2,4,1,55,1,1,1,22,0,low,0.5,35.0
13439,220217,1,1,4,0,55,2,1,1,22,1,high,1.0,6.0
13440,220218,1,3,4,1,70,1,1,1,22,0,low,0.3333333333333333,11.0
13441,220219,1,1,5,0,35,1,1,1,22,1,high,1.0,38.0
13442,220220,1,5,5,2,45,1,1,1,22,0,low,0.2,66.0
13443,220221,1,2,5,6,0,1,10,0,22,0,low,0.5,21.0
13444,220222,1,1,5,0,60,1,1,1,22,0,high,1.0,6.0
13445,220223,1,1,5,0,45,3,1,1,22,1,high,1.0,16.0
13446,220224,2,3,5,2,55,2,1,1,22,0,high,0.6666666666666666,18.0
13447,220225,1,2,5,0,50,1,1,1,22,1,low,0.5,11.0
13448,220226,2,3,5,6,55,2,1,1,22,1,high,0.6666666666666666,26.0
13449,220227,1,1,5,0,35,3,10,1,22,1,high,1.0,9.0
13450,220228,1,7,5,7,55,2,10,1,22,1,low,0.14285714285714285,17.0
13451,220229,1,1,5,0,55,2,10,1,22,1,high,1.0,15.0
13452,220230,1,2,5,6,55,1,2,2,22,0,low,0.5,16.0
13453,220231,1,2,5,0,55,1,10,2,22,0,low,0.5,11.0
13454,220232,1,4,5,2,65,1,1,1,22,0,low,0.25,7.0
13455,220233,1,5,5,6,98,1,1,1,22,1,low,0.2,20.0
13456,220234,2,8,5,1,75,1,2,2,22,0,low,0.25,1.0
13457,220236,1,3,5,6,0,1,10,0,22,0,low,0.3333333333333333,9.0
13458,220237,1,1,5,0,50,1,2,2,22,0,high,1.0,23.0
13459,220238,1,1,5,0,55,3,2,99,22,0,high,1.0,14.0
13460,220239,1,1,5,0,55,4,5,1,22,0,high,1.0,4.0
13461,220240,1,3,5,2,55,1,10,1,22,1,low,0.3333333333333333,10.0
13462,220241,1,1,5,0,55,2,1,1,22,1,high,1.0,33.0
13463,220242,1,3,5,6,55,1,1,1,22,0,low,0.3333333333333333,16.0
13464,220243,1,1,5,0,55,2,1,1,22,0,high,1.0,4.0
13465,220244,1,2,5,0,65,2,1,1,22,0,low,0.5,12.0
13466,220245,1,2,5,0,55,2,1,1,22,0,low,0.5,23.0
13467,220246,1,6,5,2,65,2,10,1,22,1,low,0.16666666666666666,13.0
13468,220247,1,1,5,0,55,2,1,1,22,1,high,1.0,34.0
13469,220248,1,2,5,0,55,2,2,2,22,1,low,0.5,7.0
13470,220249,1,1,5,0,55,2,1,1,22,1,high,1.0,5.0
13471,220250,2,5,5,6,65,6,1,1,22,0,low,0.4,11.0
13472,220251,1,2,5,1,55,2,1,1,22,1,low,0.5,7.0
13473,220252,1,4,5,2,55,1,1,1,22,0,low,0.25,13.0
13474,220253,1,1,5,0,45,2,1,1,22,1,high,1.0,5.0
13475,220254,1,3,5,2,45,3,1,1,22,1,low,0.3333333333333333,15.0
13476,220255,1,1,5,0,35,1,10,1,22,0,high,1.0,6.0
13477,220257,1,2,3,0,50,2,1,1,22,1,low,0.5,16.0
13478,220258,1,1,5,0,50,1,1,1,22,1,high,1.0,17.0
13479,220259,1,2,5,6,40,1,1,1,22,0,low,0.5,7.0
13480,220261,1,3,2,0,45,3,1,1,22,0,low,0.3333333333333333,13.0
13481,220262,1,1,4,0,20,3,10,1,22,0,high,1.0,7.0
13482,220263,1,2,4,0,35,2,10,2,22,0,low,0.5,3.0
13483,220264,1,1,4,0,45,1,10,1,22,0,high,1.0,2.0
13484,220265,1,1,5,0,55,1,1,1,22,1,high,1.0,23.0
13485,220266,1,8,5,6,35,2,1,1,22,0,low,0.125,6.0
13486,220267,1,2,4,1,25,3,1,1,22,1,low,0.5,4.0
13487,220268,1,2,6,0,35,3,1,1,22,1,low,0.5,26.0
13488,220269,1,4,6,6,25,1,1,1,22,0,low,0.25,112.0
13489,220270,1,1,6,0,50,3,1,1,22,0,high,1.0,16.0
13490,220271,1,1,6,0,50,1,1,1,22,0,high,1.0,3.0
13491,220272,1,2,6,6,0,1,1,0,22,0,low,0.5,6.0
13492,220273,1,1,6,0,55,1,2,2,22,0,high,1.0,21.0
13493,220274,2,3,6,1,70,1,1,1,22,0,high,0.6666666666666666,1.0
13494,220275,1,1,6,0,55,1,10,1,22,0,high,1.0,2.0
13495,220276,1,1,6,0,45,3,1,1,22,1,high,1.0,15.0
13496,220277,1,3,6,6,55,1,1,1,22,0,low,0.3333333333333333,133.0
13497,220278,1,3,6,0,25,3,1,1,22,0,low,0.3333333333333333,9.0
13498,220279,1,2,6,1,55,3,1,1,22,1,low,0.5,15.0
13499,220280,1,1,6,0,35,3,1,1,22,0,high,1.0,97.0
13500,220282,1,2,6,0,35,1,1,1,22,0,low,0.5,8.0
13501,220283,1,1,6,0,60,3,1,1,22,0,high,1.0,15.0
13502,220284,1,3,6,0,0,1,1,0,22,0,low,0.3333333333333333,17.0
13503,220286,1,3,6,0,55,1,1,1,22,0,low,0.3333333333333333,20.0
13504,220287,1,1,6,0,50,1,1,1,22,0,high,1.0,23.0
13505,220288,1,3,6,6,25,5,10,1,22,0,low,0.3333333333333333,2.0
13506,220289,1,3,6,1,70,1,1,1,22,0,low,0.3333333333333333,11.0
13507,220290,1,2,6,0,45,3,10,1,22,1,low,0.5,23.0
13508,220291,1,1,6,0,70,2,1,1,22,0,high,1.0,4.0
13509,220292,1,2,6,8,55,1,1,1,22,0,low,0.5,43.0
13510,220293,1,1,6,0,55,4,1,1,22,0,high,1.0,38.0
13511,220294,1,2,6,1,55,1,1,1,22,0,low,0.5,10.0
13512,220295,1,1,6,0,55,2,10,1,22,0,high,1.0,19.0
13513,220296,1,1,6,0,65,2,2,2,22,1,high,1.0,30.0
13514,220297,1,1,6,0,55,1,10,1,22,0,high,1.0,14.0
13515,220298,1,1,6,0,55,3,10,1,22,1,high,1.0,11.0
13516,220299,1,3,6,0,55,1,1,1,22,0,low,0.3333333333333333,10.0
13517,220300,1,1,6,0,35,1,2,2,22,0,high,1.0,16.0
13518,220301,1,8,6,2,70,1,2,2,22,0,low,0.125,16.0
13519,220302,1,1,6,0,45,1,1,1,22,1,high,1.0,19.0
13520,220303,1,1,6,0,45,2,1,1,22,0,high,1.0,21.0
13521,220304,1,1,6,0,75,1,2,2,22,0,high,1.0,18.0
13522,220305,1,2,6,0,55,2,1,1,22,1,low,0.5,15.0
13523,220306,1,5,4,0,25,1,2,2,22,0,low,0.2,8.0
13524,220307,1,3,5,6,25,1,1,1,22,1,low,0.3333333333333333,2.0
13525,220308,1,8,7,2,70,1,1,1,22,0,low,0.125,15.0
13526,220309,1,1,7,0,35,2,1,1,22,1,high,1.0,2.0
13527,220310,1,1,7,0,25,3,1,1,22,0,high,1.0,3.0
13528,220311,1,1,7,0,35,3,1,1,22,1,high,1.0,9.0
13529,220312,1,1,7,0,55,2,10,1,22,1,high,1.0,60.0
13530,220313,1,1,7,0,55,1,1,1,22,1,high,1.0,10.0
13531,220314,1,1,7,0,0,1,1,1,22,0,high,1.0,24.0
13532,220315,1,1,7,0,35,3,1,1,22,0,high,1.0,8.0
13533,220316,1,2,7,0,45,1,1,1,22,0,low,0.5,4.0
13534,220317,1,2,7,0,50,2,1,1,22,1,low,0.5,27.0
13535,220318,1,2,1,0,40,3,1,1,22,0,low,0.5,4.0
13536,220319,1,3,7,6,45,1,1,1,22,0,low,0.3333333333333333,11.0
13537,220320,2,5,7,0,40,3,1,1,22,1,low,0.4,6.0
13538,220321,1,3,7,0,55,5,10,1,22,0,low,0.3333333333333333,16.0
13539,220322,1,1,7,0,25,2,10,2,22,1,high,1.0,17.0
13540,220323,1,2,7,6,35,1,1,1,22,0,low,0.5,3.0
13541,220324,1,2,7,1,70,2,10,1,22,0,low,0.5,14.0
13542,220325,1,1,4,0,70,3,2,2,22,0,high,1.0,11.0
13543,220326,1,2,4,2,55,2,1,1,22,2,low,0.5,3.0
13544,220327,1,1,7,0,50,3,1,8,22,1,high,1.0,8.0
13545,220328,1,5,7,0,55,1,1,1,22,0,low,0.2,3.0
13546,220329,1,1,7,0,55,2,1,1,22,1,high,1.0,8.0
13547,220330,1,3,7,7,55,2,1,1,22,1,low,0.3333333333333333,17.0
13548,220331,1,1,7,0,55,1,1,1,22,0,high,1.0,9.0
13549,220332,1,1,7,0,55,1,1,1,22,0,high,1.0,14.0
13550,220333,1,1,7,0,35,1,1,1,22,0,high,1.0,6.0
13551,220334,1,2,7,6,40,3,1,1,22,0,low,0.5,10.0
13552,220335,2,4,7,0,70,2,1,1,22,0,low,0.5,41.0
13553,220336,1,5,7,6,55,2,1,1,22,0,low,0.2,10.0
13554,220337,1,4,7,0,55,1,1,1,22,1,low,0.25,4.0
13555,220338,1,1,7,0,60,1,1,1,22,0,high,1.0,168.0
13556,220339,1,2,7,1,55,1,1,1,22,0,low,0.5,5.0
13557,220340,1,2,7,0,0,2,1,1,22,0,low,0.5,10.0
13558,220341,1,1,7,0,75,2,1,1,22,0,high,1.0,6.0