,ST_CASE,FATALS,PERSONS,MONTH,MAN_COLL,VSPD_LIM,LGT_COND,WEATHER,VSURCOND,STATE,DRUNK_DR,rate,rate_numerical,arrival_time
13559,220342,1,3,7,7,55,1,1,1,22,0,low,0.3333333333333333,12.0
13560,220343,1,1,7,0,55,2,1,1,22,1,high,1.0,8.0
13561,220344,1,2,4,0,70,2,5,1,22,0,low,0.5,46.0
13562,220345,1,1,3,0,45,2,2,2,22,1,high,1.0,6.0
13563,220346,1,1,7,0,55,1,1,1,22,0,high,1.0,14.0
13564,220347,1,1,7,0,75,1,1,1,22,0,high,1.0,10.0
13565,220348,1,1,7,0,55,1,1,1,22,1,high,1.0,5.0
13566,220349,1,2,7,0,25,1,1,1,22,0,low,0.5,14.0
13567,220350,1,3,7,6,45,2,1,1,22,0,low,0.3333333333333333,4.0
13568,220351,1,3,7,6,55,2,1,1,22,1,low,0.3333333333333333,19.0
13569,220352,1,1,7,0,55,3,1,1,22,1,high,1.0,20.0
13570,220354,1,1,7,0,55,2,1,1,22,0,high,1.0,39.0
13571,220355,1,2,7,0,55,2,1,1,22,1,low,0.5,34.0
13572,220356,1,4,7,1,45,5,1,1,22,1,low,0.25,7.0
13573,220357,2,4,7,6,55,2,1,1,22,1,low,0.5,14.0
13574,220358,1,2,7,1,35,1,1,1,22,0,low,0.5,11.0
13575,220359,1,4,7,0,55,1,1,1,22,1,low,0.25,24.0
13576,220360,1,1,7,0,55,2,1,1,22,0,high,1.0,12.0
13577,220361,1,1,7,0,55,6,1,1,22,0,high,1.0,10.0
13578,220362,1,1,7,0,55,2,1,1,22,1,high,1.0,10.0
13579,220363,1,2,7,0,35,1,1,1,22,1,low,0.5,160.0
13580,220364,1,1,7,0,65,2,1,1,22,1,high,1.0,26.0
13581,220366,1,1,7,0,35,3,1,1,22,0,high,1.0,8.0
13582,220367,1,3,7,0,70,2,1,1,22,1,low,0.3333333333333333,17.0
13583,220368,1,1,7,0,55,2,1,1,22,0,high,1.0,30.0
13584,220369,1,1,7,0,70,2,10,1,22,0,high,1.0,42.0
13585,220370,1,2,7,7,70,1,1,1,22,0,low,0.5,21.0
13586,220371,1,1,7,0,35,1,1,1,22,0,high,1.0,5.0
13587,220372,1,2,7,8,55,1,1,1,22,0,low,0.5,28.0
13588,220373,1,3,7,0,70,1,1,1,22,0,low,0.3333333333333333,4.0
13589,220374,1,8,7,0,45,1,1,1,22,0,low,0.125,53.0
13590,220375,1,1,3,0,45,1,1,1,22,0,high,1.0,6.0
13591,220376,4,5,8,0,40,1,1,1,22,1,high,0.8,4.0
13592,220377,1,1,8,0,30,1,1,1,22,0,high,1.0,12.0
13593,220378,1,3,8,1,60,3,1,1,22,1,low,0.3333333333333333,10.0
13594,220379,1,1,8,0,35,1,1,1,22,0,high,1.0,22.0
13595,220380,1,1,8,0,35,1,1,1,22,0,high,1.0,8.0
13596,220381,1,3,8,0,40,2,1,1,22,0,low,0.3333333333333333,14.0
13597,220382,1,3,8,1,40,1,1,1,22,0,low,0.3333333333333333,7.0
13598,220383,1,1,8,0,60,1,1,1,22,0,high,1.0,10.0
13599,220384,1,1,8,0,35,3,1,1,22,0,high,1.0,25.0
13600,220385,1,2,8,1,35,1,1,1,22,0,low,0.5,21.0
13601,220386,1,1,8,0,60,2,1,1,22,1,high,1.0,16.0
13602,220387,1,2,8,0,35,3,1,1,22,1,low,0.5,22.0
13603,220388,1,2,8,6,35,3,2,2,22,1,low,0.5,5.0
13604,220389,1,2,8,0,20,5,1,1,22,0,low,0.5,14.0
13605,220390,1,5,8,7,60,2,1,1,22,0,low,0.2,14.0
13606,220391,1,1,8,0,70,2,1,1,22,0,high,1.0,18.0
13607,220393,1,1,8,0,55,1,10,1,22,1,high,1.0,177.0
13608,220394,1,1,8,0,35,2,1,1,22,1,high,1.0,9.0
13609,220395,1,9,8,6,98,3,1,1,22,0,low,0.1111111111111111,37.0
13610,220396,1,2,8,0,25,3,1,1,22,1,low,0.5,59.0
13611,220397,1,1,8,0,45,1,1,1,22,1,high,1.0,26.0
13612,220398,1,2,8,0,55,2,1,1,22,0,low,0.5,12.0
13613,220399,1,1,8,0,0,1,1,1,22,1,high,1.0,11.0
13614,220401,1,2,8,6,25,1,1,1,22,0,low,0.5,17.0
13615,220402,1,4,8,1,60,2,1,1,22,1,low,0.25,18.0
13616,220403,1,2,8,0,35,2,1,1,22,1,low,0.5,25.0
13617,220405,1,1,8,0,50,1,1,1,22,0,high,1.0,9.0
13618,220406,1,1,7,0,60,1,2,2,22,0,high,1.0,80.0
13619,220407,1,5,7,6,55,2,1,1,22,1,low,0.2,20.0
13620,220408,1,1,8,0,70,2,1,1,22,1,high,1.0,418.0
13621,220409,2,1,8,0,55,2,1,1,22,1,high,2.0,57.0
13622,220411,1,4,8,0,55,1,1,1,22,0,low,0.25,15.0
13623,220412,1,3,8,0,45,2,1,1,22,1,low,0.3333333333333333,32.0
13624,220413,1,3,8,2,25,1,1,1,22,1,low,0.3333333333333333,51.0
13625,220414,1,2,8,2,55,2,1,1,22,0,low,0.5,32.0
13626,220415,1,2,8,0,55,2,1,1,22,1,low,0.5,19.0
13627,220416,2,3,8,0,55,2,1,1,22,0,high,0.6666666666666666,16.0
13628,220417,1,6,8,0,25,1,1,1,22,0,low,0.16666666666666666,3.0
13629,220418,1,6,8,1,55,4,1,1,22,0,low,0.16666666666666666,50.0
13630,220419,1,4,8,1,55,1,1,1,22,1,low,0.25,12.0
13631,220420,1,2,8,0,0,2,1,0,22,0,low,0.5,6.0
13632,220421,1,3,8,0,55,3,1,1,22,1,low,0.3333333333333333,428.0
13633,220422,1,3,8,1,65,1,1,1,22,0,low,0.3333333333333333,9.0
13634,220423,1,2,8,0,55,2,1,1,22,1,low,0.5,9.0
13635,220424,1,3,8,2,55,1,1,1,22,1,low,0.3333333333333333,95.0
13636,220425,1,1,8,0,70,2,1,2,22,1,high,1.0,21.0
13637,220426,1,10,8,8,55,1,1,1,22,0,low,0.1,6.0
13638,220427,1,1,8,0,55,1,1,1,22,1,high,1.0,12.0
13639,220428,1,4,8,2,55,1,10,2,22,0,low,0.25,11.0
13640,220429,1,2,8,0,45,3,1,1,22,1,low,0.5,32.0
13641,220430,1,3,8,7,70,1,1,1,22,0,low,0.3333333333333333,37.0
13642,220431,1,1,8,0,55,2,1,1,22,1,high,1.0,38.0
13643,220432,1,2,8,2,70,2,1,1,22,1,low,0.5,31.0
13644,220433,1,1,8,0,45,2,1,1,22,0,high,1.0,5.0
13645,220434,1,1,8,0,55,2,1,1,22,1,high,1.0,12.0
13646,220435,1,1,8,0,55,2,1,1,22,0,high,1.0,33.0
13647,220436,1,2,9,0,65,1,1,1,22,1,low,0.5,69.0
13648,220437,1,1,9,0,55,4,1,1,22,0,high,1.0,20.0
13649,220438,1,1,9,0,45,1,10,1,22,0,high,1.0,7.0
13650,220439,1,4,9,6,25,1,1,1,22,0,low,0.25,11.0
13651,220440,1,7,9,6,45,1,10,1,22,0,low,0.14285714285714285,14.0
13652,220441,1,1,9,0,50,2,1,1,22,0,high,1.0,2.0
13653,220443,1,1,9,0,50,3,1,1,22,1,high,1.0,12.0
13654,220444,1,1,8,0,45,2,1,1,22,0,high,1.0,5.0
13655,220445,1,2,9,6,40,1,1,1,22,1,low,0.5,11.0
13656,220446,1,1,9,0,60,2,1,1,22,0,high,1.0,11.0
13657,220447,1,1,9,0,55,2,1,1,22,0,high,1.0,591.0
13658,220448,1,1,9,0,50,2,1,1,22,0,high,1.0,10.0
13659,220449,1,2,9,2,45,1,1,1,22,0,low,0.5,39.0
13660,220450,1,4,9,6,0,1,1,0,22,0,low,0.25,19.0
13661,220451,1,1,5,0,45,2,2,2,22,0,high,1.0,12.0
13662,220453,1,2,8,2,40,1,1,1,22,0,low,0.5,5.0
13663,220454,1,4,8,1,70,7,2,2,22,0,low,0.25,15.0
13664,220455,1,1,7,0,45,2,1,1,22,0,high,1.0,9.0
13665,220456,1,2,8,6,30,1,10,1,22,0,low,0.5,18.0
13666,220457,1,1,7,0,45,2,99,99,22,1,high,1.0,10.0
13667,220458,1,2,7,0,40,3,1,1,22,0,low,0.5,17.0
13668,220459,1,2,9,2,55,1,1,1,22,1,low,0.5,10.0
13669,220460,1,3,9,6,55,1,1,1,22,1,low,0.3333333333333333,10.0
13670,220461,2,6,9,2,55,1,1,1,22,0,low,0.3333333333333333,10.0
13671,220462,1,2,9,6,40,1,10,1,22,0,low,0.5,1.0
13672,220463,1,1,9,0,55,2,1,1,22,0,high,1.0,22.0
13673,220464,1,1,9,0,55,2,1,1,22,0,high,1.0,25.0
13674,220465,1,2,9,6,0,1,1,0,22,0,low,0.5,23.0
13675,220466,2,2,9,0,45,1,1,1,22,0,high,1.0,6.0
13676,220467,1,2,9,2,55,1,1,1,22,0,low,0.5,99.0
13677,220468,1,5,9,2,35,1,1,1,22,0,low,0.2,25.0
13678,220469,1,1,9,0,35,2,1,1,22,0,high,1.0,611.0
13679,220470,1,1,9,0,55,1,1,1,22,1,high,1.0,11.0
13680,220471,1,2,9,6,99,1,1,1,22,0,low,0.5,126.0
13681,220472,2,2,9,0,55,2,1,1,22,1,high,1.0,5.0
13682,220473,1,1,9,0,55,1,10,1,22,1,high,1.0,11.0
13683,220474,1,2,9,7,70,5,1,1,22,0,low,0.5,21.0
13684,220475,1,1,9,0,45,1,1,1,22,1,high,1.0,4.0
13685,220476,1,3,9,0,35,1,1,1,22,0,low,0.3333333333333333,247.0
13686,220477,1,1,9,0,55,2,2,2,22,0,high,1.0,521.0
13687,220478,1,1,9,0,35,1,10,1,22,0,high,1.0,38.0
13688,220479,1,2,9,2,55,1,1,1,22,0,low,0.5,14.0
13689,220480,1,3,9,1,45,1,1,1,22,0,low,0.3333333333333333,10.0
13690,220481,1,1,9,0,55,1,1,1,22,0,high,1.0,10.0
13691,220482,1,1,9,0,45,2,1,1,22,1,high,1.0,13.0
13692,220483,1,2,9,6,55,1,1,1,22,0,low,0.5,19.0
13693,220484,1,2,9,0,45,2,1,1,22,0,low,0.5,6.0
13694,220485,1,2,9,0,20,1,1,1,22,0,low,0.5,14.0
13695,220486,1,2,9,0,25,1,1,1,22,0,low,0.5,6.0
13696,220487,1,1,9,0,55,2,1,1,22,0,high,1.0,12.0
13697,220488,2,4,9,2,70,3,1,1,22,2,low,0.5,13.0
13698,220489,1,4,9,0,55,1,1,1,22,0,low,0.25,14.0
13699,220490,1,1,9,0,55,1,1,1,22,1,high,1.0,8.0
13700,220491,1,1,9,0,30,3,1,1,22,0,high,1.0,19.0
13701,220492,2,4,7,6,65,1,1,1,22,0,low,0.5,20.0
13702,220493,1,1,9,0,55,1,10,2,22,0,high,1.0,6.0
13703,220494,3,5,10,2,55,1,1,1,22,0,high,0.6,10.0
13704,220495,1,4,10,8,55,1,1,1,22,0,low,0.25,8.0
13705,220496,1,1,10,0,55,2,1,1,22,0,high,1.0,12.0
13706,220497,1,2,10,0,45,5,1,1,22,1,low,0.5,23.0
13707,220498,1,3,10,0,45,2,1,1,22,0,low,0.3333333333333333,11.0
13708,220499,1,1,10,0,40,1,1,1,22,1,high,1.0,11.0
13709,220500,1,3,9,2,45,3,1,1,22,1,low,0.3333333333333333,46.0
13710,220501,1,3,10,6,55,1,1,1,22,0,low,0.3333333333333333,3.0
13711,220502,1,5,10,6,35,1,1,1,22,0,low,0.2,156.0
13712,220503,1,2,10,2,70,2,1,1,22,1,low,0.5,5.0
13713,220504,1,3,10,6,45,2,1,1,22,0,low,0.3333333333333333,50.0
13714,220505,1,2,10,2,50,2,5,1,22,0,low,0.5,18.0
13715,220506,1,3,9,6,50,5,1,1,22,0,low,0.3333333333333333,15.0
13716,220507,1,1,10,0,55,2,10,1,22,0,high,1.0,26.0
13717,220508,1,1,10,0,55,2,1,1,22,1,high,1.0,6.0
13718,220509,1,1,10,0,50,9,99,99,22,1,high,1.0,8.0
13719,220510,1,3,10,1,55,2,1,1,22,1,low,0.3333333333333333,10.0
13720,220511,1,2,10,6,55,2,1,1,22,0,low,0.5,3.0
13721,220512,1,2,10,0,45,2,5,1,22,0,low,0.5,52.0
13722,220513,1,1,10,0,55,1,1,1,22,0,high,1.0,12.0
13723,220514,2,3,10,6,35,5,1,1,22,0,high,0.6666666666666666,4.0
13724,220515,1,1,10,0,55,1,1,1,22,0,high,1.0,54.0
13725,220516,1,1,10,0,50,2,1,1,22,1,high,1.0,50.0
13726,220517,1,1,10,0,55,2,1,1,22,1,high,1.0,15.0
13727,220518,1,2,10,6,25,1,1,1,22,0,low,0.5,26.0
13728,220519,1,1,10,0,35,2,1,1,22,1,high,1.0,5.0
13729,220520,2,2,10,2,55,2,10,1,22,1,high,1.0,66.0
13730,220521,1,5,10,2,45,2,1,1,22,0,low,0.2,17.0
13731,220522,1,1,10,0,55,2,1,1,22,1,high,1.0,32.0
13732,220523,1,1,10,0,55,2,1,1,22,1,high,1.0,8.0
13733,220524,1,2,10,0,55,1,1,1,22,1,low,0.5,13.0
13734,220525,1,3,10,0,25,3,1,1,22,0,low,0.3333333333333333,27.0
13735,220526,1,2,10,6,45,3,1,1,22,0,low,0.5,11.0
13736,220527,1,3,10,2,55,1,1,1,22,0,low,0.3333333333333333,14.0
13737,220529,1,1,10,0,35,4,1,1,22,0,high,1.0,13.0
13738,220530,1,1,10,0,50,1,2,2,22,0,high,1.0,19.0
13739,220531,1,2,10,1,50,1,10,2,22,0,low,0.5,35.0
13740,220532,1,2,10,2,55,2,1,1,22,1,low,0.5,7.0
13741,220533,1,2,10,2,55,4,1,1,22,0,low,0.5,29.0
13742,220534,1,1,10,0,45,2,1,1,22,0,high,1.0,24.0
13743,220535,1,6,10,6,35,3,1,1,22,1,low,0.16666666666666666,7.0
13744,220536,1,4,10,0,70,1,1,1,22,0,low,0.25,109.0
13745,220537,2,6,10,6,45,2,2,2,22,0,low,0.3333333333333333,41.0
13746,220538,1,2,10,0,55,3,10,1,22,0,low,0.5,8.0
13747,220539,1,2,10,2,55,4,1,1,22,0,low,0.5,6.0
13748,220541,2,2,10,0,55,1,1,1,22,0,high,1.0,9.0
13749,220542,1,2,10,1,55,1,1,1,22,0,low,0.5,23.0
13750,220543,1,1,11,0,35,3,2,2,22,1,high,1.0,6.0
13751,220544,1,7,11,8,45,2,1,1,22,1,low,0.14285714285714285,6.0
13752,220545,1,2,11,0,45,2,1,1,22,0,low,0.5,30.0
13753,220546,1,1,11,0,45,3,1,1,22,0,high,1.0,25.0
13754,220547,1,1,11,0,35,2,2,2,22,0,high,1.0,34.0
13755,220548,1,2,11,0,45,1,1,1,22,1,low,0.5,3.0
13756,220549,1,2,11,6,35,1,10,1,22,1,low,0.5,30.0
13757,220550,1,2,11,6,45,1,1,1,22,0,low,0.5,43.0
13758,220551,1,4,11,0,55,2,1,1,22,0,low,0.25,10.0
13759,220552,1,2,11,0,30,3,1,1,22,0,low,0.5,6.0
13760,220553,1,2,11,6,99,1,1,1,22,0,low,0.5,40.0
13761,220554,1,3,11,1,55,1,1,1,22,0,low,0.3333333333333333,15.0
13762,220555,1,1,11,0,45,1,1,1,22,0,high,1.0,6.0
13763,220556,1,1,11,0,25,3,1,1,22,1,high,1.0,10.0
13764,220557,1,1,11,0,35,1,10,1,22,1,high,1.0,120.0
13765,220558,1,1,9,0,55,2,1,1,22,0,high,1.0,4.0
13766,220559,1,2,11,0,25,9,1,1,22,1,low,0.5,43.0
13767,220560,1,4,10,0,35,2,10,1,22,0,low,0.25,31.0
13768,220561,1,2,10,2,55,1,1,1,22,0,low,0.5,10.0
13769,220562,1,2,11,1,55,5,2,2,22,2,low,0.5,5.0
13770,220563,1,4,11,7,70,2,10,2,22,0,low,0.25,5.0
13771,220564,1,3,11,6,55,1,1,1,22,0,low,0.3333333333333333,16.0
13772,220565,1,4,11,0,70,2,1,1,22,0,low,0.25,5.0
13773,220566,1,3,11,7,70,2,10,1,22,0,low,0.3333333333333333,19.0
13774,220567,1,4,11,8,55,1,2,2,22,0,low,0.25,24.0
13775,220568,1,2,10,6,55,2,1,1,22,0,low,0.5,19.0
13776,220569,1,1,8,0,35,1,1,1,22,1,high,1.0,18.0
13777,220570,1,8,9,1,65,5,1,1,22,0,low,0.125,6.0
13778,220571,1,1,10,0,45,2,1,1,22,0,high,1.0,15.0
13779,220572,1,1,10,0,40,1,2,2,22,0,high,1.0,17.0
13780,220573,1,2,11,0,70,1,2,2,22,0,low,0.5,34.0
13781,220574,1,2,11,2,55,3,10,2,22,0,low,0.5,46.0
13782,220575,3,4,11,0,70,2,2,2,22,0,high,0.75,3.0
13783,220576,1,2,11,6,40,1,1,1,22,1,low,0.5,13.0
13784,220577,1,1,11,0,65,2,1,1,22,0,high,1.0,35.0
13785,220578,1,3,11,6,45,1,1,1,22,0,low,0.3333333333333333,39.0
13786,220579,1,3,11,0,35,2,1,1,22,1,low,0.3333333333333333,7.0
13787,220580,1,2,11,1,55,1,1,1,22,0,low,0.5,34.0
13788,220581,1,5,11,2,55,1,1,1,22,0,low,0.2,4.0
13789,220582,1,2,11,2,65,2,10,1,22,0,low,0.5,10.0
13790,220583,1,2,11,0,55,1,1,1,22,0,low,0.5,35.0
13791,220584,1,2,10,6,20,3,1,1,22,0,low,0.5,14.0
13792,220585,1,1,3,0,30,3,1,1,22,1,high,1.0,45.0
13793,220586,1,1,11,0,55,2,1,1,22,0,high,1.0,50.0
13794,220587,2,3,11,0,65,2,10,1,22,2,high,0.6666666666666666,5.0
13795,220588,2,3,11,2,55,2,1,1,22,0,high,0.6666666666666666,12.0
13796,220591,1,1,9,0,35,2,1,1,22,0,high,1.0,4.0
13797,220592,1,3,9,0,35,1,1,1,22,0,low,0.3333333333333333,16.0
13798,220593,1,5,9,1,70,2,1,1,22,0,low,0.2,12.0
13799,220594,1,1,9,0,35,1,1,1,22,0,high,1.0,2.0
13800,220595,1,1,9,0,55,1,1,1,22,1,high,1.0,5.0
13801,220596,1,4,10,1,45,2,1,1,22,1,low,0.25,11.0
13802,220597,1,2,10,6,55,2,1,1,22,0,low,0.5,2.0
13803,220598,1,4,10,2,60,2,1,1,22,1,low,0.25,9.0
13804,220599,1,2,10,6,35,1,1,1,22,0,low,0.5,17.0
13805,220600,1,1,10,0,55,1,2,2,22,0,high,1.0,7.0
13806,220601,1,5,10,6,25,3,1,1,22,1,low,0.2,5.0
13807,220602,1,1,10,0,35,3,10,1,22,1,high,1.0,10.0
13808,220603,1,1,10,0,30,1,2,2,22,0,high,1.0,21.0
13809,220604,1,3,10,6,45,1,1,1,22,0,low,0.3333333333333333,4.0
13810,220605,1,1,11,0,35,3,1,1,22,0,high,1.0,7.0
13811,220607,1,2,11,1,60,2,10,2,22,0,low,0.5,3.0
13812,220608,1,2,11,6,55,2,1,1,22,1,low,0.5,5.0
13813,220609,1,2,11,0,50,2,1,1,22,1,low,0.5,17.0
13814,220610,1,1,10,0,55,1,1,1,22,0,high,1.0,5.0
13815,220611,1,2,11,0,45,2,10,2,22,0,low,0.5,11.0
13816,220612,1,3,11,6,35,1,1,1,22,0,low,0.3333333333333333,39.0
13817,220613,1,2,11,0,40,6,1,1,22,1,low,0.5,6.0
13818,220614,1,2,12,0,55,1,1,1,22,0,low,0.5,13.0
13819,220615,1,3,12,2,35,2,1,1,22,0,low,0.3333333333333333,19.0
13820,220616,1,9,12,1,70,2,1,1,22,0,low,0.1111111111111111,34.0
13821,220617,1,2,12,1,70,2,1,1,22,0,low,0.5,37.0
13822,220618,1,1,12,0,65,2,1,1,22,0,high,1.0,33.0
13823,220619,1,1,12,0,45,2,1,1,22,0,high,1.0,3.0
13824,220620,1,1,12,0,55,7,1,1,22,1,high,1.0,18.0
13825,220621,1,1,12,0,45,2,99,1,22,0,high,1.0,10.0
13826,220622,1,1,12,0,55,2,10,1,22,1,high,1.0,9.0
13827,220623,1,1,12,0,55,2,1,1,22,0,high,1.0,2.0
13828,220624,1,1,12,0,20,1,1,1,22,0,high,1.0,20.0
13829,220625,1,5,12,1,55,3,1,1,22,0,low,0.2,20.0
13830,220626,1,1,12,0,55,2,10,1,22,1,high,1.0,12.0
13831,220627,5,6,12,0,55,2,2,2,22,0,high,0.8333333333333334,16.0
13832,220628,1,2,12,0,55,3,2,2,22,0,low,0.5,13.0
13833,220629,1,1,12,0,55,2,2,2,22,0,high,1.0,45.0
13834,220630,1,1,12,0,55,1,10,2,22,0,high,1.0,33.0
13835,220631,1,1,12,0,55,2,2,2,22,0,high,1.0,28.0
13836,220632,1,2,12,0,45,2,1,1,22,1,low,0.5,34.0
13837,220633,1,3,12,6,55,2,10,1,22,0,low,0.3333333333333333,11.0
13838,220634,1,2,12,1,65,2,1,1,22,0,low,0.5,9.0
13839,220635,1,1,12,0,98,1,1,1,22,0,high,1.0,6.0
13840,220636,1,4,11,2,45,1,10,1,22,0,low,0.25,19.0
13841,220637,3,3,11,0,45,2,10,2,22,1,high,1.0,47.0
13842,220638,1,1,12,0,55,9,99,99,22,1,high,1.0,35.0
13843,220639,1,2,8,0,35,3,1,1,22,0,low,0.5,42.0
13844,220640,1,2,12,2,50,2,1,1,22,0,low,0.5,9.0
13845,220641,1,2,12,0,35,3,1,98,22,1,low,0.5,20.0
13846,220642,1,3,8,0,20,3,1,1,22,1,low,0.3333333333333333,14.0
13847,220643,1,1,12,0,55,1,8,1,22,0,high,1.0,8.0
13848,220644,1,1,12,0,35,3,10,2,22,0,high,1.0,11.0
13849,220645,3,5,12,2,75,2,2,2,22,1,high,0.6,1.0
13850,220646,1,2,12,0,70,1,1,1,22,0,low,0.5,57.0
13851,220648,1,1,12,0,55,2,1,1,22,0,high,1.0,8.0
13852,220649,1,4,12,0,50,1,10,2,22,0,low,0.25,15.0
13853,220650,1,2,12,0,55,2,1,1,22,1,low,0.5,8.0
13854,220651,1,1,12,0,60,3,1,1,22,0,high,1.0,2.0
13855,220652,1,5,12,6,25,3,1,1,22,1,low,0.2,5.0
13856,220653,1,1,12,0,35,2,2,2,22,0,high,1.0,39.0
13857,220654,1,6,12,2,50,3,1,1,22,2,low,0.16666666666666666,25.0
13858,220655,1,1,12,0,35,3,2,2,22,1,high,1.0,4.0
13859,220656,1,1,12,0,40,3,2,2,22,0,high,1.0,15.0
13860,220657,1,3,12,0,50,2,2,2,22,0,low,0.3333333333333333,5.0
13861,220658,1,3,12,6,50,3,10,1,22,1,low,0.3333333333333333,143.0
13862,220659,1,3,12,2,55,2,1,1,22,1,low,0.3333333333333333,7.0
13863,220660,1,1,12,0,45,1,2,2,22,0,high,1.0,12.0
13864,220661,1,3,7,0,40,1,1,1,22,0,low,0.3333333333333333,7.0
13865,220662,1,1,11,0,50,1,1,1,22,0,high,1.0,9.0
13866,220663,1,1,10,0,50,3,1,1,22,1,high,1.0,52.0
13867,220664,1,1,12,0,55,2,1,2,22,1,high,1.0,3.0
13868,220665,1,5,12,7,55,1,2,2,22,0,low,0.2,23.0
13869,220666,1,1,12,0,25,2,1,1,22,0,high,1.0,19.0
13870,220667,1,1,12,0,45,2,2,2,22,0,high,1.0,15.0
13871,220668,1,2,12,6,65,2,1,1,22,0,low,0.5,24.0
13872,220669,1,1,7,0,55,3,1,1,22,0,high,1.0,11.0
13873,220670,1,1,1,0,25,2,1,1,22,1,high,1.0,46.0
13874,220671,1,1,3,0,45,1,1,1,22,0,high,1.0,33.0
13875,220672,1,1,12,0,35,3,1,1,22,0,high,1.0,10.0
13876,220673,1,1,12,0,40,2,1,1,22,0,high,1.0,13.0
13877,220674,1,1,8,0,0,1,10,1,22,0,high,1.0,44.0
13878,220675,1,1,9,0,0,2,10,1,22,0,high,1.0,23.0
13879,220676,2,4,11,0,35,2,1,1,22,0,low,0.5,28.0
13880,220677,1,1,11,0,35,3,2,2,22,0,high,1.0,22.0
13881,220678,1,3,12,6,50,1,1,1,22,0,low,0.3333333333333333,15.0
13882,220679,1,5,12,1,50,2,1,1,22,0,low,0.2,5.0
13883,220680,3,4,11,1,65,3,1,1,22,1,high,0.75,11.0
13884,220681,1,1,4,0,35,3,10,1,22,0,high,1.0,13.0
13885,220682,2,2,4,0,45,1,1,1,22,0,high,1.0,10.0
13886,220683,1,3,12,1,98,1,1,1,22,0,low,0.3333333333333333,11.0
13887,220684,1,1,11,0,20,1,1,1,22,0,high,1.0,13.0
13888,220685,1,2,6,0,40,3,1,1,22,0,low,0.5,62.0
13889,220686,1,2,12,0,98,3,1,1,22,0,low,0.5,25.0
13890,220687,1,3,1,2,55,1,1,1,22,0,low,0.3333333333333333,13.0
13891,220688,1,2,4,1,98,1,1,1,22,0,low,0.5,17.0
13892,220689,1,3,4,2,55,1,1,1,22,0,low,0.3333333333333333,9.0
13893,220690,1,1,5,0,25,1,1,1,22,0,high,1.0,9.0
13894,220691,1,1,5,0,70,1,2,2,22,0,high,1.0,12.0
13895,220692,1,7,5,1,60,2,1,1,22,0,low,0.14285714285714285,5.0
13896,220693,1,1,6,0,0,1,1,1,22,0,high,1.0,44.0
13897,220694,1,1,7,0,35,3,10,1,22,1,high,1.0,5.0
13898,220695,1,2,5,6,45,1,1,1,22,0,low,0.5,13.0
13899,220696,1,2,7,0,40,3,1,1,22,0,low,0.5,11.0
13900,220697,1,2,8,6,50,1,1,1,22,0,low,0.5,10.0
13901,220698,1,1,8,0,50,1,1,1,22,0,high,1.0,342.0
13902,220699,1,2,8,0,55,1,2,2,22,0,low,0.5,12.0
13903,220700,1,3,8,6,55,1,1,1,22,0,low,0.3333333333333333,15.0
13904,220701,1,1,11,0,35,1,1,1,22,0,high,1.0,19.0
13905,220702,1,1,4,0,25,3,1,1,22,0,high,1.0,20.0
13906,230001,1,2,1,0,35,2,1,1,23,1,low,0.5,16.0
13907,230002,2,2,1,0,25,3,1,1,23,1,high,1.0,16.0
13908,230003,2,3,1,2,50,1,10,1,23,0,high,0.6666666666666666,15.0
13909,230004,1,2,1,6,45,1,1,4,23,0,low,0.5,24.0
13910,230005,1,1,1,0,40,1,1,1,23,1,high,1.0,7.0
13911,230006,1,1,1,0,45,2,1,1,23,1,high,1.0,33.0
13912,230007,1,1,1,0,25,2,2,2,23,1,high,1.0,29.0
13913,230008,1,3,2,0,55,1,1,3,23,0,low,0.3333333333333333,15.0
13914,230009,1,3,1,6,50,1,1,1,23,0,low,0.3333333333333333,13.0
13915,230010,1,1,2,0,98,1,1,2,23,0,high,1.0,6.0
13916,230011,1,3,2,6,50,4,4,3,23,0,low,0.3333333333333333,4.0
13917,230012,1,1,3,0,25,1,1,1,23,1,high,1.0,12.0
13918,230013,1,1,2,0,50,1,1,1,23,0,high,1.0,23.0
13919,230014,4,5,3,2,55,1,10,3,23,0,high,0.8,47.0
13920,230015,1,2,3,6,45,1,1,1,23,0,low,0.5,27.0
13921,230016,1,2,3,6,45,5,1,1,23,2,low,0.5,14.0
13922,230017,1,1,4,0,55,1,1,1,23,0,high,1.0,15.0
13923,230018,1,2,4,6,45,1,2,2,23,0,low,0.5,27.0
13924,230019,1,1,5,0,40,3,1,1,23,1,high,1.0,10.0
13925,230020,1,1,5,0,45,1,1,1,23,1,high,1.0,10.0
13926,230022,1,3,5,2,45,1,1,1,23,0,low,0.3333333333333333,16.0
13927,230023,1,1,5,0,45,2,1,1,23,1,high,1.0,5.0