,ST_CASE,FATALS,PERSONS,MONTH,MAN_COLL,VSPD_LIM,LGT_COND,WEATHER,VSURCOND,STATE,DRUNK_DR,rate,rate_numerical,arrival_time
14302,240254,1,4,8,2,30,1,1,1,24,0,low,0.25,12.0
14303,240255,1,3,9,1,50,1,1,1,24,0,low,0.3333333333333333,16.0
14304,240256,1,2,8,0,55,2,1,1,24,1,low,0.5,27.0
14305,240257,1,3,8,6,45,5,1,1,24,0,low,0.3333333333333333,34.0
14306,240258,1,1,8,7,65,2,1,1,24,0,high,1.0,24.0
14307,240259,1,1,5,0,40,1,1,1,24,0,high,1.0,32.0
14308,240260,1,2,8,6,0,1,1,0,24,0,low,0.5,1.0
14309,240261,1,1,9,0,40,2,1,1,24,0,high,1.0,33.0
14310,240262,1,6,6,2,35,1,1,1,24,1,low,0.16666666666666666,20.0
14311,240263,1,4,9,0,65,1,1,1,24,0,low,0.25,406.0
14312,240264,1,2,8,2,50,1,1,1,24,0,low,0.5,27.0
14313,240265,1,1,8,0,30,2,1,1,24,1,high,1.0,27.0
14314,240266,1,1,9,0,25,5,1,1,24,0,high,1.0,16.0
14315,240267,1,2,8,0,45,2,2,2,24,0,low,0.5,24.0
14316,240268,1,3,8,9,55,2,1,1,24,1,low,0.3333333333333333,4.0
14317,240269,1,3,8,6,50,1,1,1,24,0,low,0.3333333333333333,16.0
14318,240270,1,1,9,0,65,1,1,1,24,0,high,1.0,33.0
14319,240271,1,1,8,0,55,3,1,1,24,0,high,1.0,12.0
14320,240272,1,2,8,6,40,1,1,1,24,0,low,0.5,97.0
14321,240273,2,4,8,6,55,2,10,1,24,1,low,0.5,35.0
14322,240274,1,2,9,0,30,2,1,1,24,0,low,0.5,24.0
14323,240275,1,1,8,0,25,5,1,1,24,0,high,1.0,26.0
14324,240276,1,2,8,2,50,1,1,1,24,0,low,0.5,35.0
14325,240277,1,1,9,0,40,3,1,1,24,0,high,1.0,19.0
14326,240278,1,2,8,0,45,2,1,1,24,0,low,0.5,900.0
14327,240279,1,1,9,0,55,2,1,1,24,0,high,1.0,14.0
14328,240280,2,2,8,2,40,2,1,1,24,1,high,1.0,9.0
14329,240281,1,5,9,2,35,1,1,1,24,0,low,0.2,819.0
14330,240282,1,1,9,0,35,1,1,1,24,0,high,1.0,11.0
14331,240283,1,2,9,6,25,1,1,1,24,0,low,0.5,29.0
14332,240284,1,1,8,0,55,2,1,1,24,1,high,1.0,3.0
14333,240285,1,2,8,2,45,1,10,1,24,0,low,0.5,7.0
14334,240286,1,2,8,0,30,4,1,1,24,0,low,0.5,23.0
14335,240287,1,4,8,0,55,1,1,1,24,0,low,0.25,24.0
14336,240288,1,2,8,0,60,1,1,1,24,0,low,0.5,42.0
14337,240289,1,1,9,0,50,2,1,1,24,0,high,1.0,8.0
14338,240290,1,4,9,0,35,1,1,1,24,0,low,0.25,12.0
14339,240291,1,1,6,0,30,1,1,1,24,1,high,1.0,50.0
14340,240292,1,11,4,6,50,1,1,1,24,0,low,0.09090909090909091,30.0
14341,240293,1,2,9,6,55,3,1,1,24,1,low,0.5,
14342,240294,1,1,7,0,35,5,1,1,24,1,high,1.0,
14343,240295,1,2,8,6,25,1,1,1,24,1,low,0.5,
14344,240296,2,4,8,6,25,1,1,2,24,0,low,0.5,
14345,240297,1,1,8,0,30,2,1,1,24,0,high,1.0,
14346,240298,1,1,9,0,50,1,1,1,24,0,high,1.0,
14347,240299,1,2,9,2,35,1,1,1,24,0,low,0.5,
14348,240300,1,1,4,0,55,1,1,1,24,1,high,1.0,
14349,240301,1,1,6,0,0,1,1,0,24,0,high,1.0,
14350,240302,1,2,9,2,50,1,1,1,24,1,low,0.5,
14351,240303,1,2,9,0,45,2,1,1,24,0,low,0.5,
14352,240304,1,1,10,0,55,1,10,1,24,0,high,1.0,
14353,240305,1,8,9,6,45,3,1,1,24,1,low,0.125,
14354,240306,1,1,9,0,55,2,10,1,24,0,high,1.0,
14355,240307,2,3,9,6,30,1,1,1,24,0,high,0.6666666666666666,
14356,240308,1,4,9,2,55,1,1,1,24,0,low,0.25,
14357,240309,1,2,9,6,45,1,1,1,24,0,low,0.5,
14358,240310,1,1,9,0,50,2,1,1,24,1,high,1.0,
14359,240311,1,2,9,2,50,2,1,1,24,0,low,0.5,
14360,240312,1,2,7,6,25,3,1,1,24,0,low,0.5,
14361,240313,1,2,8,6,40,1,10,1,24,0,low,0.5,
14362,240314,1,2,8,0,30,4,1,1,24,0,low,0.5,
14363,240315,1,1,8,0,30,1,1,1,24,1,high,1.0,
14364,240316,1,3,9,6,55,3,1,1,24,0,low,0.3333333333333333,
14365,240317,1,2,9,1,40,1,1,1,24,0,low,0.5,
14366,240318,1,1,9,0,30,1,1,1,24,1,high,1.0,
14367,240319,1,1,9,0,98,1,1,1,24,0,high,1.0,
14368,240320,1,1,9,0,35,3,1,1,24,0,high,1.0,
14369,240321,1,2,9,6,98,1,1,98,24,1,low,0.5,
14370,240322,1,2,9,0,60,2,1,1,24,1,low,0.5,
14371,240323,1,2,10,0,55,2,10,1,24,0,low,0.5,
14372,240324,1,2,11,0,50,2,1,1,24,0,low,0.5,
14373,240325,1,2,9,0,98,2,1,1,24,0,low,0.5,
14374,240326,1,3,10,2,50,2,1,1,24,1,low,0.3333333333333333,
14375,240327,1,2,11,6,98,1,1,1,24,0,low,0.5,
14376,240328,1,1,9,0,25,1,10,1,24,0,high,1.0,
14377,240329,1,1,10,0,50,1,1,1,24,0,high,1.0,
14378,240330,1,1,11,0,50,2,1,1,24,0,high,1.0,
14379,240331,1,1,9,0,50,2,2,2,24,1,high,1.0,
14380,240332,1,2,9,6,30,1,1,1,24,0,low,0.5,
14381,240333,1,2,10,6,40,1,1,1,24,0,low,0.5,
14382,240334,1,2,11,6,35,3,1,1,24,0,low,0.5,
14383,240335,1,2,9,7,55,3,2,2,24,0,low,0.5,
14384,240336,1,2,10,0,30,1,10,1,24,0,low,0.5,
14385,240337,1,1,11,0,50,2,1,1,24,1,high,1.0,
14386,240338,1,2,9,0,55,2,1,1,24,1,low,0.5,
14387,240339,1,1,9,0,55,1,1,1,24,0,high,1.0,
14388,240340,1,2,9,2,40,1,1,1,24,0,low,0.5,
14389,240341,1,1,9,0,35,1,1,1,24,0,high,1.0,
14390,240342,1,1,10,0,55,3,1,1,24,0,high,1.0,
14391,240343,1,1,11,0,65,2,1,1,24,1,high,1.0,
14392,240344,1,2,12,0,65,3,5,1,24,0,low,0.5,
14393,240345,1,2,9,6,98,1,1,1,24,0,low,0.5,
14394,240346,1,2,10,1,45,2,1,1,24,0,low,0.5,
14395,240347,1,4,10,6,35,1,1,1,24,0,low,0.25,
14396,240348,1,2,9,2,35,1,1,1,24,1,low,0.5,
14397,240349,1,1,10,0,40,2,1,1,24,0,high,1.0,
14398,240350,1,1,10,0,50,7,1,1,24,0,high,1.0,
14399,240351,1,12,10,2,35,3,1,1,24,0,low,0.08333333333333333,
14400,240352,1,1,10,0,35,2,1,1,24,0,high,1.0,
14401,240353,1,1,10,0,55,2,1,1,24,0,high,1.0,
14402,240354,1,1,10,0,65,3,1,1,24,0,high,1.0,
14403,240355,1,4,10,2,50,1,1,1,24,1,low,0.25,
14404,240356,1,1,10,0,30,2,1,1,24,0,high,1.0,
14405,240357,1,3,10,0,45,3,10,2,24,1,low,0.3333333333333333,
14406,240358,1,1,10,0,50,3,1,1,24,0,high,1.0,
14407,240359,1,1,10,0,45,1,1,1,24,0,high,1.0,
14408,240360,1,3,10,0,30,3,1,1,24,0,low,0.3333333333333333,
14409,240361,1,1,10,0,45,3,1,1,24,0,high,1.0,
14410,240362,1,1,10,0,25,3,1,1,24,1,high,1.0,
14411,240363,1,1,10,0,45,1,10,1,24,1,high,1.0,
14412,240364,1,1,10,0,50,2,2,2,24,0,high,1.0,
14413,240365,1,1,10,0,55,2,1,1,24,1,high,1.0,
14414,240366,1,2,10,0,25,1,2,2,24,0,low,0.5,
14415,240367,1,2,7,6,25,3,1,1,24,0,low,0.5,
14416,240368,1,4,8,1,30,3,1,1,24,1,low,0.25,
14417,240369,1,5,8,0,35,3,1,1,24,1,low,0.2,
14418,240370,1,2,10,1,45,1,1,1,24,0,low,0.5,
14419,240371,2,1,10,0,30,1,1,1,24,1,high,2.0,
14420,240372,1,2,10,0,50,2,1,1,24,0,low,0.5,
14421,240373,2,10,10,2,40,3,1,1,24,2,low,0.2,
14422,240374,1,1,10,0,30,3,10,1,24,0,high,1.0,
14423,240375,1,1,10,0,50,4,1,1,24,0,high,1.0,
14424,240376,1,1,10,0,98,2,1,1,24,1,high,1.0,
14425,240377,1,5,10,6,35,3,1,1,24,0,low,0.2,
14426,240378,1,1,10,0,55,1,1,1,24,0,high,1.0,
14427,240379,1,1,10,0,45,3,1,1,24,0,high,1.0,
14428,240380,1,2,10,6,50,4,1,2,24,0,low,0.5,
14429,240381,1,1,10,0,30,3,1,1,24,0,high,1.0,
14430,240382,1,2,10,0,40,1,1,1,24,0,low,0.5,
14431,240383,1,1,11,0,50,3,1,1,24,0,high,1.0,
14432,240384,1,3,11,6,30,1,2,2,24,0,low,0.3333333333333333,
14433,240385,1,5,11,6,45,3,1,1,24,0,low,0.2,
14434,240386,1,2,11,1,30,3,1,1,24,1,low,0.5,
14435,240387,1,1,11,0,30,1,1,1,24,0,high,1.0,
14436,240388,1,1,11,0,0,1,98,0,24,0,high,1.0,
14437,240389,1,2,11,2,30,3,1,1,24,0,low,0.5,
14438,240390,1,2,11,0,55,2,1,1,24,0,low,0.5,
14439,240391,1,3,11,6,40,5,1,1,24,0,low,0.3333333333333333,
14440,240392,2,4,11,6,35,1,98,1,24,0,low,0.5,
14441,240393,1,3,11,0,25,1,1,1,24,0,low,0.3333333333333333,
14442,240394,1,1,11,0,40,5,1,1,24,1,high,1.0,
14443,240395,1,1,11,0,25,2,1,1,24,0,high,1.0,
14444,240396,1,4,11,2,30,2,1,1,24,0,low,0.25,
14445,240397,1,2,11,0,35,3,1,1,24,0,low,0.5,
14446,240398,1,2,11,1,55,1,1,1,24,0,low,0.5,
14447,240399,1,1,11,0,40,2,1,1,24,1,high,1.0,
14448,240400,1,5,11,0,35,1,10,1,24,0,low,0.2,
14449,240401,1,2,11,6,30,4,2,2,24,1,low,0.5,
14450,240402,1,1,11,0,40,2,1,1,24,0,high,1.0,
14451,240403,1,2,11,6,50,1,1,1,24,0,low,0.5,
14452,240404,1,5,12,1,65,2,1,1,24,0,low,0.2,
14453,240405,1,2,11,6,55,2,5,1,24,1,low,0.5,
14454,240406,1,3,11,6,35,5,2,2,24,0,low,0.3333333333333333,
14455,240407,1,3,11,6,30,3,1,1,24,0,low,0.3333333333333333,
14456,240408,1,3,11,2,45,1,2,2,24,0,low,0.3333333333333333,
14457,240409,2,3,11,2,35,3,1,1,24,0,high,0.6666666666666666,
14458,240410,1,4,11,0,40,3,1,1,24,0,low,0.25,
14459,240411,1,8,11,6,98,1,1,1,24,1,low,0.125,
14460,240412,4,18,11,1,35,1,1,1,24,1,low,0.2222222222222222,
14461,240413,1,4,11,6,65,1,1,1,24,1,low,0.25,
14462,240414,1,1,12,0,50,1,1,1,24,0,high,1.0,
14463,240416,2,2,12,0,45,3,1,1,24,1,high,1.0,
14464,240417,1,2,12,0,55,3,1,1,24,1,low,0.5,
14465,240418,1,3,12,1,65,2,1,1,24,0,low,0.3333333333333333,
14466,240419,1,3,12,6,35,2,1,1,24,0,low,0.3333333333333333,
14467,240420,1,1,12,0,30,2,1,1,24,1,high,1.0,
14468,240421,2,4,12,6,55,3,1,1,24,0,low,0.5,
14469,240422,1,2,12,6,98,1,1,1,24,0,low,0.5,
14470,240423,1,2,12,0,30,3,1,1,24,1,low,0.5,
14471,240424,1,1,12,0,40,1,10,2,24,0,high,1.0,
14472,240425,1,1,12,0,40,3,10,1,24,0,high,1.0,
14473,240426,1,2,12,2,50,2,10,2,24,1,low,0.5,
14474,240427,1,3,12,6,25,3,10,2,24,1,low,0.3333333333333333,
14475,240428,1,4,12,6,98,1,2,2,24,0,low,0.25,
14476,240429,1,1,12,0,98,1,1,1,24,0,high,1.0,
14477,240430,1,1,12,0,30,1,2,2,24,0,high,1.0,
14478,240431,1,6,12,6,50,1,1,1,24,0,low,0.16666666666666666,
14479,240432,1,3,12,1,50,2,1,1,24,0,low,0.3333333333333333,
14480,240433,1,1,12,0,45,3,1,1,24,1,high,1.0,
14481,240434,1,2,12,6,35,1,1,1,24,1,low,0.5,
14482,240435,1,2,12,6,98,1,2,2,24,0,low,0.5,
14483,240436,1,2,12,2,55,3,98,2,24,0,low,0.5,
14484,240437,1,1,12,0,25,2,1,2,24,0,high,1.0,
14485,240438,1,1,12,0,70,2,2,2,24,1,high,1.0,
14486,240439,1,1,12,0,45,3,1,1,24,0,high,1.0,
14487,240440,1,1,12,0,98,2,2,2,24,1,high,1.0,
14488,240441,1,1,12,0,40,2,1,2,24,0,high,1.0,
14489,240442,1,1,12,0,40,3,1,1,24,0,high,1.0,
14490,240443,1,1,12,0,15,2,5,2,24,0,high,1.0,
14491,240444,2,6,12,2,65,1,1,1,24,0,low,0.3333333333333333,
14492,240445,1,0,12,0,15,1,1,1,24,0,high,inf,
14493,240446,1,3,12,6,55,1,10,2,24,0,low,0.3333333333333333,
14494,240447,1,1,12,0,40,3,1,1,24,1,high,1.0,
14495,240448,1,1,12,0,45,2,2,2,24,0,high,1.0,
14496,240449,1,1,12,0,45,3,2,2,24,0,high,1.0,
14497,240450,1,3,12,0,40,1,1,1,24,0,low,0.3333333333333333,
14498,240451,1,5,12,6,30,1,2,2,24,0,low,0.2,
14499,240452,1,1,12,0,25,2,1,1,24,1,high,1.0,
14500,240453,1,2,12,2,40,5,1,1,24,0,low,0.5,
14501,240454,1,3,12,0,25,3,1,1,24,0,low,0.3333333333333333,
14502,240455,1,1,12,0,35,1,1,1,24,0,high,1.0,
14503,240456,2,3,9,2,30,3,1,1,24,1,high,0.6666666666666666,
14504,240457,1,1,12,0,50,2,10,2,24,0,high,1.0,
14505,240458,1,3,12,8,30,3,10,1,24,1,low,0.3333333333333333,
14506,240459,1,2,12,0,25,1,1,1,24,0,low,0.5,
14507,240460,1,1,12,0,35,1,2,2,24,0,high,1.0,
14508,240461,2,3,10,2,45,1,2,2,24,0,high,0.6666666666666666,
14509,240462,1,1,11,0,35,3,1,1,24,0,high,1.0,
14510,240463,1,1,12,0,40,2,1,1,24,0,high,1.0,
14511,240464,1,2,12,0,45,2,1,1,24,0,low,0.5,
14512,240465,1,1,2,0,98,2,1,1,24,0,high,1.0,
14513,240466,1,2,12,0,35,1,2,2,24,0,low,0.5,
14514,240468,1,2,9,6,40,1,1,1,24,0,low,0.5,
14515,240469,1,1,11,0,30,1,10,1,24,0,high,1.0,
14516,240470,1,2,3,98,98,2,1,10,24,1,low,0.5,
14517,240471,1,2,8,6,98,2,1,1,24,0,low,0.5,
14518,240472,1,2,9,99,98,3,1,1,24,0,low,0.5,
14519,240473,2,3,10,99,55,2,1,1,24,1,high,0.6666666666666666,
14520,240474,1,1,10,98,55,1,1,98,24,1,high,1.0,
14521,240475,1,8,11,6,98,3,1,1,24,0,low,0.125,
14522,250001,1,1,1,0,40,3,1,1,25,0,high,1.0,
14523,250002,1,1,1,0,50,3,10,1,25,0,high,1.0,
14524,250003,1,3,1,0,30,2,1,1,25,1,low,0.3333333333333333,
14525,250004,1,1,1,0,40,3,4,10,25,1,high,1.0,
14526,250005,1,1,1,0,98,3,1,1,25,1,high,1.0,
14527,250006,1,1,1,0,98,2,10,1,25,0,high,1.0,
14528,250007,1,2,1,0,25,1,1,10,25,0,low,0.5,
14529,250008,1,3,1,0,98,2,1,1,25,0,low,0.3333333333333333,
14530,250009,1,2,1,2,30,2,1,1,25,1,low,0.5,
14531,250010,1,3,1,0,65,1,3,2,25,0,low,0.3333333333333333,
14532,250011,1,1,2,0,30,1,2,3,25,0,high,1.0,
14533,250012,1,1,2,0,98,3,1,1,25,1,high,1.0,
14534,250013,1,1,2,0,55,2,1,1,25,0,high,1.0,
14535,250014,1,3,2,6,55,3,1,1,25,0,low,0.3333333333333333,
14536,250015,1,2,2,0,65,2,4,2,25,0,low,0.5,
14537,250016,1,1,3,0,30,3,1,1,25,0,high,1.0,
14538,250017,1,1,2,0,65,1,1,1,25,0,high,1.0,
14539,250018,1,3,2,6,65,1,10,2,25,0,low,0.3333333333333333,
14540,250019,1,1,3,0,98,1,1,1,25,0,high,1.0,
14541,250020,2,7,1,6,65,2,1,1,25,0,low,0.2857142857142857,
14542,250021,1,1,1,0,30,3,10,1,25,0,high,1.0,
14543,250022,1,1,2,0,98,2,1,3,25,0,high,1.0,
14544,250023,1,2,3,1,50,1,1,1,25,0,low,0.5,
14545,250024,1,1,3,0,20,1,1,1,25,0,high,1.0,
14546,250025,1,1,3,0,30,1,1,1,25,0,high,1.0,
14547,250026,1,1,1,0,98,3,1,1,25,1,high,1.0,
14548,250027,1,1,4,0,30,1,98,1,25,0,high,1.0,
14549,250028,1,1,4,0,40,2,2,2,25,0,high,1.0,
14550,250029,1,2,3,0,50,1,10,3,25,0,low,0.5,
14551,250030,2,4,2,2,30,1,1,1,25,0,low,0.5,
14552,250031,1,2,3,6,98,1,1,4,25,0,low,0.5,
14553,250032,1,1,4,0,30,6,1,1,25,1,high,1.0,
14554,250033,1,1,4,0,40,2,1,1,25,0,high,1.0,
14555,250034,1,1,4,0,50,3,2,2,25,0,high,1.0,
14556,250035,1,1,4,0,40,1,1,1,25,0,high,1.0,
14557,250036,1,1,4,0,40,1,1,1,25,0,high,1.0,
14558,250037,1,2,4,0,65,1,1,1,25,0,low,0.5,
14559,250038,1,4,4,1,65,2,1,1,25,0,low,0.25,
14560,250039,1,2,1,2,35,1,1,1,25,0,low,0.5,
14561,250040,1,2,3,0,65,1,1,1,25,0,low,0.5,
14562,250041,1,1,4,0,30,2,1,1,25,1,high,1.0,
14563,250042,2,3,4,0,65,2,1,1,25,0,high,0.6666666666666666,
14564,250043,1,2,4,2,40,1,1,1,25,0,low,0.5,
14565,250044,2,2,4,2,98,3,1,1,25,0,high,1.0,
14566,250045,1,1,5,0,45,2,1,1,25,1,high,1.0,
14567,250046,1,1,5,0,45,3,1,1,25,0,high,1.0,
14568,250047,2,2,5,0,65,1,1,1,25,0,high,1.0,
14569,250048,1,3,5,2,35,1,1,1,25,0,low,0.3333333333333333,
14570,250049,1,1,5,0,65,1,1,1,25,0,high,1.0,
14571,250050,1,1,5,0,65,2,1,1,25,0,high,1.0,
14572,250051,1,3,3,0,45,3,1,1,25,0,low,0.3333333333333333,
14573,250052,1,1,5,0,35,1,1,1,25,0,high,1.0,
14574,250053,1,2,5,0,55,1,1,1,25,1,low,0.5,
14575,250054,1,1,6,0,98,3,10,1,25,0,high,1.0,
14576,250055,1,1,5,0,40,1,1,1,25,0,high,1.0,
14577,250056,1,6,6,1,98,1,1,1,25,0,low,0.16666666666666666,
14578,250057,1,1,6,0,30,1,1,1,25,0,high,1.0,
14579,250058,1,1,6,0,35,1,1,1,25,0,high,1.0,
14580,250059,1,3,5,6,35,3,1,1,25,1,low,0.3333333333333333,
14581,250060,1,2,6,1,65,2,1,1,25,1,low,0.5,
14582,250061,1,2,7,2,25,3,1,1,25,0,low,0.5,
14583,250062,1,4,6,6,45,3,1,1,25,0,low,0.25,
14584,250063,1,1,6,0,40,1,1,1,25,0,high,1.0,
14585,250066,1,1,6,0,35,1,1,1,25,0,high,1.0,
14586,250067,1,1,7,0,98,2,1,2,25,1,high,1.0,
14587,250068,1,2,5,0,98,3,1,1,25,0,low,0.5,
14588,250069,1,3,6,6,98,5,1,1,25,0,low,0.3333333333333333,
14589,250070,2,3,6,0,98,6,1,1,25,1,high,0.6666666666666666,
14590,250071,1,3,1,0,98,3,1,1,25,0,low,0.3333333333333333,
14591,250072,1,1,1,0,35,2,1,2,25,0,high,1.0,
14592,250073,1,1,2,0,25,1,1,1,25,0,high,1.0,
14593,250074,1,1,2,0,98,1,4,2,25,0,high,1.0,
14594,250075,1,1,2,0,35,1,1,1,25,0,high,1.0,
14595,250076,1,1,1,0,50,1,1,1,25,0,high,1.0,
14596,250077,1,1,1,0,35,3,1,1,25,1,high,1.0,
14597,250078,1,2,1,1,40,3,1,2,25,1,low,0.5,
14598,250079,1,1,2,0,35,3,10,2,25,0,high,1.0,
14599,250080,1,2,7,0,30,1,1,1,25,0,low,0.5,
14600,250081,1,1,3,0,30,1,1,1,25,0,high,1.0,
14601,250082,1,1,3,0,30,1,1,1,25,0,high,1.0,
14602,250083,1,3,5,7,50,1,1,1,25,0,low,0.3333333333333333,
14603,250084,1,2,5,6,35,1,1,1,25,1,low,0.5,
14604,250085,1,1,6,0,65,1,2,2,25,0,high,1.0,
14605,250086,1,4,6,2,55,1,1,1,25,0,low,0.25,
14606,250087,1,2,6,6,25,1,1,1,25,0,low,0.5,
14607,250088,1,1,6,0,45,3,1,1,25,0,high,1.0,
14608,250089,1,3,6,0,65,2,2,2,25,0,low,0.3333333333333333,
14609,250090,1,1,6,0,55,1,1,1,25,0,high,1.0,
14610,250091,1,2,6,2,98,1,2,2,25,0,low,0.5,
14611,250092,1,2,7,2,98,2,1,1,25,1,low,0.5,
14612,250093,1,1,7,0,0,2,1,1,25,1,high,1.0,
14613,250094,2,4,7,1,98,1,1,1,25,1,low,0.5,
14614,250095,1,1,7,0,98,1,2,2,25,0,high,1.0,
14615,250096,1,2,7,6,98,1,1,1,25,0,low,0.5,
14616,250097,1,1,4,0,30,3,10,1,25,1,high,1.0,
14617,250098,1,1,7,0,65,2,1,1,25,1,high,1.0,
14618,250099,1,1,7,0,50,2,1,1,25,1,high,1.0,
14619,250100,1,2,7,0,98,2,1,1,25,1,low,0.5,
14620,250101,1,2,7,6,98,1,1,1,25,0,low,0.5,
14621,250102,1,2,7,0,98,3,1,1,25,0,low,0.5,
14622,250103,1,2,7,6,65,1,1,1,25,0,low,0.5,
14623,250104,1,2,7,0,65,2,1,1,25,1,low,0.5,
14624,250105,1,1,5,0,98,3,1,1,25,1,high,1.0,
14625,250106,1,1,5,0,65,1,1,1,25,1,high,1.0,
14626,250107,1,1,6,0,40,1,1,1,25,0,high,1.0,
14627,250108,1,3,6,2,98,1,2,2,25,0,low,0.3333333333333333,
14628,250109,1,2,6,0,65,1,1,1,25,0,low,0.5,
14629,250110,1,1,6,0,98,1,10,1,25,1,high,1.0,
14630,250111,1,1,6,0,98,3,2,1,25,0,high,1.0,
14631,250112,1,3,6,7,50,1,1,1,25,0,low,0.3333333333333333,
14632,250113,1,1,7,0,30,1,1,1,25,1,high,1.0,
14633,250114,1,1,7,0,30,3,1,1,25,0,high,1.0,
14634,250115,1,1,7,0,65,1,1,1,25,0,high,1.0,
14635,250116,1,1,7,0,98,3,1,1,25,1,high,1.0,
14636,250117,1,3,7,0,30,1,1,1,25,0,low,0.3333333333333333,
14637,250118,1,6,7,1,65,1,1,1,25,0,low,0.16666666666666666,
14638,250119,1,1,7,0,98,3,1,1,25,0,high,1.0,
14639,250120,1,1,7,0,98,5,1,1,25,0,high,1.0,
14640,250121,1,2,8,6,30,1,1,1,25,0,low,0.5,
14641,250122,1,3,8,0,40,3,1,1,25,0,low,0.3333333333333333,
14642,250123,1,1,5,0,98,1,1,1,25,0,high,1.0,
14643,250124,1,5,8,1,40,1,1,1,25,0,low,0.2,
14644,250125,1,2,8,6,98,1,1,1,25,0,low,0.5,
14645,250126,1,2,8,2,30,3,2,2,25,1,low,0.5,
14646,250127,1,3,8,2,98,1,10,1,25,0,low,0.3333333333333333,
14647,250128,1,3,6,2,40,5,1,1,25,0,low,0.3333333333333333,
14648,250129,1,2,7,2,30,1,1,1,25,0,low,0.5,
14649,250130,1,2,5,0,98,1,1,1,25,0,low,0.5,
14650,250131,1,1,8,0,98,1,1,1,25,0,high,1.0,
14651,250132,1,1,8,0,50,1,1,1,25,0,high,1.0,
14652,250133,1,1,8,0,45,3,1,1,25,0,high,1.0,
14653,250134,1,1,9,0,30,1,1,1,25,0,high,1.0,
14654,250135,1,2,9,1,65,4,1,1,25,0,low,0.5,
14655,250136,1,2,9,6,65,2,2,2,25,1,low,0.5,
14656,250137,1,2,9,0,65,1,1,1,25,0,low,0.5,
14657,250138,1,4,8,6,30,1,1,1,25,0,low,0.25,
14658,250139,1,1,7,0,15,3,10,1,25,0,high,1.0,
14659,250140,1,2,1,0,65,2,1,1,25,1,low,0.5,
14660,250141,1,1,7,0,30,5,1,1,25,0,high,1.0,
14661,250142,1,1,8,0,40,2,1,1,25,1,high,1.0,
14662,250143,1,4,8,1,30,1,1,1,25,0,low,0.25,
14663,250144,1,1,9,0,98,3,1,1,25,0,high,1.0,
14664,250145,1,1,9,0,40,2,1,1,25,0,high,1.0,
14665,250146,1,3,9,2,98,2,1,1,25,1,low,0.3333333333333333,
14666,250147,1,2,9,0,65,1,1,1,25,0,low,0.5,
14667,250148,1,3,10,1,50,1,1,1,25,1,low,0.3333333333333333,
14668,250149,1,1,9,0,30,1,1,1,25,0,high,1.0,
14669,250150,1,4,6,2,35,1,1,1,25,1,low,0.25,
14670,250152,1,1,5,0,30,3,1,1,25,0,high,1.0,
14671,250153,1,1,10,0,30,3,10,1,25,0,high,1.0,
14672,250154,1,1,9,0,98,2,1,1,25,0,high,1.0,
14673,250155,1,2,10,6,20,1,1,1,25,0,low,0.5,
14674,250156,1,2,8,2,45,1,1,1,25,0,low,0.5,
14675,250157,1,2,8,0,40,3,10,1,25,0,low,0.5,
14676,250158,1,1,9,0,55,2,2,2,25,0,high,1.0,
14677,250159,1,4,10,0,98,3,1,1,25,0,low,0.25,
14678,250160,1,1,10,0,30,5,1,1,25,0,high,1.0,
14679,250161,1,1,3,0,45,1,1,1,25,0,high,1.0,
14680,250162,1,2,7,2,30,3,10,1,25,1,low,0.5,
14681,250163,1,5,10,2,98,1,1,1,25,1,low,0.2,
14682,250164,1,1,10,0,98,2,1,1,25,0,high,1.0,
14683,250165,1,3,10,2,98,3,1,1,25,0,low,0.3333333333333333,
14684,250166,1,1,8,0,98,1,1,2,25,1,high,1.0,
14685,250167,1,1,10,0,40,2,1,1,25,0,high,1.0,
14686,250168,1,1,10,0,20,1,1,1,25,0,high,1.0,
14687,250169,1,1,10,0,98,2,10,1,25,0,high,1.0,
14688,250170,1,1,10,0,30,1,2,2,25,0,high,1.0,
14689,250171,1,5,10,0,30,5,2,2,25,0,low,0.2,
14690,250172,1,4,7,2,45,2,10,1,25,1,low,0.25,
14691,250173,1,1,10,0,50,2,1,1,25,0,high,1.0,
14692,250174,1,3,11,7,35,1,1,1,25,1,low,0.3333333333333333,
14693,250175,1,1,11,0,98,2,1,1,25,0,high,1.0,
14694,250176,1,1,10,0,30,1,1,1,25,0,high,1.0,
14695,250177,2,4,11,6,30,3,10,1,25,1,low,0.5,
14696,250178,1,2,11,0,98,3,1,1,25,0,low,0.5,
14697,250179,1,1,11,0,98,3,1,1,25,0,high,1.0,
14698,250180,1,2,7,0,98,2,1,1,25,1,low,0.5,
14699,250181,1,1,11,0,20,3,1,1,25,0,high,1.0,