,ST_CASE,FATALS,PERSONS,MONTH,MAN_COLL,VSPD_LIM,LGT_COND,WEATHER,VSURCOND,STATE,DRUNK_DR,rate,rate_numerical,arrival_time
15101,260295,1,2,6,6,0,2,1,0,26,2,low,0.5,
15102,260296,1,9,6,6,55,1,1,1,26,0,low,0.1111111111111111,
15103,260297,1,2,6,7,35,1,1,1,26,0,low,0.5,
15104,260298,1,2,6,6,98,3,1,1,26,0,low,0.5,
15105,260299,1,1,6,0,45,1,1,1,26,1,high,1.0,
15106,260300,1,1,6,0,15,3,1,1,26,0,high,1.0,
15107,260301,2,3,6,6,99,3,1,1,26,1,high,0.6666666666666666,
15108,260302,1,1,6,0,55,2,1,1,26,1,high,1.0,
15109,260303,1,1,6,0,25,5,1,1,26,1,high,1.0,
15110,260304,1,1,6,0,55,1,1,1,26,0,high,1.0,
15111,260305,1,2,5,0,25,1,1,1,26,1,low,0.5,
15112,260306,1,3,6,7,25,3,10,1,26,1,low,0.3333333333333333,
15113,260307,1,1,6,0,40,2,1,1,26,1,high,1.0,
15114,260308,1,1,6,0,55,1,1,1,26,0,high,1.0,
15115,260309,1,2,6,1,45,1,1,1,26,0,low,0.5,
15116,260310,1,7,6,6,98,1,1,1,26,0,low,0.14285714285714285,
15117,260311,1,1,6,0,25,1,10,1,26,0,high,1.0,
15118,260312,1,1,6,0,55,1,10,1,26,1,high,1.0,
15119,260313,1,1,6,0,70,1,1,1,26,0,high,1.0,
15120,260314,1,2,6,2,50,1,1,1,26,0,low,0.5,
15121,260315,2,2,6,0,25,8,10,1,26,0,high,1.0,
15122,260316,1,1,6,0,55,2,10,1,26,0,high,1.0,
15123,260317,1,1,6,0,55,2,1,1,26,0,high,1.0,
15124,260318,1,1,6,0,55,2,1,1,26,1,high,1.0,
15125,260319,1,2,6,0,55,1,1,1,26,0,low,0.5,
15126,260320,1,2,6,0,55,1,1,1,26,1,low,0.5,
15127,260321,1,1,6,0,40,1,1,1,26,1,high,1.0,
15128,260322,1,2,6,6,55,1,2,2,26,0,low,0.5,
15129,260323,1,2,6,2,50,1,1,1,26,0,low,0.5,
15130,260324,1,2,6,6,98,3,10,1,26,0,low,0.5,
15131,260325,1,2,6,6,98,1,10,1,26,0,low,0.5,
15132,260326,1,3,6,2,55,2,1,1,26,1,low,0.3333333333333333,
15133,260327,2,4,6,0,70,4,10,1,26,0,low,0.5,
15134,260328,1,1,6,0,45,2,1,1,26,1,high,1.0,
15135,260329,1,2,6,1,55,1,1,1,26,0,low,0.5,
15136,260330,1,4,6,6,98,1,1,1,26,0,low,0.25,
15137,260331,1,5,6,2,45,3,1,1,26,1,low,0.2,
15138,260332,1,5,6,1,40,1,10,1,26,0,low,0.2,
15139,260333,1,3,6,0,55,1,1,1,26,0,low,0.3333333333333333,
15140,260334,1,1,6,1,70,3,10,1,26,1,high,1.0,
15141,260335,1,3,6,2,98,1,10,1,26,0,low,0.3333333333333333,
15142,260336,1,4,6,6,55,2,1,1,26,1,low,0.25,
15143,260337,2,2,6,0,35,3,2,2,26,0,high,1.0,
15144,260338,1,3,6,6,98,5,1,1,26,0,low,0.3333333333333333,
15145,260339,1,1,6,0,55,2,1,1,26,1,high,1.0,
15146,260340,1,1,6,0,50,1,1,1,26,0,high,1.0,
15147,260341,1,1,6,0,55,2,5,1,26,0,high,1.0,
15148,260342,1,2,6,0,55,1,10,1,26,1,low,0.5,
15149,260343,1,4,6,8,55,1,1,1,26,0,low,0.25,
15150,260344,1,8,7,2,55,1,10,1,26,0,low,0.125,
15151,260345,1,1,7,0,40,1,10,1,26,0,high,1.0,
15152,260346,2,3,7,6,98,1,1,1,26,0,high,0.6666666666666666,
15153,260348,1,1,7,0,55,2,10,1,26,1,high,1.0,
15154,260349,1,11,7,6,70,1,1,1,26,0,low,0.09090909090909091,
15155,260350,1,1,7,0,35,2,1,1,26,0,high,1.0,
15156,260351,1,1,7,0,55,2,10,1,26,0,high,1.0,
15157,260352,2,4,7,6,98,1,1,1,26,1,low,0.5,
15158,260353,1,1,7,0,55,2,5,1,26,1,high,1.0,
15159,260354,1,1,7,0,25,5,1,1,26,1,high,1.0,
15160,260355,1,1,7,0,98,5,1,1,26,0,high,1.0,
15161,260356,1,5,7,6,98,3,1,1,26,0,low,0.2,
15162,260357,1,2,7,6,30,3,1,1,26,2,low,0.5,
15163,260358,1,3,7,6,98,1,1,1,26,0,low,0.3333333333333333,
15164,260359,1,2,7,6,50,1,1,1,26,0,low,0.5,
15165,260360,2,9,7,8,45,1,10,1,26,1,low,0.2222222222222222,
15166,260361,1,3,7,0,25,1,1,1,26,0,low,0.3333333333333333,
15167,260362,1,2,7,0,25,1,10,1,26,0,low,0.5,
15168,260363,1,2,6,0,25,1,1,1,26,0,low,0.5,
15169,260364,1,8,7,6,98,1,1,1,26,0,low,0.125,
15170,260365,1,1,6,0,45,1,1,1,26,0,high,1.0,
15171,260366,1,6,7,1,70,1,1,1,26,0,low,0.16666666666666666,
15172,260367,1,1,7,0,55,1,1,1,26,0,high,1.0,
15173,260368,1,1,7,0,40,3,1,1,26,0,high,1.0,
15174,260369,1,2,7,8,55,1,1,1,26,0,low,0.5,
15175,260370,1,1,7,0,70,1,1,1,26,0,high,1.0,
15176,260371,1,1,7,0,55,1,10,1,26,0,high,1.0,
15177,260372,1,1,7,0,45,1,1,1,26,1,high,1.0,
15178,260373,1,1,7,0,35,1,1,1,26,1,high,1.0,
15179,260374,1,3,7,6,35,3,1,1,26,1,low,0.3333333333333333,
15180,260375,1,1,7,0,35,3,1,1,26,1,high,1.0,
15181,260376,1,1,7,0,35,4,10,1,26,0,high,1.0,
15182,260377,1,1,7,0,55,2,1,1,26,1,high,1.0,
15183,260378,1,3,7,2,50,1,1,1,26,1,low,0.3333333333333333,
15184,260379,1,2,7,0,55,2,2,11,26,1,low,0.5,
15185,260380,1,4,7,6,50,1,1,1,26,0,low,0.25,
15186,260381,1,1,7,0,70,3,10,1,26,0,high,1.0,
15187,260382,1,1,7,0,40,1,1,1,26,1,high,1.0,
15188,260383,1,1,7,0,55,1,1,1,26,0,high,1.0,
15189,260384,1,2,7,0,45,1,1,1,26,0,low,0.5,
15190,260385,1,2,7,2,25,1,1,1,26,0,low,0.5,
15191,260386,1,4,7,2,55,1,1,1,26,1,low,0.25,
15192,260387,1,1,7,0,55,3,1,1,26,0,high,1.0,
15193,260388,1,2,7,6,0,1,1,0,26,1,low,0.5,
15194,260389,1,6,7,2,55,1,1,1,26,0,low,0.16666666666666666,
15195,260390,1,1,7,0,45,2,2,2,26,0,high,1.0,
15196,260391,1,6,7,7,35,3,1,1,26,1,low,0.16666666666666666,
15197,260392,1,1,7,0,55,1,1,1,26,0,high,1.0,
15198,260393,2,2,7,0,40,2,1,1,26,1,high,1.0,
15199,260394,1,1,7,0,70,1,1,1,26,0,high,1.0,
15200,260395,1,1,7,0,30,3,1,1,26,0,high,1.0,
15201,260397,1,2,7,0,50,3,1,1,26,0,low,0.5,
15202,260399,1,1,7,0,55,2,1,1,26,1,high,1.0,
15203,260401,1,1,7,0,45,1,1,1,26,0,high,1.0,
15204,260402,1,1,7,0,25,4,1,1,26,0,high,1.0,
15205,260403,1,2,7,6,98,1,1,1,26,0,low,0.5,
15206,260404,1,3,7,6,98,1,1,1,26,0,low,0.3333333333333333,
15207,260405,3,5,7,6,98,1,1,1,26,0,high,0.6,
15208,260406,1,2,7,0,70,1,1,1,26,0,low,0.5,
15209,260407,1,3,7,6,55,1,1,1,26,0,low,0.3333333333333333,
15210,260408,1,2,7,0,55,2,1,1,26,0,low,0.5,
15211,260409,1,2,7,6,35,3,10,1,26,0,low,0.5,
15212,260410,1,2,7,0,55,2,1,1,26,0,low,0.5,
15213,260411,1,3,7,2,55,1,1,1,26,0,low,0.3333333333333333,
15214,260412,1,2,7,1,50,3,1,1,26,1,low,0.5,
15215,260413,1,1,7,0,35,3,1,1,26,1,high,1.0,
15216,260414,1,2,7,2,45,5,10,1,26,1,low,0.5,
15217,260415,1,3,7,2,55,1,1,1,26,0,low,0.3333333333333333,
15218,260416,1,1,7,0,55,2,5,1,26,1,high,1.0,
15219,260417,1,4,7,0,70,2,1,1,26,0,low,0.25,
15220,260418,1,1,7,0,35,4,1,1,26,0,high,1.0,
15221,260419,1,2,7,2,55,1,10,1,26,0,low,0.5,
15222,260420,1,3,7,1,45,2,1,1,26,1,low,0.3333333333333333,
15223,260421,1,1,7,0,55,1,1,1,26,1,high,1.0,
15224,260422,1,2,7,6,25,1,1,1,26,0,low,0.5,
15225,260423,1,2,7,2,55,1,1,1,26,0,low,0.5,
15226,260424,1,3,7,0,45,3,1,1,26,1,low,0.3333333333333333,
15227,260425,1,3,7,6,98,1,1,1,26,0,low,0.3333333333333333,
15228,260427,1,2,7,1,70,3,10,1,26,1,low,0.5,
15229,260428,1,2,7,0,55,1,1,1,26,0,low,0.5,
15230,260429,1,1,7,0,55,2,1,1,26,1,high,1.0,
15231,260430,2,2,7,0,55,1,1,1,26,1,high,1.0,
15232,260431,1,1,7,0,55,1,10,1,26,0,high,1.0,
15233,260433,1,1,7,0,55,1,1,1,26,0,high,1.0,
15234,260434,1,1,7,0,40,1,1,1,26,0,high,1.0,
15235,260435,1,4,7,0,55,5,1,1,26,1,low,0.25,
15236,260436,1,4,7,6,98,1,1,1,26,0,low,0.25,
15237,260437,1,1,7,0,55,1,1,1,26,0,high,1.0,
15238,260438,1,1,7,0,55,1,1,1,26,0,high,1.0,
15239,260439,1,2,7,2,0,1,1,0,26,0,low,0.5,
15240,260440,1,1,7,0,55,5,10,1,26,0,high,1.0,
15241,260441,1,2,7,0,55,2,1,1,26,0,low,0.5,
15242,260442,1,1,7,0,55,2,10,1,26,1,high,1.0,
15243,260444,1,3,7,6,55,1,1,1,26,0,low,0.3333333333333333,
15244,260445,1,1,7,0,35,1,10,1,26,0,high,1.0,
15245,260446,1,3,7,0,55,1,1,1,26,0,low,0.3333333333333333,
15246,260447,1,1,7,0,35,2,1,1,26,1,high,1.0,
15247,260448,1,1,7,0,25,1,1,1,26,0,high,1.0,
15248,260449,1,1,7,0,45,1,10,1,26,0,high,1.0,
15249,260450,1,2,3,1,55,1,10,1,26,0,low,0.5,
15250,260451,1,1,3,0,25,3,1,1,26,0,high,1.0,
15251,260452,1,4,5,1,55,1,1,1,26,0,low,0.25,
15252,260453,1,2,5,8,55,1,1,1,26,0,low,0.5,
15253,260454,1,3,8,11,98,1,10,98,26,0,low,0.3333333333333333,
15254,260455,1,4,4,2,55,1,10,1,26,0,low,0.25,
15255,260456,1,4,5,6,98,1,10,1,26,0,low,0.25,
15256,260457,1,2,8,0,30,3,1,1,26,1,low,0.5,
15257,260458,2,3,8,2,55,1,1,2,26,0,high,0.6666666666666666,
15258,260459,1,2,6,7,55,1,1,1,26,0,low,0.5,
15259,260460,1,5,7,2,45,1,1,1,26,0,low,0.2,
15260,260461,1,11,8,1,70,1,1,1,26,0,low,0.09090909090909091,
15261,260462,1,4,7,2,98,1,1,1,26,0,low,0.25,
15262,260463,1,15,7,7,45,5,1,1,26,1,low,0.06666666666666667,
15263,260464,1,4,6,0,25,3,2,2,26,0,low,0.25,
15264,260465,1,1,7,0,70,3,1,1,26,1,high,1.0,
15265,260466,1,1,7,0,70,3,1,1,26,1,high,1.0,
15266,260467,1,1,7,0,35,2,1,1,26,0,high,1.0,
15267,260468,1,3,7,11,35,1,1,1,26,0,low,0.3333333333333333,
15268,260469,1,2,7,0,35,1,1,1,26,0,low,0.5,
15269,260470,1,1,6,0,55,1,1,1,26,1,high,1.0,
15270,260471,1,1,6,0,45,3,10,1,26,0,high,1.0,
15271,260472,1,2,6,6,55,8,1,1,26,0,low,0.5,
15272,260473,1,3,7,6,55,1,1,1,26,0,low,0.3333333333333333,
15273,260474,1,3,7,6,45,1,1,1,26,0,low,0.3333333333333333,
15274,260475,1,2,8,2,55,2,5,1,26,0,low,0.5,
15275,260476,1,6,8,0,25,2,10,1,26,1,low,0.16666666666666666,
15276,260477,2,2,8,0,70,1,1,1,26,0,high,1.0,
15277,260478,1,2,8,6,98,2,1,1,26,0,low,0.5,
15278,260479,1,2,8,1,55,1,10,1,26,1,low,0.5,
15279,260480,1,4,8,6,55,1,1,1,26,0,low,0.25,
15280,260481,1,4,8,8,55,1,1,1,26,0,low,0.25,
15281,260482,1,1,8,0,55,2,1,1,26,1,high,1.0,
15282,260483,1,1,8,0,55,2,10,1,26,1,high,1.0,
15283,260484,1,2,8,2,55,1,1,1,26,0,low,0.5,
15284,260485,1,1,8,0,55,1,1,1,26,1,high,1.0,
15285,260486,1,4,8,1,55,1,1,1,26,0,low,0.25,
15286,260487,1,1,8,0,45,2,1,1,26,0,high,1.0,
15287,260488,1,1,8,0,55,2,10,1,26,1,high,1.0,
15288,260489,1,1,8,0,25,1,1,1,26,0,high,1.0,
15289,260490,1,1,8,0,55,2,1,1,26,0,high,1.0,
15290,260491,2,2,8,0,25,3,10,1,26,0,high,1.0,
15291,260492,1,1,8,0,55,4,10,1,26,0,high,1.0,
15292,260493,1,2,8,6,35,1,1,1,26,0,low,0.5,
15293,260494,1,1,8,0,50,2,1,1,26,0,high,1.0,
15294,260495,1,6,8,1,55,1,1,1,26,0,low,0.16666666666666666,
15295,260496,1,2,8,6,98,1,2,2,26,0,low,0.5,
15296,260497,1,2,8,6,55,1,10,1,26,0,low,0.5,
15297,260498,1,1,8,0,70,1,2,2,26,0,high,1.0,
15298,260499,1,1,8,0,55,1,1,1,26,0,high,1.0,
15299,260500,1,3,8,6,55,1,1,1,26,0,low,0.3333333333333333,
15300,260501,1,1,8,0,30,2,1,1,26,0,high,1.0,
15301,260502,1,4,8,2,35,1,1,1,26,0,low,0.25,
15302,260503,1,6,8,6,55,1,1,1,26,0,low,0.16666666666666666,
15303,260504,1,2,8,0,25,1,1,1,26,1,low,0.5,
15304,260505,2,7,8,2,55,1,1,1,26,1,low,0.2857142857142857,
15305,260506,1,3,8,6,55,1,1,1,26,1,low,0.3333333333333333,
15306,260507,1,2,8,1,35,3,1,1,26,0,low,0.5,
15307,260508,1,1,8,0,35,2,1,1,26,0,high,1.0,
15308,260509,1,2,8,0,70,1,1,1,26,1,low,0.5,
15309,260510,1,4,8,6,70,8,1,1,26,0,low,0.25,
15310,260511,1,2,8,0,35,1,1,1,26,0,low,0.5,
15311,260512,1,2,8,6,55,1,1,1,26,1,low,0.5,
15312,260513,1,2,8,6,55,1,1,1,26,0,low,0.5,
15313,260514,1,1,8,0,55,1,10,1,26,1,high,1.0,
15314,260515,1,4,8,0,30,1,1,1,26,1,low,0.25,
15315,260516,1,7,8,1,60,1,1,1,26,0,low,0.14285714285714285,
15316,260517,1,1,8,0,55,4,1,2,26,0,high,1.0,
15317,260518,1,2,8,6,55,3,2,2,26,0,low,0.5,
15318,260519,2,3,8,6,55,2,10,1,26,1,high,0.6666666666666666,
15319,260520,1,3,8,1,55,2,10,1,26,1,low,0.3333333333333333,
15320,260521,1,1,8,0,45,2,8,8,26,1,high,1.0,
15321,260522,1,1,8,0,55,1,2,2,26,0,high,1.0,
15322,260523,1,2,8,0,55,3,1,2,26,0,low,0.5,
15323,260524,1,1,8,0,70,2,2,2,26,0,high,1.0,
15324,260525,1,1,8,0,50,2,10,1,26,0,high,1.0,
15325,260526,1,1,8,0,30,9,1,1,26,1,high,1.0,
15326,260527,1,3,8,1,45,1,1,1,26,0,low,0.3333333333333333,
15327,260528,1,3,8,6,45,3,1,1,26,0,low,0.3333333333333333,
15328,260529,1,1,8,0,55,7,8,1,26,1,high,1.0,
15329,260530,1,2,8,2,50,2,1,1,26,0,low,0.5,
15330,260531,1,1,8,0,55,2,1,1,26,1,high,1.0,
15331,260532,1,1,8,0,40,3,1,1,26,0,high,1.0,
15332,260533,1,5,8,6,35,2,1,1,26,1,low,0.2,
15333,260534,1,2,8,2,45,1,1,1,26,0,low,0.5,
15334,260535,1,1,8,0,55,1,1,1,26,1,high,1.0,
15335,260536,1,1,8,0,40,2,1,1,26,0,high,1.0,
15336,260537,1,2,8,0,55,2,10,1,26,1,low,0.5,
15337,260538,1,1,8,0,55,1,10,1,26,0,high,1.0,
15338,260539,1,1,8,0,55,2,2,2,26,1,high,1.0,
15339,260540,1,2,8,8,55,1,1,1,26,0,low,0.5,
15340,260541,1,4,8,6,55,1,1,1,26,1,low,0.25,
15341,260542,1,1,8,0,55,2,10,1,26,1,high,1.0,
15342,260543,1,1,8,0,45,1,1,1,26,0,high,1.0,
15343,260544,1,1,5,0,45,3,2,2,26,0,high,1.0,
15344,260545,1,4,7,6,55,1,10,1,26,0,low,0.25,
15345,260546,1,1,8,0,35,2,1,1,26,0,high,1.0,
15346,260547,1,1,8,0,25,2,1,1,26,0,high,1.0,
15347,260548,1,1,8,0,45,3,1,1,26,0,high,1.0,
15348,260549,1,2,8,0,70,1,1,1,26,0,low,0.5,
15349,260550,1,1,7,0,45,3,1,1,26,0,high,1.0,
15350,260551,2,5,8,0,70,2,1,1,26,0,low,0.4,
15351,260552,1,4,8,1,55,1,1,1,26,0,low,0.25,
15352,260553,1,5,8,0,70,1,1,1,26,0,low,0.2,
15353,260554,1,1,8,0,55,1,1,1,26,1,high,1.0,
15354,260555,1,3,8,6,55,1,10,1,26,0,low,0.3333333333333333,
15355,260556,1,1,8,0,25,1,1,1,26,0,high,1.0,
15356,260557,1,1,8,0,55,1,1,1,26,1,high,1.0,
15357,260558,1,2,8,0,40,3,1,1,26,0,low,0.5,
15358,260559,1,1,8,0,55,1,1,1,26,0,high,1.0,
15359,260560,1,1,8,0,25,3,1,1,26,0,high,1.0,
15360,260561,1,17,8,1,70,1,1,1,26,0,low,0.058823529411764705,
15361,260562,1,4,8,6,98,1,1,1,26,0,low,0.25,
15362,260563,1,2,8,0,35,3,1,1,26,0,low,0.5,
15363,260564,2,3,8,0,55,3,1,1,26,1,high,0.6666666666666666,
15364,260566,1,2,8,1,55,2,10,1,26,0,low,0.5,
15365,260567,1,3,8,6,35,1,1,1,26,0,low,0.3333333333333333,
15366,260568,1,3,8,0,25,3,1,2,26,1,low,0.3333333333333333,
15367,260569,1,1,8,0,55,1,1,1,26,0,high,1.0,
15368,260571,1,1,8,0,45,1,1,1,26,0,high,1.0,
15369,260572,1,2,8,0,30,3,1,1,26,0,low,0.5,
15370,260573,1,2,8,0,25,3,1,1,26,1,low,0.5,
15371,260574,1,2,8,0,25,3,1,1,26,0,low,0.5,
15372,260575,1,1,8,0,35,2,1,1,26,0,high,1.0,
15373,260576,1,2,8,6,30,3,1,1,26,0,low,0.5,
15374,260577,1,3,8,0,30,3,6,1,26,0,low,0.3333333333333333,
15375,260578,1,1,9,0,25,1,1,1,26,0,high,1.0,
15376,260579,1,3,8,2,55,1,1,1,26,0,low,0.3333333333333333,
15377,260580,1,1,9,0,25,1,10,1,26,0,high,1.0,
15378,260581,1,2,9,0,55,2,1,1,26,0,low,0.5,
15379,260582,1,2,9,0,70,1,10,1,26,0,low,0.5,
15380,260583,1,4,9,6,98,1,10,1,26,1,low,0.25,
15381,260584,2,6,9,1,70,2,1,1,26,1,low,0.3333333333333333,
15382,260585,1,2,9,8,55,5,1,1,26,1,low,0.5,
15383,260586,1,1,9,0,55,1,1,1,26,0,high,1.0,
15384,260587,2,2,9,0,55,2,10,1,26,1,high,1.0,
15385,260588,1,7,9,1,55,1,1,1,26,1,low,0.14285714285714285,
15386,260589,2,2,9,2,55,1,10,1,26,1,high,1.0,
15387,260590,1,2,9,8,55,1,1,1,26,0,low,0.5,
15388,260591,1,1,9,0,55,2,5,1,26,1,high,1.0,
15389,260592,1,2,9,2,35,5,1,1,26,1,low,0.5,
15390,260593,1,1,9,0,55,1,1,1,26,0,high,1.0,
15391,260594,1,2,9,0,25,1,1,1,26,0,low,0.5,
15392,260595,1,1,9,0,50,2,1,1,26,0,high,1.0,
15393,260596,1,1,9,0,55,2,5,1,26,1,high,1.0,
15394,260597,1,5,9,0,55,2,1,1,26,1,low,0.2,
15395,260598,1,1,9,0,55,2,1,1,26,1,high,1.0,
15396,260599,1,1,9,0,70,1,1,1,26,0,high,1.0,
15397,260600,1,2,9,6,98,3,1,1,26,1,low,0.5,
15398,260601,1,1,9,0,20,1,1,1,26,0,high,1.0,
15399,260602,1,2,9,0,25,1,1,1,26,0,low,0.5,
15400,260603,1,2,6,0,55,1,1,1,26,0,low,0.5,
15401,260604,1,1,5,0,55,1,1,1,26,0,high,1.0,
15402,260605,1,2,9,1,55,2,1,1,26,0,low,0.5,
15403,260606,1,1,9,0,35,4,1,1,26,0,high,1.0,
15404,260607,1,3,9,6,98,1,1,1,26,1,low,0.3333333333333333,
15405,260608,1,2,8,1,35,1,1,1,26,0,low,0.5,
15406,260609,1,1,9,0,55,1,1,1,26,0,high,1.0,
15407,260610,1,1,9,0,25,3,1,1,26,1,high,1.0,
15408,260611,1,2,9,0,25,1,1,1,26,0,low,0.5,
15409,260612,1,3,9,6,55,1,1,1,26,0,low,0.3333333333333333,
15410,260613,1,1,9,0,25,3,1,1,26,0,high,1.0,
15411,260614,2,3,9,2,55,2,10,1,26,1,high,0.6666666666666666,
15412,260615,1,1,9,0,55,5,1,1,26,0,high,1.0,
15413,260616,1,1,9,0,60,2,1,1,26,1,high,1.0,
15414,260617,1,2,9,2,45,1,1,1,26,0,low,0.5,
15415,260618,2,7,9,1,70,1,1,1,26,0,low,0.2857142857142857,
15416,260619,1,1,9,0,55,2,2,2,26,0,high,1.0,
15417,260620,1,1,9,0,35,3,1,1,26,0,high,1.0,
15418,260621,1,1,9,0,35,3,1,1,26,0,high,1.0,
15419,260622,1,1,9,0,55,1,1,1,26,0,high,1.0,
15420,260623,1,1,9,0,35,3,1,1,26,0,high,1.0,
15421,260624,1,2,9,6,45,3,1,1,26,0,low,0.5,
15422,260625,1,4,9,0,55,5,1,1,26,0,low,0.25,
15423,260626,1,2,9,0,45,1,1,1,26,0,low,0.5,
15424,260627,1,1,9,0,50,3,1,1,26,0,high,1.0,
15425,260628,1,2,9,2,55,2,10,1,26,0,low,0.5,
15426,260629,1,2,9,0,35,3,1,1,26,1,low,0.5,
15427,260630,1,2,9,0,55,1,1,1,26,0,low,0.5,
15428,260631,1,2,9,6,45,9,1,1,26,0,low,0.5,
15429,260632,1,2,9,0,55,2,1,1,26,1,low,0.5,
15430,260633,1,3,9,6,98,1,10,1,26,0,low,0.3333333333333333,
15431,260634,1,3,9,6,55,1,1,1,26,0,low,0.3333333333333333,
15432,260635,1,3,9,1,70,3,1,1,26,1,low,0.3333333333333333,
15433,260636,1,1,9,0,45,8,98,98,26,0,high,1.0,
15434,260637,1,5,9,1,70,5,10,1,26,0,low,0.2,
15435,260638,1,1,9,0,70,1,1,1,26,0,high,1.0,
15436,260639,1,1,9,0,40,3,1,1,26,0,high,1.0,
15437,260640,1,1,9,0,45,1,1,1,26,1,high,1.0,
15438,260641,1,1,9,0,55,1,10,1,26,0,high,1.0,
15439,260642,1,3,9,6,45,1,1,1,26,0,low,0.3333333333333333,
15440,260643,1,2,9,2,45,4,1,1,26,1,low,0.5,
15441,260644,1,2,9,0,70,2,1,1,26,1,low,0.5,
15442,260645,1,1,9,0,55,1,1,1,26,0,high,1.0,
15443,260646,1,3,9,6,98,1,1,1,26,0,low,0.3333333333333333,
15444,260647,1,5,9,1,70,1,1,1,26,0,low,0.2,
15445,260648,1,5,9,6,98,1,10,1,26,1,low,0.2,
15446,260649,1,4,9,6,55,1,1,1,26,0,low,0.25,
15447,260650,1,3,9,1,55,1,1,1,26,0,low,0.3333333333333333,
15448,260651,1,1,9,0,35,3,1,1,26,0,high,1.0,
15449,260652,1,1,9,0,45,3,1,1,26,0,high,1.0,
15450,260653,1,1,10,0,25,2,2,2,26,0,high,1.0,
15451,260654,1,1,9,0,55,1,1,1,26,0,high,1.0,
15452,260655,1,1,10,0,25,1,1,1,26,1,high,1.0,
15453,260656,1,1,10,0,35,3,10,1,26,0,high,1.0,
15454,260657,1,3,10,2,55,1,1,1,26,1,low,0.3333333333333333,
15455,260658,1,3,10,0,55,1,1,1,26,0,low,0.3333333333333333,
15456,260659,1,2,10,2,55,2,1,1,26,1,low,0.5,
15457,260660,1,4,10,1,55,1,1,1,26,0,low,0.25,
15458,260661,1,2,10,0,25,1,1,1,26,0,low,0.5,
15459,260662,1,7,10,1,55,2,2,2,26,1,low,0.14285714285714285,
15460,260663,1,1,10,0,55,2,1,1,26,1,high,1.0,
15461,260664,1,3,10,0,70,2,1,1,26,1,low,0.3333333333333333,
15462,260665,1,2,10,2,45,1,10,1,26,0,low,0.5,
15463,260666,1,2,10,1,70,2,1,1,26,0,low,0.5,
15464,260667,1,3,10,6,55,1,1,1,26,1,low,0.3333333333333333,
15465,260668,1,5,10,2,55,1,1,1,26,0,low,0.2,
15466,260669,1,1,10,0,55,2,10,2,26,1,high,1.0,
15467,260670,1,1,10,0,30,1,1,1,26,0,high,1.0,
15468,260671,1,1,10,0,25,2,1,1,26,1,high,1.0,
15469,260672,1,2,10,0,55,1,10,1,26,0,low,0.5,
15470,260673,2,2,10,0,55,2,1,1,26,1,high,1.0,
15471,260674,1,1,10,0,55,2,1,1,26,1,high,1.0,
15472,260675,1,1,10,0,30,3,1,1,26,1,high,1.0,
15473,260676,1,2,10,6,55,2,10,2,26,0,low,0.5,
15474,260677,1,1,10,0,55,2,1,1,26,0,high,1.0,
15475,260678,1,1,10,0,55,2,2,2,26,1,high,1.0,
15476,260679,1,2,10,2,55,1,10,1,26,0,low,0.5,
15477,260680,3,3,10,0,55,2,1,1,26,1,high,1.0,
15478,260681,2,1,10,0,70,1,1,1,26,0,high,2.0,
15479,260682,1,12,10,1,70,5,1,1,26,0,low,0.08333333333333333,
15480,260683,1,1,10,0,55,2,1,1,26,1,high,1.0,
15481,260684,1,1,10,0,45,2,1,1,26,1,high,1.0,
15482,260685,1,1,10,0,40,3,1,1,26,0,high,1.0,
15483,260686,1,2,10,2,40,3,1,1,26,0,low,0.5,
15484,260687,1,1,10,0,55,2,1,1,26,0,high,1.0,
15485,260688,1,2,10,0,45,2,1,1,26,0,low,0.5,
15486,260689,1,1,10,0,55,2,99,1,26,1,high,1.0,
15487,260690,1,2,10,6,55,1,1,1,26,0,low,0.5,
15488,260691,1,5,10,6,55,5,10,1,26,0,low,0.2,
15489,260692,1,1,10,0,55,1,1,1,26,0,high,1.0,
15490,260693,1,2,10,0,55,1,1,1,26,0,low,0.5,
15491,260694,1,3,10,0,55,2,1,1,26,1,low,0.3333333333333333,
15492,260695,1,2,10,6,55,1,1,1,26,0,low,0.5,
15493,260696,1,1,10,0,70,2,1,1,26,1,high,1.0,
15494,260697,1,3,10,0,55,1,10,1,26,0,low,0.3333333333333333,
15495,260698,1,1,10,0,55,1,1,1,26,0,high,1.0,
15496,260699,2,3,10,6,98,3,1,1,26,1,high,0.6666666666666666,
15497,260700,1,1,10,0,55,1,1,1,26,1,high,1.0,
15498,260701,1,2,10,6,55,1,10,1,26,0,low,0.5,
15499,260702,1,3,10,2,98,1,1,1,26,0,low,0.3333333333333333,