,ST_CASE,FATALS,PERSONS,MONTH,MAN_COLL,VSPD_LIM,LGT_COND,WEATHER,VSURCOND,STATE,DRUNK_DR,rate,rate_numerical,arrival_time
15500,260703,1,1,10,0,55,1,1,1,26,0,high,1.0,
15501,260704,1,6,10,6,98,1,10,1,26,0,low,0.16666666666666666,
15502,260705,1,1,9,0,50,3,1,1,26,0,high,1.0,
15503,260706,1,1,10,0,50,2,1,1,26,0,high,1.0,
15504,260707,1,3,10,6,35,3,10,1,26,0,low,0.3333333333333333,
15505,260708,1,1,10,0,45,3,1,1,26,0,high,1.0,
15506,260709,1,3,10,6,45,1,10,1,26,0,low,0.3333333333333333,
15507,260710,1,2,10,1,70,2,10,1,26,2,low,0.5,
15508,260711,1,4,10,6,55,1,10,11,26,0,low,0.25,
15509,260712,1,1,10,0,25,3,1,1,26,1,high,1.0,
15510,260713,1,2,10,6,55,1,1,1,26,0,low,0.5,
15511,260714,1,4,10,2,45,2,1,1,26,2,low,0.25,
15512,260715,1,1,10,0,40,3,2,2,26,1,high,1.0,
15513,260716,1,2,10,0,98,1,1,1,26,0,low,0.5,
15514,260717,2,1,10,0,55,3,1,1,26,0,high,2.0,
15515,260718,1,2,10,6,98,3,10,1,26,0,low,0.5,
15516,260719,1,4,10,0,35,2,2,2,26,0,low,0.25,
15517,260720,1,1,10,0,55,4,10,2,26,0,high,1.0,
15518,260721,1,1,10,0,50,1,1,1,26,0,high,1.0,
15519,260722,1,1,10,0,25,2,2,2,26,1,high,1.0,
15520,260723,1,4,10,7,40,1,10,1,26,0,low,0.25,
15521,260724,1,2,10,0,45,2,2,2,26,0,low,0.5,
15522,260725,1,3,5,0,45,2,10,1,26,0,low,0.3333333333333333,
15523,260726,1,1,10,0,25,3,10,1,26,1,high,1.0,
15524,260727,1,2,10,6,55,1,2,2,26,0,low,0.5,
15525,260728,1,1,10,0,35,1,1,1,26,0,high,1.0,
15526,260729,1,1,11,0,55,3,10,2,26,0,high,1.0,
15527,260730,1,1,11,0,35,3,1,1,26,0,high,1.0,
15528,260731,2,3,11,0,35,3,1,1,26,1,high,0.6666666666666666,
15529,260732,1,1,11,0,30,3,1,1,26,0,high,1.0,
15530,260733,2,2,11,2,55,2,1,1,26,0,high,1.0,
15531,260734,1,1,11,0,30,1,1,1,26,0,high,1.0,
15532,260735,1,1,11,0,45,3,1,1,26,0,high,1.0,
15533,260736,1,1,11,0,30,3,2,2,26,0,high,1.0,
15534,260737,1,1,11,0,70,2,1,1,26,0,high,1.0,
15535,260738,1,4,11,6,50,1,10,1,26,0,low,0.25,
15536,260739,1,2,11,0,55,2,1,1,26,1,low,0.5,
15537,260740,1,3,11,6,35,3,1,1,26,2,low,0.3333333333333333,
15538,260741,2,5,11,2,70,1,1,1,26,0,low,0.4,
15539,260742,1,1,9,0,50,1,1,1,26,0,high,1.0,
15540,260743,1,1,11,0,55,2,1,1,26,1,high,1.0,
15541,260744,1,1,11,0,50,2,10,1,26,0,high,1.0,
15542,260745,1,3,11,7,98,1,10,1,26,0,low,0.3333333333333333,
15543,260746,1,2,11,0,30,2,2,2,26,0,low,0.5,
15544,260747,1,2,11,0,30,3,1,1,26,1,low,0.5,
15545,260748,1,1,11,0,35,3,10,1,26,0,high,1.0,
15546,260749,1,4,11,2,55,1,2,2,26,0,low,0.25,
15547,260750,1,1,11,0,55,2,1,1,26,0,high,1.0,
15548,260751,1,4,11,0,55,5,10,2,26,1,low,0.25,
15549,260752,1,1,11,0,55,2,10,1,26,0,high,1.0,
15550,260753,1,1,11,0,55,1,4,3,26,0,high,1.0,
15551,260754,1,3,11,6,25,1,10,1,26,0,low,0.3333333333333333,
15552,260755,4,5,11,0,30,3,1,1,26,0,high,0.8,
15553,260756,1,1,11,0,45,3,1,1,26,0,high,1.0,
15554,260757,1,1,11,0,40,3,10,1,26,0,high,1.0,
15555,260759,1,3,11,6,98,1,2,2,26,0,low,0.3333333333333333,
15556,260760,1,1,11,0,55,3,1,1,26,1,high,1.0,
15557,260761,2,3,11,6,98,3,1,98,26,1,high,0.6666666666666666,
15558,260762,1,2,11,6,55,1,1,1,26,0,low,0.5,
15559,260763,1,1,11,0,55,2,10,1,26,0,high,1.0,
15560,260764,1,1,11,0,50,2,2,2,26,0,high,1.0,
15561,260765,1,1,11,0,55,1,10,4,26,0,high,1.0,
15562,260766,1,1,11,0,45,2,10,2,26,0,high,1.0,
15563,260767,1,1,11,0,55,2,1,1,26,1,high,1.0,
15564,260768,1,7,11,7,35,3,1,1,26,0,low,0.14285714285714285,
15565,260769,1,1,11,0,35,3,2,2,26,0,high,1.0,
15566,260770,1,1,11,0,55,2,1,1,26,1,high,1.0,
15567,260771,1,6,11,0,70,2,4,10,26,1,low,0.16666666666666666,
15568,260772,1,2,11,0,40,1,1,1,26,0,low,0.5,
15569,260773,1,1,11,0,35,3,10,1,26,1,high,1.0,
15570,260774,1,2,11,2,55,3,10,1,26,0,low,0.5,
15571,260775,1,4,11,6,55,1,1,1,26,1,low,0.25,
15572,260776,1,2,11,6,55,1,4,10,26,0,low,0.5,
15573,260777,1,4,11,8,55,1,4,10,26,0,low,0.25,
15574,260778,1,4,10,6,70,1,1,1,26,0,low,0.25,
15575,260779,1,2,11,2,55,1,4,4,26,0,low,0.5,
15576,260780,1,1,8,0,25,3,1,1,26,0,high,1.0,
15577,260781,1,1,11,0,70,1,4,3,26,0,high,1.0,
15578,260782,1,2,10,2,98,3,2,2,26,0,low,0.5,
15579,260783,1,5,11,1,55,1,1,1,26,0,low,0.2,
15580,260784,1,5,10,1,40,3,1,1,26,1,low,0.2,
15581,260785,1,1,11,0,60,1,2,2,26,0,high,1.0,
15582,260786,1,1,11,0,55,2,1,2,26,0,high,1.0,
15583,260787,1,1,10,0,55,4,1,1,26,0,high,1.0,
15584,260788,1,2,11,0,70,1,10,2,26,0,low,0.5,
15585,260789,1,1,11,0,40,1,10,1,26,0,high,1.0,
15586,260790,1,1,11,0,55,3,1,1,26,1,high,1.0,
15587,260791,1,1,11,0,70,1,1,1,26,0,high,1.0,
15588,260792,1,1,11,0,60,2,10,1,26,0,high,1.0,
15589,260793,1,4,11,0,70,2,1,1,26,1,low,0.25,
15590,260794,1,1,11,0,30,5,2,2,26,0,high,1.0,
15591,260795,1,2,11,0,50,3,2,2,26,0,low,0.5,
15592,260797,1,4,11,1,70,3,1,1,26,0,low,0.25,
15593,260798,1,3,11,0,35,3,10,2,26,1,low,0.3333333333333333,
15594,260799,1,1,11,0,40,3,1,1,26,0,high,1.0,
15595,260800,1,3,11,1,50,2,1,1,26,0,low,0.3333333333333333,
15596,260801,1,1,11,0,55,1,1,99,26,0,high,1.0,
15597,260802,1,3,11,0,55,2,1,1,26,0,low,0.3333333333333333,
15598,260803,1,1,11,0,45,3,2,2,26,0,high,1.0,
15599,260804,1,3,12,6,55,1,1,4,26,0,low,0.3333333333333333,
15600,260805,1,2,12,0,55,3,10,2,26,0,low,0.5,
15601,260806,1,2,12,0,55,2,1,1,26,0,low,0.5,
15602,260807,1,7,11,6,35,3,1,1,26,0,low,0.14285714285714285,
15603,260808,1,1,12,0,40,3,1,1,26,0,high,1.0,
15604,260809,1,1,12,0,55,3,4,2,26,0,high,1.0,
15605,260810,1,1,12,0,30,3,1,1,26,1,high,1.0,
15606,260811,1,1,11,0,30,3,1,1,26,0,high,1.0,
15607,260812,1,1,12,0,55,2,1,1,26,1,high,1.0,
15608,260813,1,4,11,1,50,1,1,1,26,0,low,0.25,
15609,260814,1,1,12,0,25,1,10,1,26,0,high,1.0,
15610,260816,1,1,12,0,50,3,5,1,26,0,high,1.0,
15611,260817,1,1,12,0,40,1,10,1,26,0,high,1.0,
15612,260818,1,3,12,0,25,2,1,1,26,0,low,0.3333333333333333,
15613,260819,1,1,12,0,55,2,1,1,26,0,high,1.0,
15614,260820,1,2,12,0,70,3,1,1,26,0,low,0.5,
15615,260821,2,2,12,0,55,1,10,1,26,1,high,1.0,
15616,260822,1,1,6,0,55,1,1,1,26,0,high,1.0,
15617,260823,1,3,12,2,55,2,2,2,26,1,low,0.3333333333333333,
15618,260824,1,1,12,0,55,1,10,1,26,0,high,1.0,
15619,260826,1,2,12,0,30,3,2,2,26,0,low,0.5,
15620,260827,1,5,12,0,40,3,1,1,26,0,low,0.2,
15621,260828,1,4,11,6,98,3,1,1,26,0,low,0.25,
15622,260829,1,2,12,0,98,2,1,1,26,0,low,0.5,
15623,260830,1,1,12,0,25,2,10,1,26,0,high,1.0,
15624,260831,1,1,12,0,55,1,2,2,26,0,high,1.0,
15625,260832,1,2,12,6,55,2,10,2,26,0,low,0.5,
15626,260833,1,4,12,1,35,3,1,1,26,1,low,0.25,
15627,260834,1,2,12,0,30,3,2,2,26,0,low,0.5,
15628,260835,1,1,12,0,45,3,10,2,26,1,high,1.0,
15629,260836,1,1,12,0,55,1,10,1,26,0,high,1.0,
15630,260837,1,2,12,7,55,3,1,1,26,1,low,0.5,
15631,260838,1,1,2,0,55,1,1,1,26,0,high,1.0,
15632,260839,1,1,12,0,55,1,1,1,26,0,high,1.0,
15633,260840,1,3,12,6,55,1,1,1,26,0,low,0.3333333333333333,
15634,260841,2,2,12,2,55,1,10,1,26,0,high,1.0,
15635,260842,1,2,12,2,50,2,10,1,26,0,low,0.5,
15636,260843,1,2,12,6,45,1,10,1,26,0,low,0.5,
15637,260844,1,2,12,6,55,1,1,1,26,0,low,0.5,
15638,260845,1,1,12,0,70,1,4,4,26,0,high,1.0,
15639,260846,1,2,12,2,55,2,10,1,26,1,low,0.5,
15640,260847,1,1,12,0,55,3,1,1,26,0,high,1.0,
15641,260848,1,1,12,0,45,3,1,1,26,0,high,1.0,
15642,260849,1,2,12,0,70,1,4,4,26,0,low,0.5,
15643,260850,2,2,12,2,55,5,2,2,26,0,high,1.0,
15644,260851,1,2,12,6,55,2,2,2,26,0,low,0.5,
15645,260852,1,3,11,1,45,2,1,1,26,0,low,0.3333333333333333,
15646,260853,1,1,2,0,25,2,4,3,26,0,high,1.0,
15647,260854,1,1,9,0,25,2,1,1,26,1,high,1.0,
15648,260855,1,1,7,0,55,2,5,1,26,0,high,1.0,
15649,260856,1,2,12,6,45,3,2,2,26,0,low,0.5,
15650,260857,1,2,12,0,55,2,10,2,26,1,low,0.5,
15651,260858,1,1,12,0,55,2,1,1,26,0,high,1.0,
15652,260859,1,4,12,6,55,2,1,1,26,0,low,0.25,
15653,260860,1,1,11,0,35,3,2,2,26,0,high,1.0,
15654,260861,2,2,12,0,55,1,1,1,26,0,high,1.0,
15655,260862,2,2,12,0,55,2,1,1,26,0,high,1.0,
15656,260863,1,1,12,0,30,3,10,2,26,0,high,1.0,
15657,260864,1,2,12,0,30,3,2,2,26,0,low,0.5,
15658,260865,1,1,12,0,55,2,6,1,26,1,high,1.0,
15659,260866,1,1,12,0,55,1,10,2,26,0,high,1.0,
15660,260867,1,2,12,0,55,1,10,2,26,0,low,0.5,
15661,260868,1,5,12,6,50,2,10,10,26,0,low,0.2,
15662,260869,1,1,12,0,35,3,2,2,26,0,high,1.0,
15663,260870,1,4,12,6,55,2,1,1,26,1,low,0.25,
15664,260871,1,4,12,6,55,1,4,10,26,0,low,0.25,
15665,260872,1,3,12,0,45,3,2,2,26,0,low,0.3333333333333333,
15666,260873,1,1,12,0,55,2,10,2,26,0,high,1.0,
15667,260874,1,3,12,1,70,5,2,2,26,0,low,0.3333333333333333,
15668,260875,1,1,12,0,40,3,1,1,26,0,high,1.0,
15669,260876,1,1,12,0,45,3,10,1,26,0,high,1.0,
15670,260877,1,5,12,1,55,1,10,1,26,0,low,0.2,
15671,260878,1,4,12,6,55,2,1,2,26,0,low,0.25,
15672,260879,1,6,11,6,55,2,4,4,26,0,low,0.16666666666666666,
15673,260880,1,2,4,0,70,1,1,1,26,0,low,0.5,
15674,260881,1,1,11,0,55,1,1,2,26,0,high,1.0,
15675,260882,1,1,12,0,55,1,10,1,26,1,high,1.0,
15676,260883,1,2,12,0,55,2,2,2,26,0,low,0.5,
15677,260884,1,1,12,0,55,2,1,1,26,0,high,1.0,
15678,260885,1,2,12,0,30,4,2,2,26,0,low,0.5,
15679,260886,1,5,4,1,55,3,10,1,26,0,low,0.2,
15680,260887,1,6,10,0,60,1,1,1,26,0,low,0.16666666666666666,
15681,260888,1,3,5,11,55,1,1,1,26,0,low,0.3333333333333333,
15682,260889,1,2,6,7,98,1,10,1,26,0,low,0.5,
15683,260890,1,2,6,0,55,2,1,1,26,0,low,0.5,
15684,260891,1,8,6,1,45,3,2,2,26,1,low,0.125,
15685,260892,1,5,10,7,70,1,1,1,26,0,low,0.2,
15686,260893,1,5,7,1,70,1,1,1,26,0,low,0.2,
15687,260894,1,11,9,1,70,1,1,1,26,0,low,0.09090909090909091,
15688,260895,1,4,11,1,55,3,2,2,26,1,low,0.25,
15689,260896,1,4,12,0,45,3,2,2,26,0,low,0.25,
15690,260897,1,2,4,0,45,2,2,2,26,0,low,0.5,
15691,260898,1,8,9,0,70,1,2,2,26,0,low,0.125,
15692,260899,1,1,6,0,35,3,1,1,26,1,high,1.0,
15693,260900,1,6,6,2,40,5,1,1,26,0,low,0.16666666666666666,
15694,260901,1,5,8,0,45,2,1,1,26,0,low,0.2,
15695,260902,1,5,11,0,98,1,1,98,26,0,low,0.2,
15696,260903,1,2,11,0,35,3,2,2,26,0,low,0.5,
15697,260904,1,1,11,1,70,2,1,1,26,0,high,1.0,
15698,260905,1,3,11,0,50,2,10,1,26,0,low,0.3333333333333333,
15699,260906,1,2,11,0,40,3,1,1,26,0,low,0.5,
15700,260907,1,3,12,0,40,2,1,1,26,0,low,0.3333333333333333,
15701,260908,1,2,12,0,55,2,1,1,26,0,low,0.5,
15702,260909,1,3,12,0,50,3,10,2,26,0,low,0.3333333333333333,
15703,260910,1,4,12,0,55,5,1,1,26,0,low,0.25,
15704,260911,1,68,1,1,70,1,4,3,26,0,low,0.014705882352941176,
15705,260912,1,1,8,0,25,3,1,1,26,0,high,1.0,
15706,270002,1,2,1,2,55,4,10,1,27,0,low,0.5,
15707,270003,1,1,1,0,45,3,1,1,27,0,high,1.0,
15708,270004,1,2,1,6,55,1,1,4,27,0,low,0.5,
15709,270005,1,1,1,0,35,1,10,2,27,0,high,1.0,
15710,270006,1,2,1,6,55,1,10,4,27,0,low,0.5,
15711,270007,1,7,1,2,55,2,10,1,27,0,low,0.14285714285714285,
15712,270008,1,2,1,0,30,3,1,2,27,0,low,0.5,
15713,270009,1,1,1,0,55,2,1,8,27,0,high,1.0,
15714,270010,1,2,1,6,45,1,1,1,27,0,low,0.5,
15715,270011,1,3,1,6,55,3,1,1,27,2,low,0.3333333333333333,
15716,270012,1,2,1,6,55,2,10,1,27,0,low,0.5,
15717,270013,1,2,1,0,60,2,8,2,27,0,low,0.5,
15718,270014,1,3,1,6,55,7,1,1,27,0,low,0.3333333333333333,
15719,270015,1,4,1,2,55,2,1,1,27,0,low,0.25,
15720,270016,1,1,2,0,55,2,1,4,27,1,high,1.0,
15721,270017,2,3,2,6,55,1,1,1,27,0,high,0.6666666666666666,
15722,270018,1,1,2,0,35,1,1,1,27,1,high,1.0,
15723,270019,2,2,2,0,55,9,99,1,27,0,high,1.0,
15724,270020,2,5,2,0,45,2,1,2,27,1,low,0.4,
15725,270022,1,1,2,0,55,2,1,1,27,0,high,1.0,
15726,270023,1,3,2,0,65,2,10,1,27,0,low,0.3333333333333333,
15727,270024,1,4,2,2,55,2,1,1,27,1,low,0.25,
15728,270025,1,8,2,6,55,1,10,1,27,1,low,0.125,
15729,270026,1,2,2,6,55,1,10,4,27,0,low,0.5,
15730,270027,1,3,2,0,35,2,1,98,27,0,low,0.3333333333333333,
15731,270028,1,3,2,2,55,1,10,1,27,0,low,0.3333333333333333,
15732,270029,1,2,2,2,70,1,1,1,27,0,low,0.5,
15733,270030,1,1,2,0,55,1,1,1,27,0,high,1.0,
15734,270031,1,2,2,2,55,2,1,1,27,1,low,0.5,
15735,270032,1,1,2,0,55,2,1,1,27,1,high,1.0,
15736,270033,1,1,3,0,55,4,1,1,27,0,high,1.0,
15737,270034,1,5,3,1,35,1,1,1,27,0,low,0.2,
15738,270035,1,8,3,1,70,1,4,4,27,0,low,0.125,
15739,270036,1,4,3,6,55,1,11,4,27,0,low,0.25,
15740,270037,1,3,3,6,40,1,11,2,27,0,low,0.3333333333333333,
15741,270038,1,2,3,6,50,1,1,4,27,0,low,0.5,
15742,270039,1,4,3,7,98,1,1,1,27,0,low,0.25,
15743,270040,1,1,3,0,98,1,1,1,27,0,high,1.0,
15744,270041,2,2,3,2,40,3,1,1,27,1,high,1.0,
15745,270042,1,1,3,0,55,1,10,8,27,1,high,1.0,
15746,270043,2,8,3,8,65,2,1,1,27,1,low,0.25,
15747,270044,2,3,3,11,55,1,1,1,27,0,high,0.6666666666666666,
15748,270045,1,2,3,6,50,3,1,1,27,1,low,0.5,
15749,270046,1,7,3,6,60,3,1,1,27,1,low,0.14285714285714285,
15750,270047,1,1,3,0,98,8,1,98,27,1,high,1.0,
15751,270048,1,3,3,0,55,1,1,1,27,0,low,0.3333333333333333,
15752,270049,1,2,3,0,60,3,1,1,27,0,low,0.5,
15753,270050,1,1,3,0,55,1,10,1,27,1,high,1.0,
15754,270051,1,1,3,0,55,1,1,1,27,1,high,1.0,
15755,270052,1,2,3,2,50,3,2,2,27,2,low,0.5,
15756,270053,1,2,3,0,70,5,10,1,27,0,low,0.5,
15757,270054,1,3,3,2,55,2,1,1,27,2,low,0.3333333333333333,
15758,270055,1,1,3,0,55,6,1,1,27,1,high,1.0,
15759,270056,1,2,3,1,70,1,1,1,27,0,low,0.5,
15760,270057,1,2,3,2,60,1,1,1,27,1,low,0.5,
15761,270058,1,1,3,0,55,1,6,4,27,0,high,1.0,
15762,270060,1,3,3,2,55,1,10,1,27,0,low,0.3333333333333333,
15763,270061,1,3,3,6,55,1,1,1,27,1,low,0.3333333333333333,
15764,270062,1,3,4,8,60,2,1,1,27,1,low,0.3333333333333333,
15765,270063,1,1,4,0,65,2,1,1,27,1,high,1.0,
15766,270064,1,3,4,0,70,1,1,1,27,1,low,0.3333333333333333,
15767,270065,1,1,4,0,30,3,1,1,27,1,high,1.0,
15768,270066,1,3,4,6,98,1,1,1,27,0,low,0.3333333333333333,
15769,270067,1,8,4,8,55,1,1,1,27,2,low,0.125,
15770,270068,1,1,4,0,40,3,10,1,27,0,high,1.0,
15771,270069,1,3,4,6,55,1,10,1,27,0,low,0.3333333333333333,
15772,270070,1,2,4,1,55,1,10,1,27,0,low,0.5,
15773,270071,1,1,4,0,55,2,10,1,27,1,high,1.0,
15774,270072,1,4,4,6,55,5,1,1,27,1,low,0.25,
15775,270073,1,1,4,0,55,1,1,1,27,0,high,1.0,
15776,270074,1,1,4,0,45,5,10,1,27,1,high,1.0,
15777,270075,1,2,4,0,10,1,1,1,27,0,low,0.5,
15778,270076,1,16,4,0,30,3,1,1,27,0,low,0.0625,
15779,270077,1,2,4,7,55,1,1,1,27,0,low,0.5,
15780,270078,1,4,4,6,55,1,1,1,27,0,low,0.25,
15781,270079,1,2,4,6,98,1,1,1,27,0,low,0.5,
15782,270080,1,1,4,0,55,1,1,1,27,0,high,1.0,
15783,270081,1,1,4,0,55,2,1,1,27,1,high,1.0,
15784,270082,1,1,4,0,55,3,1,1,27,0,high,1.0,
15785,270083,2,5,4,6,55,1,10,1,27,0,low,0.4,
15786,270084,1,2,4,0,55,2,2,2,27,1,low,0.5,
15787,270085,1,2,4,0,65,2,10,2,27,0,low,0.5,
15788,270087,1,2,4,0,55,1,1,1,27,0,low,0.5,
15789,270088,1,1,4,0,45,6,1,1,27,1,high,1.0,
15790,270089,1,4,4,6,55,1,1,1,27,0,low,0.25,
15791,270090,1,1,4,0,55,2,1,1,27,1,high,1.0,
15792,270091,1,2,4,6,55,4,1,1,27,0,low,0.5,
15793,270092,1,4,4,6,55,1,10,1,27,0,low,0.25,
15794,270093,1,1,4,0,55,1,1,1,27,0,high,1.0,
15795,270094,2,4,4,2,55,1,1,1,27,1,low,0.5,
15796,270095,1,1,4,0,55,1,1,1,27,0,high,1.0,
15797,270096,1,1,4,0,65,2,1,1,27,1,high,1.0,
15798,270097,2,3,5,0,55,2,1,1,27,0,high,0.6666666666666666,
15799,270098,1,3,5,6,98,1,10,1,27,0,low,0.3333333333333333,
15800,270099,1,2,5,0,60,1,1,1,27,0,low,0.5,
15801,270100,1,1,5,0,55,1,1,1,27,0,high,1.0,
15802,270101,1,2,5,0,55,1,1,1,27,0,low,0.5,
15803,270102,1,1,5,0,30,1,10,1,27,0,high,1.0,
15804,270103,1,1,5,0,55,1,10,1,27,0,high,1.0,
15805,270104,1,2,5,0,55,1,1,1,27,1,low,0.5,
15806,270105,1,2,5,2,60,1,10,1,27,0,low,0.5,
15807,270106,1,3,5,6,55,1,10,1,27,0,low,0.3333333333333333,
15808,270107,1,2,5,6,30,1,10,1,27,0,low,0.5,
15809,270108,1,2,5,6,55,1,2,2,27,0,low,0.5,
15810,270109,1,4,5,6,55,1,10,1,27,0,low,0.25,
15811,270110,1,1,5,0,30,1,1,1,27,0,high,1.0,
15812,270111,1,4,5,6,55,1,1,1,27,0,low,0.25,
15813,270112,1,4,5,6,55,1,1,1,27,0,low,0.25,
15814,270113,1,4,5,1,60,1,10,1,27,0,low,0.25,
15815,270114,1,2,5,6,98,1,2,2,27,0,low,0.5,
15816,270115,1,2,5,1,55,5,1,1,27,1,low,0.5,
15817,270116,1,1,5,0,55,2,2,2,27,1,high,1.0,
15818,270117,1,2,5,9,55,1,10,1,27,0,low,0.5,
15819,270118,1,2,5,0,55,5,2,2,27,1,low,0.5,
15820,270119,2,7,5,2,55,3,2,2,27,1,low,0.2857142857142857,
15821,270120,1,2,5,11,55,1,10,1,27,0,low,0.5,
15822,270121,1,2,5,2,55,1,10,1,27,0,low,0.5,
15823,270122,1,6,5,6,98,1,1,1,27,0,low,0.16666666666666666,
15824,270123,1,1,5,0,30,1,1,1,27,0,high,1.0,
15825,270124,1,1,5,0,30,1,1,1,27,0,high,1.0,
15826,270125,1,1,5,0,65,1,1,1,27,1,high,1.0,
15827,270126,1,2,5,6,55,3,1,1,27,0,low,0.5,
15828,270127,1,1,5,0,55,1,10,2,27,0,high,1.0,
15829,270128,1,2,5,2,55,1,1,1,27,0,low,0.5,
15830,270129,1,1,5,0,55,2,10,11,27,1,high,1.0,
15831,270130,1,2,5,6,30,1,1,1,27,0,low,0.5,
15832,270131,1,1,5,0,55,1,1,1,27,1,high,1.0,
15833,270132,1,2,5,0,55,1,1,1,27,1,low,0.5,
15834,270133,1,1,5,0,55,2,10,1,27,1,high,1.0,
15835,270134,1,1,6,0,40,2,10,1,27,1,high,1.0,
15836,270135,1,4,6,6,98,1,1,1,27,0,low,0.25,
15837,270136,1,3,6,0,30,3,1,1,27,0,low,0.3333333333333333,
15838,270137,1,1,6,0,55,2,1,1,27,1,high,1.0,
15839,270138,1,10,6,2,55,1,10,1,27,1,low,0.1,
15840,270139,1,1,6,0,55,1,1,1,27,1,high,1.0,
15841,270140,1,1,6,0,55,1,1,1,27,0,high,1.0,
15842,270141,1,1,6,0,30,3,1,1,27,0,high,1.0,
15843,270142,1,1,6,0,30,3,1,1,27,1,high,1.0,
15844,270143,1,5,6,6,98,1,1,1,27,0,low,0.2,
15845,270144,1,1,6,0,60,4,10,1,27,1,high,1.0,
15846,270145,1,3,6,0,55,1,1,1,27,0,low,0.3333333333333333,
15847,270146,1,1,6,0,30,3,1,1,27,1,high,1.0,
15848,270147,1,1,6,0,55,2,1,1,27,1,high,1.0,
15849,270148,1,3,6,0,55,1,5,2,27,0,low,0.3333333333333333,
15850,270149,1,2,6,6,55,1,1,2,27,1,low,0.5,
15851,270150,1,2,6,6,98,1,1,1,27,0,low,0.5,
15852,270151,1,2,6,0,55,2,1,1,27,0,low,0.5,
15853,270152,1,1,6,0,45,9,99,99,27,1,high,1.0,
15854,270153,1,1,6,0,55,1,1,1,27,1,high,1.0,
15855,270154,1,2,6,6,55,1,1,1,27,0,low,0.5,
15856,270155,1,3,6,2,55,2,1,1,27,1,low,0.3333333333333333,
15857,270156,1,1,6,0,98,1,1,98,27,1,high,1.0,
15858,270157,1,4,6,6,55,1,1,1,27,0,low,0.25,
15859,270158,1,1,6,0,55,3,1,1,27,1,high,1.0,
15860,270159,1,1,6,0,55,5,1,1,27,1,high,1.0,
15861,270160,1,1,6,0,65,3,1,1,27,1,high,1.0,
15862,270161,1,1,6,0,55,1,10,2,27,0,high,1.0,
15863,270162,1,1,6,0,45,1,1,1,27,0,high,1.0,
15864,270163,1,1,6,0,55,1,1,1,27,0,high,1.0,
15865,270164,1,1,6,0,60,3,1,1,27,1,high,1.0,
15866,270165,1,1,6,0,98,8,98,98,27,1,high,1.0,
15867,270166,1,1,6,0,35,1,1,1,27,1,high,1.0,
15868,270167,1,1,6,0,55,1,1,1,27,0,high,1.0,
15869,270168,1,3,6,2,55,1,10,1,27,1,low,0.3333333333333333,
15870,270169,1,1,6,0,55,1,1,1,27,0,high,1.0,
15871,270170,1,2,6,0,30,3,1,1,27,0,low,0.5,
15872,270171,2,9,6,6,55,5,2,2,27,0,low,0.2222222222222222,
15873,270172,1,2,6,6,55,1,1,1,27,0,low,0.5,
15874,270173,2,4,6,0,70,1,1,1,27,0,low,0.5,
15875,270174,1,3,6,8,30,1,10,1,27,0,low,0.3333333333333333,
15876,270175,2,2,7,0,50,2,1,1,27,1,high,1.0,
15877,270176,1,5,7,0,65,1,1,1,27,0,low,0.2,
15878,270177,1,2,7,0,30,1,2,2,27,0,low,0.5,
15879,270178,2,3,7,2,55,1,1,1,27,0,high,0.6666666666666666,
15880,270179,2,6,6,2,60,1,1,1,27,0,low,0.3333333333333333,
15881,270180,1,1,7,0,30,1,1,1,27,0,high,1.0,
15882,270181,1,1,7,0,55,1,1,1,27,0,high,1.0,
15883,270182,2,3,7,6,55,1,10,1,27,0,high,0.6666666666666666,
15884,270183,1,2,7,6,40,1,1,1,27,0,low,0.5,
15885,270184,1,2,7,6,55,1,1,1,27,1,low,0.5,
15886,270185,1,1,7,0,55,2,1,1,27,1,high,1.0,
15887,270186,1,3,7,6,55,2,1,1,27,0,low,0.3333333333333333,
15888,270187,1,3,7,2,55,1,1,1,27,1,low,0.3333333333333333,
15889,270188,1,2,7,6,60,1,1,1,27,0,low,0.5,
15890,270189,1,1,7,0,55,1,1,1,27,0,high,1.0,
15891,270190,2,8,7,6,65,1,10,1,27,0,low,0.25,
15892,270191,1,1,7,0,55,2,1,1,27,1,high,1.0,
15893,270192,1,2,7,2,55,1,1,1,27,0,low,0.5,
15894,270193,1,2,7,6,55,1,1,1,27,0,low,0.5,
15895,270194,1,3,7,6,30,1,1,1,27,0,low,0.3333333333333333,