,ST_CASE,FATALS,PERSONS,MONTH,MAN_COLL,VSPD_LIM,LGT_COND,WEATHER,VSURCOND,STATE,DRUNK_DR,rate,rate_numerical,arrival_time
15896,270195,1,2,7,1,50,4,10,1,27,2,low,0.5,
15897,270196,1,3,7,6,50,1,1,1,27,0,low,0.3333333333333333,
15898,270197,2,5,7,6,55,1,1,1,27,1,low,0.4,
15899,270198,1,1,7,0,30,1,1,1,27,0,high,1.0,
15900,270199,1,3,7,6,98,1,1,1,27,0,low,0.3333333333333333,
15901,270200,1,2,7,0,55,2,1,1,27,0,low,0.5,
15902,270201,2,3,7,2,65,2,10,1,27,1,high,0.6666666666666666,
15903,270202,1,1,7,0,40,3,10,1,27,0,high,1.0,
15904,270203,2,3,7,6,55,1,1,1,27,0,high,0.6666666666666666,
15905,270204,1,1,8,0,55,2,1,1,27,0,high,1.0,
15906,270205,1,3,8,1,70,1,1,1,27,0,low,0.3333333333333333,
15907,270206,1,3,8,6,55,1,1,1,27,0,low,0.3333333333333333,
15908,270207,1,3,8,8,45,1,1,1,27,1,low,0.3333333333333333,
15909,270208,1,1,8,0,30,4,1,1,27,0,high,1.0,
15910,270209,1,2,8,0,55,2,10,2,27,0,low,0.5,
15911,270210,1,2,8,7,55,1,1,1,27,0,low,0.5,
15912,270211,1,2,8,0,98,8,1,98,27,0,low,0.5,
15913,270212,1,2,8,11,55,2,1,1,27,1,low,0.5,
15914,270213,1,2,8,8,60,1,1,1,27,0,low,0.5,
15915,270214,2,4,8,6,30,3,1,1,27,2,low,0.5,
15916,270215,1,1,8,0,70,1,1,1,27,1,high,1.0,
15917,270216,1,1,8,0,55,9,1,1,27,1,high,1.0,
15918,270217,1,3,8,6,55,1,1,1,27,0,low,0.3333333333333333,
15919,270218,1,5,8,2,55,1,10,1,27,0,low,0.2,
15920,270219,1,2,8,2,55,6,1,1,27,0,low,0.5,
15921,270220,1,2,8,2,50,5,2,1,27,1,low,0.5,
15922,270221,1,11,8,1,55,1,1,1,27,1,low,0.09090909090909091,
15923,270222,2,2,8,2,60,1,1,1,27,0,high,1.0,
15924,270223,1,3,8,1,60,1,1,1,27,0,low,0.3333333333333333,
15925,270224,2,4,8,2,55,2,1,1,27,1,low,0.5,
15926,270225,1,2,8,0,55,1,1,1,27,0,low,0.5,
15927,270226,1,2,8,0,55,5,1,1,27,0,low,0.5,
15928,270227,2,2,8,0,98,8,1,98,27,0,high,1.0,
15929,270228,1,1,8,0,55,1,10,1,27,1,high,1.0,
15930,270229,1,1,7,0,98,1,1,1,27,1,high,1.0,
15931,270230,1,3,8,6,65,1,2,2,27,1,low,0.3333333333333333,
15932,270231,1,1,8,0,55,2,10,1,27,1,high,1.0,
15933,270232,1,8,8,1,70,1,1,1,27,0,low,0.125,
15934,270233,1,2,8,0,55,1,1,1,27,1,low,0.5,
15935,270234,1,1,8,0,65,1,1,11,27,0,high,1.0,
15936,270235,1,9,8,6,55,2,1,1,27,0,low,0.1111111111111111,
15937,270236,1,2,8,6,40,1,1,1,27,0,low,0.5,
15938,270237,1,3,8,7,55,1,1,1,27,0,low,0.3333333333333333,
15939,270238,1,3,9,2,55,4,5,1,27,0,low,0.3333333333333333,
15940,270239,1,2,9,2,55,1,10,1,27,0,low,0.5,
15941,270240,1,6,9,2,35,1,10,1,27,0,low,0.16666666666666666,
15942,270241,1,3,9,2,55,1,1,1,27,1,low,0.3333333333333333,
15943,270242,2,5,9,6,98,1,10,1,27,0,low,0.4,
15944,270243,1,1,9,0,40,1,1,1,27,1,high,1.0,
15945,270244,1,7,9,2,55,1,1,1,27,0,low,0.14285714285714285,
15946,270245,1,1,9,0,55,6,1,1,27,1,high,1.0,
15947,270246,2,3,9,6,55,4,1,1,27,2,high,0.6666666666666666,
15948,270247,1,1,9,0,55,1,1,1,27,0,high,1.0,
15949,270248,1,1,9,0,55,5,1,1,27,0,high,1.0,
15950,270249,1,1,9,0,70,2,1,1,27,1,high,1.0,
15951,270250,2,4,9,6,55,1,1,1,27,0,low,0.5,
15952,270251,1,3,9,6,55,1,1,1,27,0,low,0.3333333333333333,
15953,270252,1,1,9,0,55,6,2,2,27,0,high,1.0,
15954,270253,1,1,9,0,30,1,1,1,27,0,high,1.0,
15955,270254,1,1,9,0,55,1,1,1,27,0,high,1.0,
15956,270255,1,1,9,0,45,1,1,1,27,0,high,1.0,
15957,270256,1,2,9,0,60,3,1,1,27,1,low,0.5,
15958,270257,1,1,6,0,40,1,1,1,27,0,high,1.0,
15959,270258,1,1,7,0,50,1,1,1,27,0,high,1.0,
15960,270259,1,4,8,2,35,1,1,1,27,0,low,0.25,
15961,270260,1,1,9,0,98,2,10,98,27,1,high,1.0,
15962,270261,1,2,9,6,98,1,1,1,27,0,low,0.5,
15963,270262,1,2,9,6,65,3,1,1,27,0,low,0.5,
15964,270263,2,3,9,6,55,1,1,1,27,0,high,0.6666666666666666,
15965,270264,1,3,9,0,45,3,10,2,27,0,low,0.3333333333333333,
15966,270266,1,2,9,0,55,4,5,1,27,0,low,0.5,
15967,270267,1,2,9,6,55,1,1,1,27,0,low,0.5,
15968,270268,1,7,9,1,65,1,1,1,27,0,low,0.14285714285714285,
15969,270269,1,2,9,0,55,2,1,1,27,1,low,0.5,
15970,270270,1,4,9,0,30,2,1,1,27,0,low,0.25,
15971,270271,1,1,9,0,40,1,1,1,27,0,high,1.0,
15972,270272,1,2,9,0,30,1,1,1,27,0,low,0.5,
15973,270273,1,1,9,0,30,1,1,1,27,1,high,1.0,
15974,270274,1,3,9,6,55,1,1,1,27,0,low,0.3333333333333333,
15975,270275,1,2,9,2,55,1,1,1,27,0,low,0.5,
15976,270276,1,1,10,0,30,3,1,1,27,0,high,1.0,
15977,270277,1,2,10,6,98,1,1,1,27,0,low,0.5,
15978,270278,1,2,10,6,98,3,1,1,27,1,low,0.5,
15979,270279,1,1,10,0,65,3,1,1,27,1,high,1.0,
15980,270280,1,1,10,0,30,3,1,1,27,1,high,1.0,
15981,270281,1,1,10,0,55,1,10,1,27,0,high,1.0,
15982,270282,1,4,10,1,55,1,10,1,27,0,low,0.25,
15983,270283,2,3,10,2,55,2,10,1,27,1,high,0.6666666666666666,
15984,270284,1,2,9,6,45,4,10,2,27,0,low,0.5,
15985,270285,1,2,10,1,65,1,10,1,27,0,low,0.5,
15986,270286,1,1,10,0,55,2,1,1,27,1,high,1.0,
15987,270287,1,1,10,0,50,1,1,1,27,1,high,1.0,
15988,270288,1,1,10,0,55,1,1,1,27,0,high,1.0,
15989,270289,1,2,10,6,55,1,1,1,27,0,low,0.5,
15990,270291,1,3,10,2,55,1,1,1,27,1,low,0.3333333333333333,
15991,270292,1,3,10,6,98,1,1,1,27,0,low,0.3333333333333333,
15992,270293,1,2,10,2,55,1,1,1,27,0,low,0.5,
15993,270294,1,6,10,98,45,1,1,1,27,0,low,0.16666666666666666,
15994,270295,1,1,10,0,30,5,1,1,27,0,high,1.0,
15995,270296,1,2,10,2,60,1,1,1,27,0,low,0.5,
15996,270297,1,4,10,6,60,1,1,1,27,0,low,0.25,
15997,270298,1,1,10,0,55,1,1,1,27,0,high,1.0,
15998,270299,1,1,10,0,55,5,1,1,27,0,high,1.0,
15999,270300,1,2,10,9,0,1,1,0,27,0,low,0.5,
16000,270301,1,1,10,0,55,1,1,1,27,0,high,1.0,
16001,270302,1,1,10,0,55,1,10,11,27,1,high,1.0,
16002,270303,1,1,10,0,55,5,1,1,27,0,high,1.0,
16003,270304,1,2,10,6,98,1,1,1,27,0,low,0.5,
16004,270305,1,2,10,2,55,1,1,1,27,0,low,0.5,
16005,270306,2,4,10,2,55,3,1,1,27,0,low,0.5,
16006,270307,1,2,10,2,55,5,2,2,27,1,low,0.5,
16007,270308,1,1,10,0,65,3,2,2,27,0,high,1.0,
16008,270309,1,3,10,6,98,1,1,1,27,0,low,0.3333333333333333,
16009,270310,1,4,10,6,98,1,1,1,27,0,low,0.25,
16010,270311,1,2,10,6,35,1,1,1,27,1,low,0.5,
16011,270312,1,1,10,0,30,3,2,2,27,0,high,1.0,
16012,270313,1,1,10,0,55,4,2,2,27,0,high,1.0,
16013,270314,1,2,10,0,25,3,10,1,27,0,low,0.5,
16014,270315,2,3,11,0,30,1,1,1,27,0,high,0.6666666666666666,
16015,270316,2,3,11,2,55,1,1,1,27,1,high,0.6666666666666666,
16016,270317,1,1,11,0,55,2,1,1,27,0,high,1.0,
16017,270318,1,1,11,0,70,2,1,1,27,0,high,1.0,
16018,270319,1,1,11,1,55,2,10,1,27,0,high,1.0,
16019,270320,1,1,11,0,50,1,1,1,27,0,high,1.0,
16020,270321,1,3,11,6,98,3,10,1,27,0,low,0.3333333333333333,
16021,270322,1,5,11,6,30,3,1,1,27,1,low,0.2,
16022,270323,1,1,11,0,55,2,1,1,27,1,high,1.0,
16023,270324,1,2,11,6,30,3,1,1,27,1,low,0.5,
16024,270325,1,3,11,2,55,2,2,2,27,0,low,0.3333333333333333,
16025,270326,1,1,11,0,55,7,2,2,27,0,high,1.0,
16026,270327,1,1,11,0,55,2,4,4,27,0,high,1.0,
16027,270328,1,2,11,0,50,3,10,1,27,0,low,0.5,
16028,270329,1,1,11,0,55,2,11,4,27,1,high,1.0,
16029,270330,1,3,11,6,65,4,1,4,27,0,low,0.3333333333333333,
16030,270331,1,2,11,1,60,1,1,1,27,0,low,0.5,
16031,270332,1,1,11,0,55,1,1,1,27,0,high,1.0,
16032,270333,1,2,11,6,98,3,1,1,27,0,low,0.5,
16033,270334,1,4,11,2,55,1,2,2,27,0,low,0.25,
16034,270335,1,1,11,0,35,3,1,1,27,0,high,1.0,
16035,270336,1,1,11,0,55,2,1,1,27,1,high,1.0,
16036,270337,1,2,11,6,55,2,4,3,27,0,low,0.5,
16037,270338,1,8,12,6,55,1,4,10,27,0,low,0.125,
16038,270339,1,1,11,0,98,8,98,98,27,0,high,1.0,
16039,270340,1,1,11,0,98,8,98,98,27,1,high,1.0,
16040,270341,1,2,12,2,60,2,1,4,27,0,low,0.5,
16041,270342,1,3,11,2,55,2,1,8,27,0,low,0.3333333333333333,
16042,270343,1,3,12,6,55,1,10,10,27,0,low,0.3333333333333333,
16043,270344,1,2,12,1,55,1,1,2,27,0,low,0.5,
16044,270345,2,4,12,0,55,1,1,1,27,0,low,0.5,
16045,270346,1,1,5,0,30,1,10,1,27,1,high,1.0,
16046,270347,1,3,9,6,45,1,1,1,27,0,low,0.3333333333333333,
16047,270348,1,2,10,6,55,1,1,1,27,0,low,0.5,
16048,270349,1,1,10,0,30,1,1,1,27,0,high,1.0,
16049,270351,1,1,11,0,55,1,1,1,27,0,high,1.0,
16050,270352,1,3,11,6,40,3,4,4,27,0,low,0.3333333333333333,
16051,270353,1,4,12,2,30,1,1,1,27,0,low,0.25,
16052,270354,1,2,12,1,70,1,1,1,27,0,low,0.5,
16053,270355,1,1,12,0,55,1,2,2,27,0,high,1.0,
16054,270356,1,1,12,0,60,3,10,1,27,0,high,1.0,
16055,270357,1,2,12,0,55,2,12,4,27,0,low,0.5,
16056,270358,1,4,12,1,55,1,10,1,27,0,low,0.25,
16057,270359,1,2,12,6,55,1,10,1,27,0,low,0.5,
16058,270360,1,3,12,0,30,3,12,2,27,0,low,0.3333333333333333,
16059,270361,1,1,12,0,65,1,4,10,27,0,high,1.0,
16060,270362,1,1,12,0,30,3,10,1,27,0,high,1.0,
16061,270363,1,4,12,0,55,1,1,1,27,0,low,0.25,
16062,270364,1,1,12,0,45,3,99,1,27,1,high,1.0,
16063,270365,1,1,12,0,35,1,10,2,27,0,high,1.0,
16064,270366,1,1,12,0,55,3,10,1,27,1,high,1.0,
16065,270367,1,1,12,0,55,2,2,2,27,1,high,1.0,
16066,270368,1,2,12,6,60,4,12,4,27,0,low,0.5,
16067,270369,1,1,12,0,55,2,10,1,27,0,high,1.0,
16068,270370,1,1,12,0,70,2,10,4,27,0,high,1.0,
16069,270371,1,3,12,6,55,1,4,10,27,0,low,0.3333333333333333,
16070,270372,1,2,12,0,98,2,1,4,27,1,low,0.5,
16071,270373,1,2,12,2,55,1,4,3,27,0,low,0.5,
16072,270374,1,1,12,0,30,1,10,1,27,1,high,1.0,
16073,270375,4,9,12,6,55,1,4,3,27,0,low,0.4444444444444444,
16074,270376,1,1,12,0,30,1,10,3,27,0,high,1.0,
16075,270377,1,5,12,6,55,2,8,1,27,0,low,0.2,
16076,270378,1,1,12,0,30,3,10,2,27,0,high,1.0,
16077,270379,1,3,9,6,50,1,1,1,27,0,low,0.3333333333333333,
16078,270380,1,6,11,6,40,1,10,1,27,0,low,0.16666666666666666,
16079,270381,1,1,11,0,55,3,1,1,27,0,high,1.0,
16080,270382,1,1,12,0,30,3,4,3,27,0,high,1.0,
16081,280001,1,1,1,0,70,3,2,2,28,0,high,1.0,
16082,280002,1,3,1,2,55,2,5,1,28,1,low,0.3333333333333333,
16083,280003,1,1,1,0,55,1,2,2,28,1,high,1.0,
16084,280004,1,2,1,6,55,2,10,2,28,1,low,0.5,
16085,280005,2,3,1,2,65,2,1,1,28,0,high,0.6666666666666666,
16086,280006,1,2,1,6,45,4,1,1,28,0,low,0.5,
16087,280007,1,2,1,2,30,1,1,1,28,1,low,0.5,
16088,280008,1,1,1,0,35,1,1,1,28,0,high,1.0,
16089,280009,1,1,1,0,45,1,1,1,28,0,high,1.0,
16090,280010,1,1,1,0,45,2,1,1,28,0,high,1.0,
16091,280011,1,3,1,6,45,5,1,1,28,1,low,0.3333333333333333,
16092,280012,1,2,1,1,70,2,1,1,28,0,low,0.5,
16093,280013,1,1,1,0,55,2,1,1,28,0,high,1.0,
16094,280014,1,1,1,0,45,2,10,2,28,0,high,1.0,
16095,280015,1,1,1,0,55,1,1,1,28,0,high,1.0,
16096,280016,1,1,1,0,55,2,1,1,28,1,high,1.0,
16097,280017,1,1,1,0,55,1,1,1,28,0,high,1.0,
16098,280018,1,1,1,0,70,2,1,1,28,0,high,1.0,
16099,280019,1,1,1,0,45,2,2,2,28,0,high,1.0,
16100,280020,1,3,1,0,65,2,1,1,28,0,low,0.3333333333333333,
16101,280021,1,5,1,7,45,1,1,4,28,0,low,0.2,
16102,280022,1,3,1,0,45,2,1,1,28,0,low,0.3333333333333333,
16103,280023,1,3,1,1,55,1,1,1,28,0,low,0.3333333333333333,
16104,280024,1,1,1,0,45,2,1,1,28,1,high,1.0,
16105,280025,1,4,1,8,55,1,1,1,28,0,low,0.25,
16106,280026,1,4,1,0,45,2,1,1,28,1,low,0.25,
16107,280027,1,1,2,0,55,2,2,2,28,0,high,1.0,
16108,280028,1,1,2,0,55,2,5,2,28,0,high,1.0,
16109,280029,1,3,2,2,35,1,1,1,28,0,low,0.3333333333333333,
16110,280030,1,3,2,8,55,1,1,1,28,0,low,0.3333333333333333,
16111,280031,1,2,2,2,45,1,1,1,28,0,low,0.5,
16112,280032,1,2,2,2,45,1,1,1,28,1,low,0.5,
16113,280033,1,1,2,0,40,1,1,1,28,0,high,1.0,
16114,280034,1,1,2,0,55,1,1,1,28,0,high,1.0,
16115,280035,2,2,2,2,55,1,1,1,28,1,high,1.0,
16116,280036,1,1,2,0,70,2,1,1,28,0,high,1.0,
16117,280037,2,3,2,2,35,3,1,1,28,0,high,0.6666666666666666,
16118,280038,1,3,2,7,70,1,1,1,28,0,low,0.3333333333333333,
16119,280039,1,5,2,0,65,1,1,1,28,0,low,0.2,
16120,280040,1,4,2,2,45,2,1,1,28,0,low,0.25,
16121,280041,4,4,2,0,30,1,1,1,28,0,high,1.0,
16122,280042,1,1,2,0,55,2,1,1,28,1,high,1.0,
16123,280043,2,4,2,0,70,4,1,1,28,0,low,0.5,
16124,280044,1,1,2,0,55,2,1,1,28,0,high,1.0,
16125,280045,1,3,2,2,55,1,1,1,28,0,low,0.3333333333333333,
16126,280046,2,3,2,2,55,2,1,1,28,1,high,0.6666666666666666,
16127,280047,1,2,2,0,35,2,1,1,28,0,low,0.5,
16128,280048,1,2,2,1,55,1,1,1,28,0,low,0.5,
16129,280049,1,3,2,6,35,1,1,1,28,0,low,0.3333333333333333,
16130,280050,1,1,2,0,45,3,2,2,28,0,high,1.0,
16131,280051,2,2,2,0,70,2,1,1,28,0,high,1.0,
16132,280052,1,1,2,0,55,2,1,1,28,0,high,1.0,
16133,280053,1,2,2,0,70,1,1,1,28,0,low,0.5,
16134,280054,1,3,2,1,55,5,1,1,28,0,low,0.3333333333333333,
16135,280055,1,1,2,0,70,1,10,4,28,0,high,1.0,
16136,280056,1,1,2,0,35,1,1,4,28,0,high,1.0,
16137,280057,1,1,2,0,70,3,10,1,28,0,high,1.0,
16138,280058,1,2,2,0,35,1,1,1,28,0,low,0.5,
16139,280059,1,1,2,0,55,1,1,1,28,0,high,1.0,
16140,280060,1,1,2,0,55,2,1,1,28,0,high,1.0,
16141,280061,1,1,2,0,35,2,1,1,28,1,high,1.0,
16142,280062,1,5,2,0,55,1,10,2,28,0,low,0.2,
16143,280063,2,7,2,0,35,2,1,1,28,1,low,0.2857142857142857,
16144,280064,1,1,2,0,55,1,1,1,28,0,high,1.0,
16145,280065,1,1,2,0,55,1,1,1,28,1,high,1.0,
16146,280066,2,2,2,0,45,2,1,1,28,0,high,1.0,
16147,280067,2,1,2,0,65,1,3,4,28,0,high,2.0,
16148,280068,1,4,2,6,45,1,1,1,28,0,low,0.25,
16149,280069,1,1,2,0,50,3,1,1,28,0,high,1.0,
16150,280070,1,4,2,0,55,2,10,1,28,0,low,0.25,
16151,280071,1,1,2,0,98,3,2,2,28,0,high,1.0,
16152,280072,1,2,2,6,35,1,1,1,28,1,low,0.5,
16153,280073,1,4,2,1,70,2,5,1,28,0,low,0.25,
16154,280074,1,1,2,0,55,1,1,1,28,0,high,1.0,
16155,280075,1,3,2,2,55,1,10,4,28,0,low,0.3333333333333333,
16156,280076,1,1,2,0,35,1,3,4,28,0,high,1.0,
16157,280077,1,2,2,0,65,2,1,1,28,1,low,0.5,
16158,280078,1,3,2,0,65,1,2,2,28,0,low,0.3333333333333333,
16159,280079,3,4,3,0,55,1,1,4,28,0,high,0.75,
16160,280080,2,6,3,6,55,1,1,1,28,1,low,0.3333333333333333,
16161,280081,1,2,3,6,45,1,1,1,28,0,low,0.5,
16162,280082,1,6,3,2,98,2,10,4,28,0,low,0.16666666666666666,
16163,280083,1,2,3,0,35,1,1,1,28,0,low,0.5,
16164,280084,1,1,3,0,45,2,1,1,28,0,high,1.0,
16165,280085,1,1,2,0,55,2,1,1,28,1,high,1.0,
16166,280086,1,1,2,0,45,2,1,1,28,0,high,1.0,
16167,280087,1,2,2,0,45,6,1,1,28,1,low,0.5,
16168,280088,1,1,2,0,45,1,1,1,28,0,high,1.0,
16169,280089,1,1,3,0,70,2,1,1,28,0,high,1.0,
16170,280090,1,3,3,1,35,3,2,2,28,0,low,0.3333333333333333,
16171,280091,1,4,3,6,55,1,2,2,28,0,low,0.25,
16172,280092,1,1,3,0,50,3,2,2,28,0,high,1.0,
16173,280093,1,1,3,0,45,2,2,2,28,0,high,1.0,
16174,280094,1,3,3,2,55,1,2,2,28,0,low,0.3333333333333333,
16175,280095,2,7,2,0,50,2,1,1,28,0,low,0.2857142857142857,
16176,280096,2,4,3,6,65,1,2,2,28,0,low,0.5,
16177,280097,1,2,3,0,50,2,1,1,28,0,low,0.5,
16178,280098,1,1,3,0,70,1,10,1,28,0,high,1.0,
16179,280099,1,2,3,6,55,1,1,1,28,0,low,0.5,
16180,280100,1,2,3,0,70,1,2,2,28,0,low,0.5,
16181,280101,1,2,3,6,25,1,2,2,28,0,low,0.5,
16182,280102,1,3,3,0,35,6,2,2,28,0,low,0.3333333333333333,
16183,280103,1,2,3,6,70,2,2,2,28,1,low,0.5,
16184,280104,1,1,3,0,45,2,10,1,28,1,high,1.0,
16185,280105,1,5,3,1,60,1,10,1,28,0,low,0.2,
16186,280106,1,4,3,0,70,1,1,1,28,0,low,0.25,
16187,280107,2,2,3,0,70,1,1,1,28,0,high,1.0,
16188,280108,1,2,3,1,70,2,1,1,28,0,low,0.5,
16189,280109,1,3,3,0,55,2,1,1,28,1,low,0.3333333333333333,
16190,280110,1,1,3,0,55,1,10,1,28,0,high,1.0,
16191,280111,1,1,3,0,65,1,10,1,28,0,high,1.0,
16192,280112,1,1,3,0,35,3,1,1,28,0,high,1.0,
16193,280113,1,3,3,2,45,2,1,1,28,1,low,0.3333333333333333,
16194,280114,1,1,3,0,45,3,1,1,28,0,high,1.0,
16195,280115,1,2,3,0,65,2,1,1,28,0,low,0.5,
16196,280116,1,3,3,2,55,1,10,1,28,0,low,0.3333333333333333,
16197,280117,1,1,3,0,50,2,1,1,28,0,high,1.0,
16198,280118,1,7,3,2,45,2,1,1,28,0,low,0.14285714285714285,
16199,280119,1,2,3,6,30,1,1,1,28,0,low,0.5,
16200,280120,1,3,3,6,55,2,1,1,28,0,low,0.3333333333333333,
16201,280121,1,5,3,6,65,1,1,1,28,0,low,0.2,
16202,280122,1,1,3,0,55,2,1,1,28,0,high,1.0,
16203,280123,1,1,4,0,45,1,1,1,28,0,high,1.0,
16204,280124,1,2,4,6,50,1,1,1,28,0,low,0.5,
16205,280125,1,1,4,0,55,2,1,1,28,0,high,1.0,
16206,280126,1,3,4,0,55,2,1,1,28,0,low,0.3333333333333333,
16207,280127,2,5,4,6,65,1,1,1,28,0,low,0.4,
16208,280128,1,1,4,0,40,1,1,1,28,0,high,1.0,
16209,280129,2,4,4,0,55,2,10,2,28,1,low,0.5,
16210,280130,1,2,4,6,35,1,10,1,28,0,low,0.5,
16211,280131,1,2,4,1,50,2,10,1,28,0,low,0.5,
16212,280132,1,2,4,0,45,1,1,2,28,0,low,0.5,
16213,280133,1,3,4,6,65,1,1,1,28,0,low,0.3333333333333333,
16214,280134,1,3,4,7,55,1,1,1,28,1,low,0.3333333333333333,
16215,280135,1,1,4,0,65,2,1,1,28,0,high,1.0,
16216,280136,1,2,4,1,65,1,10,1,28,0,low,0.5,
16217,280137,1,2,4,0,45,3,1,1,28,1,low,0.5,
16218,280138,1,1,4,0,99,5,1,1,28,0,high,1.0,
16219,280139,1,2,4,2,30,1,1,1,28,0,low,0.5,
16220,280140,1,5,4,0,45,2,1,1,28,0,low,0.2,
16221,280141,3,7,4,0,55,1,2,2,28,0,low,0.42857142857142855,
16222,280142,1,1,4,0,35,1,10,1,28,0,high,1.0,
16223,280143,1,4,4,6,45,3,2,2,28,0,low,0.25,
16224,280144,1,5,4,6,55,1,2,2,28,0,low,0.2,
16225,280145,1,1,4,0,35,1,1,1,28,0,high,1.0,
16226,280146,1,3,4,6,55,2,10,1,28,0,low,0.3333333333333333,
16227,280147,1,2,4,1,65,1,1,1,28,0,low,0.5,
16228,280148,1,4,4,0,35,1,1,1,28,0,low,0.25,
16229,280149,1,7,4,6,45,2,1,1,28,0,low,0.14285714285714285,
16230,280150,1,1,4,0,70,1,2,2,28,0,high,1.0,
16231,280151,1,3,4,2,55,1,1,1,28,0,low,0.3333333333333333,
16232,280152,1,4,4,6,35,3,1,1,28,0,low,0.25,
16233,280153,1,2,4,0,55,1,1,1,28,0,low,0.5,
16234,280154,1,3,4,0,15,1,1,2,28,0,low,0.3333333333333333,
16235,280155,1,1,4,0,55,1,1,1,28,0,high,1.0,
16236,280156,1,3,4,6,35,1,1,1,28,0,low,0.3333333333333333,
16237,280157,1,2,4,1,65,1,10,1,28,0,low,0.5,
16238,280158,1,2,4,6,55,2,2,2,28,0,low,0.5,
16239,280159,1,2,4,0,45,2,10,2,28,0,low,0.5,
16240,280160,1,2,4,2,40,1,1,1,28,0,low,0.5,
16241,280161,1,1,4,0,65,1,1,1,28,0,high,1.0,
16242,280162,3,3,4,2,55,5,1,1,28,0,high,1.0,
16243,280163,1,3,4,0,70,5,1,1,28,0,low,0.3333333333333333,
16244,280165,1,4,4,0,50,3,1,1,28,0,low,0.25,
16245,280166,1,1,4,0,60,2,1,1,28,0,high,1.0,
16246,280167,1,3,4,1,55,1,1,1,28,0,low,0.3333333333333333,
16247,280168,1,1,5,0,30,1,1,1,28,0,high,1.0,
16248,280169,1,1,5,0,55,1,1,1,28,0,high,1.0,
16249,280170,1,1,5,0,40,2,1,1,28,1,high,1.0,
16250,280171,1,1,5,0,25,2,1,1,28,0,high,1.0,
16251,280172,1,1,5,0,70,1,1,1,28,0,high,1.0,
16252,280173,1,2,5,2,45,1,1,1,28,0,low,0.5,
16253,280174,1,1,5,0,35,1,1,1,28,0,high,1.0,
16254,280175,2,3,5,2,65,1,1,1,28,1,high,0.6666666666666666,
16255,280176,1,6,5,6,45,2,10,1,28,0,low,0.16666666666666666,
16256,280177,2,3,5,2,35,1,1,1,28,1,high,0.6666666666666666,
16257,280178,1,2,5,0,70,1,1,1,28,0,low,0.5,
16258,280179,1,1,5,0,60,2,1,1,28,0,high,1.0,
16259,280180,1,1,5,0,45,1,1,1,28,1,high,1.0,
16260,280181,3,3,5,0,65,1,1,1,28,0,high,1.0,
16261,280182,1,1,5,0,65,2,1,1,28,0,high,1.0,
16262,280183,1,3,5,6,55,1,10,1,28,0,low,0.3333333333333333,
16263,280184,3,4,5,2,45,1,1,1,28,1,high,0.75,
16264,280185,1,1,5,0,70,2,10,1,28,0,high,1.0,
16265,280186,1,1,5,0,20,3,1,1,28,1,high,1.0,
16266,280187,1,2,5,6,55,1,1,1,28,0,low,0.5,
16267,280188,1,1,5,0,55,1,1,1,28,0,high,1.0,
16268,280189,1,3,5,8,55,1,1,1,28,0,low,0.3333333333333333,
16269,280190,1,2,5,0,55,5,10,1,28,0,low,0.5,
16270,280191,1,4,5,99,55,2,2,2,28,0,low,0.25,
16271,280192,1,1,5,0,30,3,10,1,28,0,high,1.0,
16272,280193,1,1,5,0,55,1,1,1,28,0,high,1.0,
16273,280194,1,1,5,0,55,1,1,1,28,1,high,1.0,
16274,280195,1,1,5,0,70,2,2,2,28,0,high,1.0,
16275,280196,1,3,5,2,55,1,10,1,28,0,low,0.3333333333333333,
16276,280197,1,6,5,6,55,1,2,2,28,0,low,0.16666666666666666,
16277,280198,1,1,5,0,55,2,5,1,28,0,high,1.0,
16278,280199,2,4,5,1,70,1,1,1,28,0,low,0.5,
16279,280200,3,3,5,6,65,1,1,1,28,2,high,1.0,
16280,280201,1,2,5,6,35,2,10,1,28,0,low,0.5,
16281,280202,1,2,5,0,65,2,10,1,28,0,low,0.5,
16282,280203,1,2,5,0,45,1,1,1,28,0,low,0.5,
16283,280204,1,1,5,0,45,2,10,1,28,1,high,1.0,
16284,280205,1,2,5,6,65,2,1,1,28,0,low,0.5,
16285,280206,1,1,5,0,70,2,1,1,28,0,high,1.0,
16286,280207,1,1,5,0,70,1,1,1,28,0,high,1.0,
16287,280208,1,1,5,0,65,1,1,1,28,0,high,1.0,