,ST_CASE,FATALS,PERSONS,MONTH,MAN_COLL,VSPD_LIM,LGT_COND,WEATHER,VSURCOND,STATE,DRUNK_DR,rate,rate_numerical,arrival_time
16288,280209,1,3,5,0,45,1,1,1,28,0,low,0.3333333333333333,
16289,280210,1,2,5,0,70,2,1,1,28,1,low,0.5,
16290,280211,1,10,5,8,50,2,1,2,28,0,low,0.1,
16291,280212,1,1,5,0,60,1,1,1,28,1,high,1.0,
16292,280213,1,1,5,0,45,2,1,1,28,0,high,1.0,
16293,280214,1,2,5,0,55,1,10,1,28,1,low,0.5,
16294,280215,1,1,5,0,55,2,2,2,28,0,high,1.0,
16295,280216,1,1,5,0,25,4,10,1,28,1,high,1.0,
16296,280217,1,2,5,6,55,1,10,2,28,0,low,0.5,
16297,280218,1,2,5,2,99,1,1,1,28,0,low,0.5,
16298,280219,1,1,5,0,35,2,1,1,28,1,high,1.0,
16299,280220,1,1,5,0,30,1,1,1,28,0,high,1.0,
16300,280221,1,1,5,0,70,2,1,1,28,0,high,1.0,
16301,280222,1,2,5,6,35,2,2,2,28,0,low,0.5,
16302,280223,1,1,5,0,20,3,10,1,28,0,high,1.0,
16303,280224,2,8,5,1,70,1,1,1,28,1,low,0.25,
16304,280225,1,1,6,0,45,1,1,1,28,0,high,1.0,
16305,280226,1,2,6,0,70,3,1,1,28,0,low,0.5,
16306,280227,1,2,6,0,55,2,2,2,28,1,low,0.5,
16307,280228,1,1,6,0,35,1,1,1,28,0,high,1.0,
16308,280229,1,1,6,0,45,1,1,1,28,0,high,1.0,
16309,280230,1,3,6,1,65,1,1,1,28,0,low,0.3333333333333333,
16310,280231,1,1,6,0,65,1,1,1,28,0,high,1.0,
16311,280232,1,2,6,6,40,1,1,1,28,0,low,0.5,
16312,280233,1,2,6,1,55,1,1,1,28,0,low,0.5,
16313,280234,1,1,6,0,45,1,1,1,28,0,high,1.0,
16314,280235,1,1,6,0,45,2,1,1,28,0,high,1.0,
16315,280236,1,1,6,0,65,1,1,1,28,0,high,1.0,
16316,280237,1,3,6,2,55,1,1,1,28,0,low,0.3333333333333333,
16317,280238,1,5,6,6,55,1,1,1,28,0,low,0.2,
16318,280239,1,2,6,1,70,2,1,1,28,0,low,0.5,
16319,280240,1,1,6,0,30,2,1,1,28,0,high,1.0,
16320,280241,1,2,6,2,40,1,1,1,28,1,low,0.5,
16321,280242,1,2,6,2,55,2,10,1,28,1,low,0.5,
16322,280243,2,3,6,0,70,1,1,1,28,0,high,0.6666666666666666,
16323,280244,1,5,6,2,98,5,1,1,28,1,low,0.2,
16324,280245,1,1,6,0,98,2,10,1,28,0,high,1.0,
16325,280246,2,3,6,7,60,1,1,1,28,1,high,0.6666666666666666,
16326,280247,1,1,6,0,65,4,1,1,28,1,high,1.0,
16327,280248,1,2,6,0,55,2,10,2,28,0,low,0.5,
16328,280249,1,1,6,0,99,1,98,1,28,0,high,1.0,
16329,280250,1,3,6,1,65,1,10,1,28,1,low,0.3333333333333333,
16330,280251,1,6,6,1,70,1,1,1,28,0,low,0.16666666666666666,
16331,280252,1,3,6,1,70,1,1,1,28,0,low,0.3333333333333333,
16332,280253,1,3,6,1,65,1,1,1,28,0,low,0.3333333333333333,
16333,280254,1,1,6,0,55,1,1,1,28,0,high,1.0,
16334,280255,1,1,6,0,55,2,1,1,28,0,high,1.0,
16335,280256,1,1,6,0,45,2,1,1,28,1,high,1.0,
16336,280257,1,1,6,0,45,2,1,1,28,1,high,1.0,
16337,280258,1,4,7,0,55,1,1,1,28,0,low,0.25,
16338,280259,1,1,6,0,98,3,1,1,28,0,high,1.0,
16339,280260,1,2,7,0,25,1,10,1,28,0,low,0.5,
16340,280261,1,3,7,6,45,2,1,1,28,0,low,0.3333333333333333,
16341,280262,1,2,7,0,65,1,2,2,28,0,low,0.5,
16342,280263,1,1,7,0,55,4,1,1,28,1,high,1.0,
16343,280264,1,1,7,0,45,2,1,1,28,1,high,1.0,
16344,280265,2,3,7,1,70,2,1,1,28,0,high,0.6666666666666666,
16345,280266,1,2,7,0,55,2,1,1,28,0,low,0.5,
16346,280267,1,1,7,0,55,1,1,1,28,0,high,1.0,
16347,280268,1,2,7,2,55,1,1,1,28,0,low,0.5,
16348,280269,1,3,7,1,25,1,1,1,28,0,low,0.3333333333333333,
16349,280270,1,6,7,6,65,1,1,1,28,0,low,0.16666666666666666,
16350,280271,1,1,7,0,70,1,1,1,28,0,high,1.0,
16351,280272,1,4,7,7,45,1,1,1,28,1,low,0.25,
16352,280273,1,4,7,6,35,2,1,1,28,1,low,0.25,
16353,280274,1,2,7,0,45,1,10,2,28,0,low,0.5,
16354,280275,1,2,7,1,65,1,1,1,28,0,low,0.5,
16355,280276,1,5,7,2,55,1,1,1,28,0,low,0.2,
16356,280277,1,3,7,0,35,1,1,1,28,0,low,0.3333333333333333,
16357,280278,1,1,7,0,55,2,1,1,28,1,high,1.0,
16358,280279,1,1,7,0,98,2,1,1,28,0,high,1.0,
16359,280280,1,1,7,0,55,1,1,1,28,1,high,1.0,
16360,280281,1,5,7,0,45,2,1,1,28,0,low,0.2,
16361,280282,2,2,7,2,55,1,1,1,28,0,high,1.0,
16362,280283,1,4,7,6,45,1,1,1,28,0,low,0.25,
16363,280284,1,2,7,0,65,2,1,1,28,1,low,0.5,
16364,280285,1,2,7,6,65,1,1,1,28,0,low,0.5,
16365,280286,2,2,7,2,55,1,1,1,28,1,high,1.0,
16366,280287,1,2,7,1,55,1,1,1,28,0,low,0.5,
16367,280288,1,3,7,1,65,1,1,1,28,0,low,0.3333333333333333,
16368,280289,1,3,7,2,55,2,1,1,28,0,low,0.3333333333333333,
16369,280290,1,2,7,1,65,1,1,1,28,0,low,0.5,
16370,280291,1,2,7,2,55,2,1,1,28,0,low,0.5,
16371,280292,2,3,7,6,45,1,1,1,28,1,high,0.6666666666666666,
16372,280293,1,1,7,0,98,2,1,1,28,0,high,1.0,
16373,280294,1,2,7,0,65,1,1,1,28,1,low,0.5,
16374,280295,1,3,7,6,45,1,1,1,28,0,low,0.3333333333333333,
16375,280296,1,2,7,6,55,1,1,1,28,0,low,0.5,
16376,280297,1,3,7,0,55,1,1,1,28,0,low,0.3333333333333333,
16377,280298,1,3,7,6,0,1,1,1,28,0,low,0.3333333333333333,
16378,280299,1,3,7,6,45,1,10,1,28,0,low,0.3333333333333333,
16379,280300,1,4,7,6,65,1,2,2,28,0,low,0.25,
16380,280301,1,2,7,2,55,1,10,2,28,0,low,0.5,
16381,280302,1,2,7,6,55,1,1,1,28,1,low,0.5,
16382,280303,1,2,7,0,55,1,1,1,28,0,low,0.5,
16383,280304,1,1,7,0,55,2,1,1,28,1,high,1.0,
16384,280305,1,2,7,0,55,2,10,2,28,1,low,0.5,
16385,280306,1,3,7,0,55,1,2,2,28,1,low,0.3333333333333333,
16386,280307,1,1,7,0,35,5,1,1,28,0,high,1.0,
16387,280308,1,5,7,2,35,1,1,1,28,0,low,0.2,
16388,280309,1,1,7,0,55,1,1,1,28,0,high,1.0,
16389,280310,1,2,7,0,55,2,1,1,28,0,low,0.5,
16390,280311,1,2,7,0,70,1,2,2,28,0,low,0.5,
16391,280312,1,1,7,0,55,1,1,1,28,0,high,1.0,
16392,280313,1,1,8,0,55,2,1,1,28,1,high,1.0,
16393,280314,1,1,8,0,55,1,1,1,28,1,high,1.0,
16394,280315,1,1,8,0,40,2,1,1,28,0,high,1.0,
16395,280316,1,3,8,0,70,3,1,1,28,0,low,0.3333333333333333,
16396,280317,1,3,7,0,35,1,1,1,28,0,low,0.3333333333333333,
16397,280318,1,2,8,0,65,1,10,1,28,0,low,0.5,
16398,280319,1,1,8,0,45,1,1,1,28,0,high,1.0,
16399,280320,1,5,8,6,65,1,1,1,28,0,low,0.2,
16400,280321,1,4,8,1,55,1,1,1,28,0,low,0.25,
16401,280322,1,2,8,2,45,1,1,1,28,0,low,0.5,
16402,280323,1,4,8,0,45,2,1,1,28,0,low,0.25,
16403,280324,1,1,8,0,99,3,1,1,28,0,high,1.0,
16404,280325,1,1,8,0,65,1,1,1,28,0,high,1.0,
16405,280326,1,2,8,7,65,1,1,1,28,0,low,0.5,
16406,280327,2,2,8,0,55,2,1,1,28,0,high,1.0,
16407,280328,1,2,8,1,65,2,1,1,28,1,low,0.5,
16408,280329,1,1,8,0,65,2,1,1,28,0,high,1.0,
16409,280330,1,1,8,0,55,2,10,1,28,0,high,1.0,
16410,280331,1,2,8,2,55,2,1,1,28,1,low,0.5,
16411,280332,1,1,8,0,55,1,1,1,28,0,high,1.0,
16412,280333,1,1,8,0,30,3,1,1,28,0,high,1.0,
16413,280334,1,1,8,0,50,1,1,1,28,0,high,1.0,
16414,280335,4,4,8,0,70,2,1,1,28,0,high,1.0,
16415,280336,1,1,7,0,45,3,1,1,28,1,high,1.0,
16416,280337,1,2,8,1,55,2,1,1,28,0,low,0.5,
16417,280338,1,2,8,0,35,3,1,1,28,1,low,0.5,
16418,280339,1,7,8,6,55,1,1,1,28,0,low,0.14285714285714285,
16419,280340,1,2,8,7,55,2,10,1,28,0,low,0.5,
16420,280341,2,3,8,2,70,2,10,1,28,1,high,0.6666666666666666,
16421,280342,1,2,8,1,70,1,1,1,28,0,low,0.5,
16422,280343,1,2,8,7,55,1,10,1,28,0,low,0.5,
16423,280344,2,3,8,0,45,2,1,1,28,1,high,0.6666666666666666,
16424,280345,1,1,8,0,55,2,1,1,28,0,high,1.0,
16425,280346,1,3,8,6,55,5,1,1,28,0,low,0.3333333333333333,
16426,280347,1,4,8,2,45,1,1,1,28,1,low,0.25,
16427,280348,1,2,8,2,70,1,10,1,28,1,low,0.5,
16428,280349,2,2,8,0,99,1,1,1,28,0,high,1.0,
16429,280350,1,3,7,7,70,1,1,1,28,0,low,0.3333333333333333,
16430,280351,1,1,8,0,35,2,1,1,28,0,high,1.0,
16431,280352,1,1,8,0,55,2,2,2,28,1,high,1.0,
16432,280353,1,1,8,0,55,1,1,1,28,0,high,1.0,
16433,280354,1,1,8,0,55,2,1,1,28,1,high,1.0,
16434,280355,2,2,8,0,40,2,1,1,28,1,high,1.0,
16435,280356,1,7,8,2,45,1,1,1,28,1,low,0.14285714285714285,
16436,280357,1,1,8,0,25,2,1,1,28,0,high,1.0,
16437,280358,1,2,8,6,65,1,1,1,28,0,low,0.5,
16438,280359,1,1,8,0,55,2,1,1,28,1,high,1.0,
16439,280360,1,1,8,0,70,1,2,2,28,0,high,1.0,
16440,280361,1,1,8,0,40,2,1,1,28,0,high,1.0,
16441,280362,1,3,8,0,65,2,1,1,28,0,low,0.3333333333333333,
16442,280363,1,1,8,0,55,1,1,1,28,1,high,1.0,
16443,280364,1,2,8,6,65,2,1,1,28,0,low,0.5,
16444,280365,1,1,8,0,55,2,1,1,28,1,high,1.0,
16445,280366,1,1,8,0,45,2,1,1,28,1,high,1.0,
16446,280367,1,1,8,0,70,1,1,1,28,0,high,1.0,
16447,280368,1,2,8,0,45,3,1,1,28,0,low,0.5,
16448,280369,1,2,8,0,55,1,1,1,28,0,low,0.5,
16449,280370,1,7,8,2,55,1,1,1,28,0,low,0.14285714285714285,
16450,280371,1,5,8,7,70,2,1,1,28,1,low,0.2,
16451,280372,1,3,8,6,55,1,1,1,28,0,low,0.3333333333333333,
16452,280373,1,1,8,0,45,3,1,1,28,0,high,1.0,
16453,280374,1,8,9,7,55,1,1,1,28,0,low,0.125,
16454,280375,1,1,9,0,65,2,1,1,28,0,high,1.0,
16455,280376,1,1,9,0,55,1,1,1,28,0,high,1.0,
16456,280377,1,2,9,2,55,1,1,1,28,0,low,0.5,
16457,280378,1,4,9,0,65,1,1,1,28,0,low,0.25,
16458,280379,1,1,9,0,55,2,1,1,28,0,high,1.0,
16459,280380,1,3,9,6,55,1,5,1,28,0,low,0.3333333333333333,
16460,280381,1,1,9,0,65,1,1,1,28,0,high,1.0,
16461,280382,1,2,9,0,55,1,1,1,28,1,low,0.5,
16462,280383,1,1,9,0,45,1,1,1,28,0,high,1.0,
16463,280384,2,2,9,2,45,1,10,1,28,0,high,1.0,
16464,280385,1,7,9,6,35,3,1,1,28,0,low,0.14285714285714285,
16465,280386,1,2,9,0,45,3,1,1,28,0,low,0.5,
16466,280387,1,2,9,0,35,1,1,1,28,1,low,0.5,
16467,280388,1,1,9,0,55,2,2,2,28,0,high,1.0,
16468,280389,1,2,9,0,35,2,1,1,28,0,low,0.5,
16469,280390,1,1,9,0,65,1,1,1,28,0,high,1.0,
16470,280391,1,2,9,1,55,2,1,1,28,1,low,0.5,
16471,280392,1,5,9,0,35,2,1,1,28,0,low,0.2,
16472,280393,1,1,9,0,55,2,1,1,28,0,high,1.0,
16473,280394,1,1,9,0,65,1,1,1,28,0,high,1.0,
16474,280395,1,2,9,0,30,3,1,1,28,0,low,0.5,
16475,280396,1,1,9,0,55,2,1,1,28,0,high,1.0,
16476,280397,2,2,9,2,55,1,1,1,28,0,high,1.0,
16477,280398,1,1,9,0,55,1,1,1,28,0,high,1.0,
16478,280399,1,5,9,0,55,1,1,1,28,1,low,0.2,
16479,280400,1,1,9,0,40,2,1,1,28,1,high,1.0,
16480,280401,1,2,9,7,65,2,1,1,28,1,low,0.5,
16481,280402,1,2,9,0,70,1,1,1,28,0,low,0.5,
16482,280403,1,2,9,7,60,3,1,1,28,0,low,0.5,
16483,280404,1,1,9,0,45,1,1,1,28,0,high,1.0,
16484,280405,1,2,9,0,55,2,1,1,28,0,low,0.5,
16485,280406,2,5,9,1,65,4,10,1,28,0,low,0.4,
16486,280407,1,1,9,0,25,2,1,1,28,0,high,1.0,
16487,280408,1,1,9,0,30,2,1,1,28,0,high,1.0,
16488,280409,1,1,9,0,55,1,1,1,28,0,high,1.0,
16489,280410,1,2,9,1,70,3,1,1,28,0,low,0.5,
16490,280411,1,1,9,0,55,2,1,1,28,0,high,1.0,
16491,280412,1,2,9,1,35,1,1,1,28,0,low,0.5,
16492,280413,1,1,9,0,55,2,1,1,28,0,high,1.0,
16493,280414,1,3,9,0,70,2,1,1,28,0,low,0.3333333333333333,
16494,280415,1,1,9,0,45,3,1,1,28,0,high,1.0,
16495,280416,1,1,9,0,70,1,1,1,28,0,high,1.0,
16496,280417,1,1,9,0,45,1,2,2,28,0,high,1.0,
16497,280418,1,2,9,6,55,2,10,1,28,0,low,0.5,
16498,280419,2,3,9,6,55,1,10,1,28,0,high,0.6666666666666666,
16499,280420,1,2,9,0,65,1,10,1,28,0,low,0.5,
16500,280421,1,3,9,6,65,1,10,1,28,0,low,0.3333333333333333,
16501,280422,1,1,9,0,55,1,1,1,28,0,high,1.0,
16502,280423,1,2,9,6,35,3,2,2,28,0,low,0.5,
16503,280424,2,2,9,0,55,1,1,1,28,0,high,1.0,
16504,280425,1,1,9,0,45,2,1,1,28,1,high,1.0,
16505,280426,1,1,10,0,70,1,1,1,28,0,high,1.0,
16506,280427,1,2,10,2,55,1,1,1,28,0,low,0.5,
16507,280428,1,1,10,0,70,1,10,1,28,1,high,1.0,
16508,280429,2,7,10,6,55,1,10,1,28,0,low,0.2857142857142857,
16509,280430,1,1,10,0,35,1,10,1,28,0,high,1.0,
16510,280431,1,1,10,0,70,1,1,1,28,0,high,1.0,
16511,280432,2,3,10,2,35,2,1,1,28,1,high,0.6666666666666666,
16512,280433,1,1,10,0,55,2,10,1,28,0,high,1.0,
16513,280434,1,1,10,0,55,1,10,1,28,0,high,1.0,
16514,280435,2,2,10,2,55,1,1,1,28,0,high,1.0,
16515,280436,1,1,10,0,55,1,1,1,28,0,high,1.0,
16516,280437,1,2,10,0,70,2,10,1,28,0,low,0.5,
16517,280438,1,1,10,0,55,2,10,1,28,0,high,1.0,
16518,280439,1,1,10,0,55,2,1,1,28,1,high,1.0,
16519,280440,1,1,10,0,55,1,1,1,28,1,high,1.0,
16520,280441,1,2,10,6,65,2,1,1,28,0,low,0.5,
16521,280442,1,3,10,1,55,2,1,1,28,0,low,0.3333333333333333,
16522,280443,1,1,10,0,35,1,1,1,28,1,high,1.0,
16523,280444,1,3,9,2,35,1,2,2,28,0,low,0.3333333333333333,
16524,280445,1,1,10,0,50,2,1,1,28,0,high,1.0,
16525,280446,1,2,10,2,45,2,1,1,28,0,low,0.5,
16526,280447,1,3,10,2,55,1,1,1,28,0,low,0.3333333333333333,
16527,280448,1,1,10,0,35,2,1,1,28,0,high,1.0,
16528,280449,1,1,10,0,30,1,1,1,28,0,high,1.0,
16529,280450,1,1,10,0,70,1,1,1,28,0,high,1.0,
16530,280451,1,1,10,0,55,1,1,1,28,0,high,1.0,
16531,280452,2,3,10,2,70,2,1,1,28,0,high,0.6666666666666666,
16532,280453,1,3,10,6,55,1,1,1,28,0,low,0.3333333333333333,
16533,280454,1,1,10,0,55,2,1,1,28,0,high,1.0,
16534,280455,1,3,10,0,70,2,1,1,28,0,low,0.3333333333333333,
16535,280456,1,5,10,0,65,1,1,1,28,0,low,0.2,
16536,280457,1,1,10,0,55,2,1,1,28,0,high,1.0,
16537,280458,1,3,10,1,70,1,1,1,28,0,low,0.3333333333333333,
16538,280459,1,3,10,1,70,1,1,1,28,0,low,0.3333333333333333,
16539,280460,1,2,10,2,45,1,1,1,28,0,low,0.5,
16540,280461,1,1,10,0,45,1,1,1,28,1,high,1.0,
16541,280462,1,1,10,0,55,1,1,1,28,0,high,1.0,
16542,280463,1,1,10,0,50,2,1,1,28,0,high,1.0,
16543,280464,1,2,10,0,55,1,1,1,28,0,low,0.5,
16544,280465,1,1,10,0,45,3,1,1,28,0,high,1.0,
16545,280466,1,3,10,6,55,2,1,1,28,0,low,0.3333333333333333,
16546,280467,1,1,10,0,45,2,10,1,28,0,high,1.0,
16547,280468,1,1,10,0,45,4,10,1,28,1,high,1.0,
16548,280469,1,4,10,6,55,1,1,1,28,1,low,0.25,
16549,280470,1,3,10,2,35,3,2,2,28,1,low,0.3333333333333333,
16550,280471,3,6,10,6,55,2,2,2,28,0,low,0.5,
16551,280472,1,1,10,0,55,2,2,2,28,0,high,1.0,
16552,280473,1,4,10,0,55,1,2,2,28,1,low,0.25,
16553,280474,2,2,10,0,55,1,2,2,28,0,high,1.0,
16554,280475,1,1,10,0,40,1,1,2,28,0,high,1.0,
16555,280476,1,2,10,2,55,1,10,2,28,1,low,0.5,
16556,280477,1,1,10,0,55,1,2,2,28,0,high,1.0,
16557,280478,1,2,10,0,55,1,10,2,28,0,low,0.5,
16558,280479,1,29,10,6,55,1,1,2,28,0,low,0.034482758620689655,
16559,280480,1,2,10,0,35,1,1,1,28,1,low,0.5,
16560,280481,1,1,10,0,35,3,1,1,28,0,high,1.0,
16561,280482,1,1,10,0,55,2,1,1,28,0,high,1.0,
16562,280483,1,1,10,0,65,2,10,2,28,0,high,1.0,
16563,280484,1,1,11,0,55,2,2,2,28,0,high,1.0,
16564,280485,1,2,11,1,65,5,10,2,28,0,low,0.5,
16565,280486,1,1,11,0,45,2,1,1,28,0,high,1.0,
16566,280487,2,2,11,0,65,1,1,1,28,0,high,1.0,
16567,280488,2,7,11,1,70,2,2,2,28,0,low,0.2857142857142857,
16568,280489,1,1,11,0,35,2,1,1,28,0,high,1.0,
16569,280490,1,4,11,2,55,1,10,1,28,0,low,0.25,
16570,280491,1,2,11,0,65,2,1,1,28,0,low,0.5,
16571,280492,1,3,11,2,55,2,2,2,28,0,low,0.3333333333333333,
16572,280493,1,2,11,0,55,2,2,2,28,0,low,0.5,
16573,280494,1,3,11,2,45,4,1,1,28,0,low,0.3333333333333333,
16574,280495,1,4,11,0,35,2,1,1,28,0,low,0.25,
16575,280496,1,1,11,0,45,2,1,1,28,0,high,1.0,
16576,280497,2,2,11,2,55,2,1,1,28,0,high,1.0,
16577,280498,2,3,11,6,55,1,1,1,28,0,high,0.6666666666666666,
16578,280499,1,1,11,0,65,2,10,1,28,0,high,1.0,
16579,280500,3,7,11,2,55,1,10,1,28,0,low,0.42857142857142855,
16580,280501,1,1,11,0,55,2,1,1,28,0,high,1.0,
16581,280502,1,3,11,6,55,1,1,1,28,0,low,0.3333333333333333,
16582,280503,2,3,11,6,65,1,1,1,28,0,high,0.6666666666666666,
16583,280504,1,1,11,0,55,2,2,2,28,0,high,1.0,
16584,280505,1,1,11,0,35,1,1,1,28,0,high,1.0,
16585,280506,1,3,11,6,65,1,10,1,28,0,low,0.3333333333333333,
16586,280507,1,1,11,0,55,2,1,1,28,1,high,1.0,
16587,280508,1,2,11,1,45,1,1,1,28,0,low,0.5,
16588,280509,1,1,11,0,45,3,1,1,28,0,high,1.0,
16589,280510,1,1,11,0,55,1,1,1,28,0,high,1.0,
16590,280511,1,1,11,0,40,1,1,1,28,0,high,1.0,
16591,280512,1,1,11,0,55,1,1,1,28,0,high,1.0,
16592,280513,1,1,11,0,50,3,1,1,28,0,high,1.0,
16593,280514,1,2,11,0,55,2,1,1,28,1,low,0.5,
16594,280515,2,3,11,6,65,1,1,1,28,0,high,0.6666666666666666,
16595,280516,1,2,11,6,40,3,1,1,28,0,low,0.5,
16596,280517,1,1,11,0,45,2,1,1,28,0,high,1.0,
16597,280518,1,1,11,0,70,3,1,1,28,1,high,1.0,
16598,280519,1,2,11,6,25,1,1,1,28,0,low,0.5,
16599,280520,1,1,11,0,55,1,10,2,28,1,high,1.0,
16600,280521,1,1,11,0,65,2,1,1,28,0,high,1.0,
16601,280522,1,1,11,0,55,2,10,1,28,0,high,1.0,
16602,280523,1,1,11,0,55,2,2,2,28,0,high,1.0,
16603,280524,1,2,12,2,45,1,1,1,28,1,low,0.5,
16604,280525,1,1,10,0,35,1,1,1,28,0,high,1.0,
16605,280526,1,2,11,1,65,2,1,1,28,0,low,0.5,
16606,280527,1,3,11,6,35,1,10,1,28,0,low,0.3333333333333333,
16607,280528,1,4,11,0,45,2,1,1,28,1,low,0.25,
16608,280529,1,1,11,0,55,2,1,2,28,0,high,1.0,
16609,280530,1,1,12,0,55,2,2,2,28,0,high,1.0,
16610,280531,1,2,12,1,70,1,1,1,28,0,low,0.5,
16611,280532,1,2,12,2,55,1,1,1,28,0,low,0.5,
16612,280533,1,2,12,0,55,2,10,1,28,0,low,0.5,
16613,280534,1,2,12,6,65,1,1,1,28,0,low,0.5,
16614,280535,1,1,12,0,98,3,1,1,28,0,high,1.0,
16615,280536,1,4,12,0,70,2,10,1,28,0,low,0.25,
16616,280537,1,3,11,2,55,1,1,1,28,0,low,0.3333333333333333,
16617,280538,1,1,10,0,45,2,1,1,28,0,high,1.0,
16618,280539,1,2,10,0,45,1,1,1,28,0,low,0.5,
16619,280540,1,3,10,7,55,1,10,2,28,0,low,0.3333333333333333,
16620,280541,1,4,11,2,55,1,1,1,28,1,low,0.25,
16621,280542,1,3,11,1,55,1,1,1,28,1,low,0.3333333333333333,
16622,280543,1,2,12,6,65,1,1,1,28,0,low,0.5,
16623,280544,1,1,12,0,65,2,5,1,28,1,high,1.0,
16624,280545,1,1,12,0,45,2,1,1,28,0,high,1.0,
16625,280546,2,3,12,2,45,1,5,1,28,0,high,0.6666666666666666,
16626,280547,1,3,12,6,65,1,5,1,28,0,low,0.3333333333333333,
16627,280548,1,2,12,2,35,1,10,1,28,0,low,0.5,
16628,280549,1,3,12,0,55,2,1,1,28,0,low,0.3333333333333333,
16629,280550,1,1,12,0,50,1,98,98,28,0,high,1.0,
16630,280551,1,3,12,1,70,2,1,1,28,0,low,0.3333333333333333,
16631,280552,1,1,12,0,55,2,1,1,28,0,high,1.0,
16632,280553,1,4,12,2,55,2,10,1,28,0,low,0.25,
16633,280554,1,3,12,6,55,1,1,1,28,0,low,0.3333333333333333,
16634,280555,1,2,12,2,55,2,1,1,28,1,low,0.5,
16635,280556,2,2,12,0,40,1,1,1,28,0,high,1.0,
16636,280557,1,2,12,6,55,1,1,1,28,0,low,0.5,
16637,280558,1,2,12,1,65,1,1,1,28,0,low,0.5,
16638,280559,1,1,12,0,35,2,1,1,28,0,high,1.0,
16639,280560,1,3,12,2,55,1,1,1,28,0,low,0.3333333333333333,
16640,280561,1,3,12,6,55,2,10,2,28,0,low,0.3333333333333333,
16641,280562,1,3,12,0,55,2,10,2,28,0,low,0.3333333333333333,
16642,280563,1,1,12,0,65,2,2,2,28,0,high,1.0,
16643,280564,1,3,12,0,35,2,2,2,28,0,low,0.3333333333333333,
16644,280565,1,1,12,0,98,3,10,2,28,0,high,1.0,
16645,280566,2,3,12,6,65,2,1,1,28,0,high,0.6666666666666666,
16646,280567,1,1,12,0,65,2,10,1,28,0,high,1.0,
16647,280568,2,2,12,0,40,2,1,1,28,1,high,1.0,
16648,280569,1,3,12,6,65,2,1,1,28,0,low,0.3333333333333333,
16649,280570,1,1,12,0,55,1,10,1,28,1,high,1.0,
16650,280571,1,2,12,0,55,2,2,2,28,0,low,0.5,
16651,280572,2,2,12,0,55,1,1,2,28,0,high,1.0,
16652,280573,1,2,12,2,35,1,2,2,28,0,low,0.5,
16653,280574,1,1,12,0,35,3,10,1,28,1,high,1.0,
16654,280575,1,3,1,0,55,2,1,1,28,0,low,0.3333333333333333,
16655,280577,1,1,3,0,98,2,1,1,28,0,high,1.0,
16656,280578,1,2,3,0,50,1,1,1,28,0,low,0.5,
16657,280579,1,2,5,0,55,1,2,6,28,0,low,0.5,
16658,280580,1,4,6,0,70,2,10,2,28,0,low,0.25,
16659,280581,1,1,7,0,55,5,1,1,28,1,high,1.0,
16660,280582,1,1,7,0,70,1,10,1,28,0,high,1.0,
16661,280583,1,4,7,0,70,1,1,1,28,0,low,0.25,
16662,280584,1,3,8,0,25,3,1,1,28,1,low,0.3333333333333333,
16663,280585,1,2,8,0,25,1,1,1,28,0,low,0.5,
16664,280586,1,5,8,6,45,1,2,2,28,0,low,0.2,
16665,280587,1,1,8,0,45,2,2,2,28,0,high,1.0,
16666,280588,1,2,9,0,65,1,1,1,28,0,low,0.5,
16667,280589,1,4,9,0,60,3,1,1,28,1,low,0.25,
16668,280590,1,1,9,0,40,1,1,1,28,0,high,1.0,
16669,280591,1,1,9,0,45,1,1,1,28,0,high,1.0,
16670,280592,1,1,10,0,55,2,1,1,28,0,high,1.0,
16671,280593,1,3,10,0,55,1,1,1,28,1,low,0.3333333333333333,
16672,280594,1,2,10,0,55,1,1,1,28,0,low,0.5,
16673,280595,1,1,10,0,55,1,2,2,28,1,high,1.0,
16674,280596,1,1,11,0,40,2,5,2,28,1,high,1.0,
16675,280597,1,2,11,0,70,3,1,1,28,1,low,0.5,
16676,280598,1,4,11,0,65,1,1,1,28,0,low,0.25,
16677,280599,1,2,11,0,45,2,1,1,28,0,low,0.5,
16678,280600,1,1,11,0,55,1,1,1,28,0,high,1.0,
16679,280601,1,1,11,0,70,1,1,1,28,0,high,1.0,
16680,280602,1,1,11,0,55,2,1,1,28,0,high,1.0,
16681,280603,1,2,12,0,45,2,1,1,28,1,low,0.5,
16682,280604,1,3,12,2,55,1,2,2,28,0,low,0.3333333333333333,