,ST_CASE,FATALS,PERSONS,MONTH,MAN_COLL,VSPD_LIM,LGT_COND,WEATHER,VSURCOND,STATE,DRUNK_DR,rate,rate_numerical,arrival_time
17080,290408,1,3,7,0,65,1,1,1,29,0,low,0.3333333333333333,
17081,290409,1,1,7,0,55,1,1,1,29,0,high,1.0,
17082,290410,1,1,7,0,55,2,1,1,29,0,high,1.0,
17083,290411,1,2,7,0,70,1,10,1,29,0,low,0.5,
17084,290412,1,1,7,0,60,2,1,1,29,1,high,1.0,
17085,290413,1,1,8,0,55,2,1,1,29,1,high,1.0,
17086,290414,1,4,7,2,55,1,1,1,29,0,low,0.25,
17087,290415,4,4,8,2,70,2,10,1,29,1,high,1.0,
17088,290416,1,5,8,6,30,1,1,1,29,0,low,0.2,
17089,290417,1,1,8,0,55,1,1,1,29,0,high,1.0,
17090,290418,1,1,5,0,35,3,10,1,29,0,high,1.0,
17091,290419,1,3,6,6,45,1,1,1,29,0,low,0.3333333333333333,
17092,290420,1,6,6,1,55,1,10,1,29,0,low,0.16666666666666666,
17093,290421,1,2,6,6,35,3,2,2,29,1,low,0.5,
17094,290422,1,1,6,0,40,2,1,1,29,0,high,1.0,
17095,290423,1,3,6,6,30,1,1,1,29,0,low,0.3333333333333333,
17096,290424,1,6,7,0,65,3,98,98,29,0,low,0.16666666666666666,
17097,290425,1,3,7,2,65,1,1,1,29,0,low,0.3333333333333333,
17098,290426,1,4,7,6,40,1,1,1,29,0,low,0.25,
17099,290427,1,2,7,6,40,1,1,2,29,0,low,0.5,
17100,290428,1,1,7,0,55,3,10,2,29,0,high,1.0,
17101,290429,1,1,8,0,50,6,1,1,29,1,high,1.0,
17102,290430,1,6,8,6,55,1,1,1,29,0,low,0.16666666666666666,
17103,290431,1,1,8,0,60,3,1,1,29,1,high,1.0,
17104,290432,1,3,8,0,70,2,1,1,29,0,low,0.3333333333333333,
17105,290433,1,2,7,2,50,3,1,1,29,0,low,0.5,
17106,290434,1,4,8,1,60,1,1,1,29,0,low,0.25,
17107,290435,1,1,8,0,55,2,1,1,29,0,high,1.0,
17108,290436,1,5,8,6,65,1,10,1,29,0,low,0.2,
17109,290437,1,5,8,6,65,1,2,2,29,0,low,0.2,
17110,290438,1,1,8,0,55,2,1,1,29,1,high,1.0,
17111,290439,1,2,7,0,60,1,10,1,29,0,low,0.5,
17112,290440,1,1,8,0,55,1,10,1,29,1,high,1.0,
17113,290441,1,3,8,0,70,2,1,1,29,0,low,0.3333333333333333,
17114,290442,1,3,8,6,55,1,10,1,29,0,low,0.3333333333333333,
17115,290443,1,1,8,0,70,2,10,1,29,0,high,1.0,
17116,290444,1,4,8,2,70,1,1,1,29,0,low,0.25,
17117,290445,1,0,6,0,0,1,10,0,29,0,high,inf,
17118,290446,1,3,6,6,35,1,1,1,29,0,low,0.3333333333333333,
17119,290447,1,3,6,0,25,1,1,1,29,0,low,0.3333333333333333,
17120,290448,1,3,7,2,70,2,1,1,29,0,low,0.3333333333333333,
17121,290449,1,1,7,0,60,2,1,1,29,0,high,1.0,
17122,290450,1,1,8,0,30,3,1,1,29,1,high,1.0,
17123,290451,1,4,8,0,35,1,1,1,29,0,low,0.25,
17124,290452,1,1,8,0,60,2,1,2,29,0,high,1.0,
17125,290453,1,1,8,0,35,1,5,1,29,0,high,1.0,
17126,290454,1,1,8,0,55,1,1,1,29,0,high,1.0,
17127,290455,1,1,8,0,25,1,1,1,29,1,high,1.0,
17128,290456,4,4,8,2,70,1,1,1,29,0,high,1.0,
17129,290457,1,3,8,0,55,1,1,1,29,1,low,0.3333333333333333,
17130,290458,1,1,8,0,70,2,1,1,29,1,high,1.0,
17131,290459,1,5,8,0,55,1,1,1,29,0,low,0.2,
17132,290460,2,5,8,2,55,1,1,1,29,0,low,0.4,
17133,290461,1,1,8,0,55,2,1,1,29,0,high,1.0,
17134,290462,1,2,8,0,55,1,1,1,29,1,low,0.5,
17135,290463,1,1,5,0,35,3,10,1,29,0,high,1.0,
17136,290464,1,1,6,0,25,1,10,2,29,0,high,1.0,
17137,290465,1,2,6,0,55,2,10,1,29,0,low,0.5,
17138,290466,1,1,7,0,30,1,1,1,29,0,high,1.0,
17139,290467,1,2,7,0,0,1,1,0,29,0,low,0.5,
17140,290468,1,1,7,0,30,3,1,1,29,1,high,1.0,
17141,290469,1,1,7,0,45,1,10,1,29,1,high,1.0,
17142,290470,1,3,7,6,45,1,1,1,29,0,low,0.3333333333333333,
17143,290471,1,5,7,6,35,1,1,1,29,0,low,0.2,
17144,290472,2,3,7,0,40,1,1,1,29,0,high,0.6666666666666666,
17145,290473,1,2,8,0,60,2,1,1,29,0,low,0.5,
17146,290474,1,1,8,0,45,3,1,1,29,1,high,1.0,
17147,290475,1,2,8,6,35,3,1,1,29,0,low,0.5,
17148,290476,1,1,8,0,45,3,1,1,29,0,high,1.0,
17149,290477,2,5,7,6,45,1,10,2,29,0,low,0.4,
17150,290478,1,2,8,0,70,1,1,1,29,0,low,0.5,
17151,290479,1,1,8,0,65,1,1,1,29,0,high,1.0,
17152,290480,1,1,8,6,60,2,1,1,29,0,high,1.0,
17153,290481,1,1,8,0,70,9,1,1,29,0,high,1.0,
17154,290482,1,3,8,2,65,2,1,1,29,0,low,0.3333333333333333,
17155,290483,1,4,8,0,45,2,1,1,29,1,low,0.25,
17156,290484,1,1,8,0,55,1,1,1,29,0,high,1.0,
17157,290485,2,2,8,0,55,2,1,1,29,1,high,1.0,
17158,290486,1,1,8,0,55,2,1,1,29,1,high,1.0,
17159,290487,1,1,8,0,45,2,1,1,29,0,high,1.0,
17160,290488,2,3,8,2,55,1,1,1,29,0,high,0.6666666666666666,
17161,290489,1,1,8,0,35,3,1,1,29,1,high,1.0,
17162,290491,1,2,8,2,55,1,10,1,29,0,low,0.5,
17163,290492,1,1,8,0,60,1,1,1,29,0,high,1.0,
17164,290493,1,1,8,0,60,2,1,1,29,0,high,1.0,
17165,290494,1,10,8,6,45,1,1,1,29,0,low,0.1,
17166,290495,1,1,8,0,55,1,1,1,29,0,high,1.0,
17167,290496,1,4,7,1,40,1,1,1,29,0,low,0.25,
17168,290497,1,1,7,0,25,1,1,1,29,0,high,1.0,
17169,290498,1,8,6,1,60,1,1,1,29,0,low,0.125,
17170,290499,2,2,8,0,50,2,1,1,29,1,high,1.0,
17171,290500,1,4,8,0,55,2,1,1,29,1,low,0.25,
17172,290502,1,1,8,0,55,1,1,1,29,0,high,1.0,
17173,290503,1,1,8,0,55,1,10,1,29,0,high,1.0,
17174,290504,1,1,8,0,60,1,1,1,29,0,high,1.0,
17175,290505,1,5,8,7,70,1,1,1,29,0,low,0.2,
17176,290506,1,2,8,0,60,1,1,1,29,0,low,0.5,
17177,290507,1,2,8,0,55,2,10,1,29,0,low,0.5,
17178,290508,2,2,8,0,55,1,1,1,29,0,high,1.0,
17179,290509,1,3,8,2,50,1,1,1,29,0,low,0.3333333333333333,
17180,290510,1,1,9,0,70,1,1,1,29,0,high,1.0,
17181,290511,1,1,8,0,60,1,10,1,29,0,high,1.0,
17182,290512,1,2,9,0,55,1,1,1,29,1,low,0.5,
17183,290513,1,3,8,0,50,2,10,1,29,0,low,0.3333333333333333,
17184,290514,1,2,8,2,40,1,1,1,29,0,low,0.5,
17185,290515,1,1,8,0,55,2,1,1,29,0,high,1.0,
17186,290516,1,1,8,0,60,2,1,1,29,0,high,1.0,
17187,290517,1,1,8,0,45,3,2,2,29,1,high,1.0,
17188,290518,1,1,9,0,55,1,1,1,29,0,high,1.0,
17189,290519,1,1,9,0,65,1,1,1,29,0,high,1.0,
17190,290520,1,2,9,6,55,1,1,1,29,0,low,0.5,
17191,290521,1,4,9,0,65,2,1,1,29,0,low,0.25,
17192,290522,1,1,9,0,55,2,1,1,29,0,high,1.0,
17193,290523,1,1,9,0,55,2,1,1,29,1,high,1.0,
17194,290524,1,2,8,6,40,1,1,1,29,0,low,0.5,
17195,290525,1,3,8,6,60,1,10,1,29,0,low,0.3333333333333333,
17196,290526,1,1,9,0,55,1,1,1,29,0,high,1.0,
17197,290527,1,1,9,0,60,2,1,1,29,0,high,1.0,
17198,290528,1,1,9,0,55,2,1,1,29,1,high,1.0,
17199,290529,1,3,8,0,45,1,1,1,29,1,low,0.3333333333333333,
17200,290530,1,3,9,0,35,1,1,1,29,0,low,0.3333333333333333,
17201,290531,1,6,9,0,50,2,10,1,29,0,low,0.16666666666666666,
17202,290532,1,1,9,0,60,1,1,1,29,1,high,1.0,
17203,290533,1,4,9,1,55,1,10,1,29,0,low,0.25,
17204,290534,1,1,9,0,55,1,1,1,29,1,high,1.0,
17205,290535,1,2,9,0,70,1,10,2,29,0,low,0.5,
17206,290536,1,1,9,0,55,1,1,1,29,1,high,1.0,
17207,290537,2,3,9,2,60,1,1,1,29,0,high,0.6666666666666666,
17208,290538,1,2,9,6,55,2,1,1,29,0,low,0.5,
17209,290539,1,1,9,0,45,1,1,1,29,1,high,1.0,
17210,290540,1,1,9,0,55,1,1,1,29,0,high,1.0,
17211,290541,1,2,9,6,55,1,10,1,29,0,low,0.5,
17212,290542,1,2,9,6,55,1,1,1,29,1,low,0.5,
17213,290543,1,3,9,6,65,2,1,1,29,0,low,0.3333333333333333,
17214,290545,1,1,9,0,45,2,1,1,29,1,high,1.0,
17215,290546,1,1,8,0,70,1,2,2,29,0,high,1.0,
17216,290547,1,1,8,0,45,1,1,1,29,0,high,1.0,
17217,290548,1,1,8,0,45,2,1,1,29,1,high,1.0,
17218,290549,1,1,8,0,25,1,1,1,29,0,high,1.0,
17219,290550,1,3,9,2,30,1,10,1,29,0,low,0.3333333333333333,
17220,290551,1,2,9,2,35,1,10,1,29,0,low,0.5,
17221,290552,1,2,9,0,55,3,1,1,29,0,low,0.5,
17222,290553,1,3,9,6,35,1,1,1,29,0,low,0.3333333333333333,
17223,290554,1,1,9,0,55,2,10,1,29,1,high,1.0,
17224,290555,1,2,9,0,55,1,1,1,29,0,low,0.5,
17225,290556,1,1,9,0,55,1,1,1,29,0,high,1.0,
17226,290557,1,3,9,8,65,1,1,1,29,1,low,0.3333333333333333,
17227,290558,2,6,9,7,65,2,1,1,29,1,low,0.3333333333333333,
17228,290559,1,1,9,1,55,1,1,1,29,0,high,1.0,
17229,290560,1,3,9,0,55,1,1,1,29,0,low,0.3333333333333333,
17230,290561,2,3,9,6,50,1,1,1,29,0,high,0.6666666666666666,
17231,290562,1,3,9,0,70,1,1,1,29,0,low,0.3333333333333333,
17232,290563,1,3,9,1,55,2,1,1,29,2,low,0.3333333333333333,
17233,290564,1,1,9,0,70,1,10,1,29,0,high,1.0,
17234,290565,1,1,7,0,35,3,1,1,29,0,high,1.0,
17235,290566,1,3,8,1,35,1,2,2,29,0,low,0.3333333333333333,
17236,290567,1,4,8,6,25,3,1,1,29,1,low,0.25,
17237,290568,1,1,8,0,55,1,10,1,29,0,high,1.0,
17238,290569,1,2,9,7,45,1,1,1,29,1,low,0.5,
17239,290570,1,1,9,0,65,2,1,1,29,0,high,1.0,
17240,290572,1,2,9,2,55,1,10,1,29,0,low,0.5,
17241,290573,1,1,9,0,55,1,10,2,29,0,high,1.0,
17242,290574,1,2,10,0,65,2,1,1,29,0,low,0.5,
17243,290575,1,2,9,0,40,2,1,1,29,1,low,0.5,
17244,290576,1,2,10,0,55,1,10,1,29,0,low,0.5,
17245,290577,1,2,10,1,65,2,1,1,29,1,low,0.5,
17246,290578,1,1,10,0,50,9,10,1,29,1,high,1.0,
17247,290579,1,1,8,0,50,2,1,1,29,1,high,1.0,
17248,290581,1,2,10,0,60,1,1,1,29,0,low,0.5,
17249,290582,1,3,10,6,55,1,1,1,29,0,low,0.3333333333333333,
17250,290583,1,1,10,0,60,9,1,1,29,0,high,1.0,
17251,290584,1,1,10,0,70,1,1,1,29,0,high,1.0,
17252,290586,1,1,10,0,55,1,1,1,29,0,high,1.0,
17253,290587,1,1,10,0,40,2,10,1,29,1,high,1.0,
17254,290588,1,1,10,0,55,2,1,1,29,0,high,1.0,
17255,290589,1,4,10,0,55,2,1,1,29,0,low,0.25,
17256,290590,1,2,10,2,55,1,1,1,29,1,low,0.5,
17257,290591,1,2,6,1,55,1,1,1,29,0,low,0.5,
17258,290592,1,1,9,0,45,2,1,1,29,0,high,1.0,
17259,290593,1,1,9,0,35,2,1,1,29,1,high,1.0,
17260,290594,1,1,9,0,25,1,1,1,29,0,high,1.0,
17261,290595,1,2,10,2,45,1,1,1,29,0,low,0.5,
17262,290596,1,1,10,0,35,1,1,1,29,0,high,1.0,
17263,290597,1,1,10,0,35,3,1,1,29,0,high,1.0,
17264,290598,1,11,10,6,60,1,1,1,29,0,low,0.09090909090909091,
17265,290599,1,3,10,6,55,1,1,1,29,0,low,0.3333333333333333,
17266,290600,1,1,10,0,55,9,1,1,29,0,high,1.0,
17267,290601,2,3,10,0,65,1,1,1,29,0,high,0.6666666666666666,
17268,290602,1,1,10,0,55,1,1,1,29,0,high,1.0,
17269,290603,2,6,10,2,55,1,1,1,29,0,low,0.3333333333333333,
17270,290604,1,1,10,0,50,2,1,2,29,1,high,1.0,
17271,290605,1,1,10,0,70,1,1,1,29,0,high,1.0,
17272,290606,1,2,10,0,55,1,1,1,29,1,low,0.5,
17273,290607,1,1,10,0,65,2,1,1,29,0,high,1.0,
17274,290608,1,1,10,0,65,2,1,1,29,0,high,1.0,
17275,290609,1,1,10,0,70,1,1,1,29,0,high,1.0,
17276,290610,1,6,9,0,55,3,1,1,29,0,low,0.16666666666666666,
17277,290611,1,2,9,6,55,1,1,1,29,0,low,0.5,
17278,290612,1,1,9,0,35,3,1,1,29,0,high,1.0,
17279,290613,1,7,10,6,35,1,10,1,29,1,low,0.14285714285714285,
17280,290614,1,4,10,6,25,3,1,1,29,0,low,0.25,
17281,290615,1,2,10,0,55,3,1,1,29,1,low,0.5,
17282,290616,1,12,9,6,35,3,1,1,29,0,low,0.08333333333333333,
17283,290617,1,1,9,0,70,1,10,1,29,1,high,1.0,
17284,290618,2,2,10,0,0,1,1,0,29,0,high,1.0,
17285,290619,3,4,10,2,60,1,1,1,29,0,high,0.75,
17286,290620,1,1,10,0,45,2,1,1,29,0,high,1.0,
17287,290621,1,1,10,0,65,2,1,1,29,0,high,1.0,
17288,290622,1,2,10,0,70,2,1,1,29,0,low,0.5,
17289,290623,1,1,10,0,45,3,1,1,29,0,high,1.0,
17290,290624,1,6,10,6,60,3,1,1,29,0,low,0.16666666666666666,
17291,290625,2,2,10,0,55,1,1,1,29,0,high,1.0,
17292,290626,2,2,10,0,65,2,10,10,29,1,high,1.0,
17293,290627,1,6,10,7,55,2,10,1,29,0,low,0.16666666666666666,
17294,290628,1,1,10,0,30,3,1,1,29,0,high,1.0,
17295,290629,1,2,10,0,60,1,10,1,29,1,low,0.5,
17296,290630,1,6,9,0,55,3,1,1,29,0,low,0.16666666666666666,
17297,290631,2,8,9,6,45,1,1,1,29,0,low,0.25,
17298,290633,1,2,10,0,40,2,1,1,29,0,low,0.5,
17299,290634,1,5,10,0,30,1,2,2,29,0,low,0.2,
17300,290635,1,1,10,0,35,2,1,1,29,0,high,1.0,
17301,290636,1,3,10,2,55,3,10,1,29,1,low,0.3333333333333333,
17302,290637,1,2,10,6,45,1,1,1,29,0,low,0.5,
17303,290638,1,1,10,0,98,2,1,1,29,0,high,1.0,
17304,290639,1,3,10,1,55,2,1,1,29,0,low,0.3333333333333333,
17305,290640,1,2,10,6,55,2,1,1,29,0,low,0.5,
17306,290641,1,1,10,0,60,2,2,2,29,0,high,1.0,
17307,290642,1,2,10,0,65,3,1,1,29,0,low,0.5,
17308,290643,2,10,10,7,70,1,2,2,29,0,low,0.2,
17309,290644,1,4,10,6,55,1,1,1,29,0,low,0.25,
17310,290645,1,4,10,2,60,1,1,1,29,0,low,0.25,
17311,290646,1,1,11,0,55,2,5,1,29,0,high,1.0,
17312,290647,1,2,8,0,60,1,10,1,29,0,low,0.5,
17313,290648,1,6,9,6,55,1,1,1,29,0,low,0.16666666666666666,
17314,290649,1,3,10,1,65,1,10,1,29,1,low,0.3333333333333333,
17315,290650,1,1,10,0,45,2,10,1,29,1,high,1.0,
17316,290651,1,6,10,6,60,2,1,1,29,0,low,0.16666666666666666,
17317,290652,2,2,10,0,65,2,2,2,29,0,high,1.0,
17318,290653,1,2,11,0,35,1,1,1,29,0,low,0.5,
17319,290654,1,1,11,0,45,2,1,1,29,0,high,1.0,
17320,290655,1,3,11,0,55,2,99,99,29,0,low,0.3333333333333333,
17321,290656,1,2,11,0,50,1,1,1,29,0,low,0.5,
17322,290657,1,1,11,6,55,2,10,2,29,0,high,1.0,
17323,290658,2,2,11,0,35,9,99,99,29,1,high,1.0,
17324,290659,1,3,10,0,70,1,10,1,29,0,low,0.3333333333333333,
17325,290660,1,2,10,0,55,1,10,2,29,1,low,0.5,
17326,290661,1,2,11,2,35,1,10,10,29,0,low,0.5,
17327,290662,3,3,11,2,65,1,10,1,29,0,high,1.0,
17328,290663,1,2,11,0,50,1,1,1,29,0,low,0.5,
17329,290664,2,5,11,0,60,1,2,2,29,0,low,0.4,
17330,290665,1,1,11,0,45,1,10,1,29,0,high,1.0,
17331,290666,1,3,11,0,55,2,2,2,29,0,low,0.3333333333333333,
17332,290667,1,1,11,0,60,1,1,1,29,1,high,1.0,
17333,290668,1,2,11,0,55,2,1,1,29,0,low,0.5,
17334,290669,1,3,10,6,45,1,1,1,29,0,low,0.3333333333333333,
17335,290670,1,1,10,0,55,1,1,1,29,0,high,1.0,
17336,290672,2,3,11,6,45,1,1,1,29,0,high,0.6666666666666666,
17337,290673,1,1,11,0,55,1,10,1,29,0,high,1.0,
17338,290674,1,5,11,1,55,1,1,1,29,0,low,0.2,
17339,290675,1,2,11,0,55,1,1,1,29,0,low,0.5,
17340,290676,1,1,11,0,45,1,1,1,29,0,high,1.0,
17341,290677,1,1,11,0,65,2,1,1,29,0,high,1.0,
17342,290678,1,3,11,6,35,1,10,1,29,0,low,0.3333333333333333,
17343,290679,1,2,11,1,45,2,1,1,29,0,low,0.5,
17344,290680,1,1,11,0,50,1,10,1,29,1,high,1.0,
17345,290681,1,1,11,0,55,1,10,2,29,0,high,1.0,
17346,290682,1,1,11,0,65,2,2,2,29,0,high,1.0,
17347,290683,1,4,7,6,45,1,1,1,29,0,low,0.25,
17348,290684,1,1,9,0,35,1,10,1,29,0,high,1.0,
17349,290685,1,1,9,0,35,3,1,1,29,0,high,1.0,
17350,290686,1,2,10,6,40,3,1,1,29,0,low,0.5,
17351,290687,1,1,10,0,25,1,1,1,29,0,high,1.0,
17352,290688,1,1,10,0,30,3,1,1,29,0,high,1.0,
17353,290689,1,2,10,6,35,1,1,1,29,0,low,0.5,
17354,290690,2,5,10,6,25,3,1,1,29,0,low,0.4,
17355,290691,1,2,10,6,60,1,1,1,29,0,low,0.5,
17356,290692,1,3,10,6,25,1,2,2,29,0,low,0.3333333333333333,
17357,290694,1,1,11,0,30,3,1,1,29,0,high,1.0,
17358,290695,1,3,11,6,65,1,2,2,29,0,low,0.3333333333333333,
17359,290696,1,2,10,6,35,3,1,1,29,1,low,0.5,
17360,290697,1,1,10,0,65,2,1,1,29,0,high,1.0,
17361,290698,1,1,11,0,55,3,1,1,29,0,high,1.0,
17362,290699,1,1,11,0,40,2,1,1,29,0,high,1.0,
17363,290700,1,2,11,2,55,2,1,1,29,0,low,0.5,
17364,290701,2,3,11,6,60,1,1,1,29,0,high,0.6666666666666666,
17365,290702,1,3,11,6,45,1,10,1,29,0,low,0.3333333333333333,
17366,290703,1,3,11,0,60,2,10,1,29,0,low,0.3333333333333333,
17367,290704,1,1,11,0,55,2,1,1,29,1,high,1.0,
17368,290705,1,1,11,0,0,1,1,0,29,0,high,1.0,
17369,290706,1,2,11,0,55,1,1,1,29,1,low,0.5,
17370,290707,1,3,9,6,40,1,1,1,29,0,low,0.3333333333333333,
17371,290709,1,2,11,6,55,2,1,1,29,0,low,0.5,
17372,290710,2,5,11,6,55,2,1,1,29,0,low,0.4,
17373,290711,1,2,11,2,55,1,1,1,29,0,low,0.5,
17374,290712,1,3,11,2,60,2,1,1,29,0,low,0.3333333333333333,
17375,290713,1,2,11,2,55,2,10,1,29,0,low,0.5,
17376,290714,1,1,11,0,55,2,10,1,29,1,high,1.0,
17377,290715,1,1,11,0,60,2,10,2,29,0,high,1.0,
17378,290716,1,3,11,2,55,1,2,2,29,0,low,0.3333333333333333,
17379,290717,1,3,11,0,70,1,2,2,29,0,low,0.3333333333333333,
17380,290718,1,5,11,6,60,1,2,2,29,0,low,0.2,
17381,290719,1,1,11,0,60,2,5,2,29,0,high,1.0,
17382,290720,1,3,11,0,50,1,2,2,29,0,low,0.3333333333333333,
17383,290721,1,5,11,6,55,1,10,2,29,0,low,0.2,
17384,290722,1,1,11,0,55,1,10,1,29,0,high,1.0,
17385,290723,1,2,11,6,55,1,1,1,29,0,low,0.5,
17386,290724,1,4,11,6,60,1,1,1,29,0,low,0.25,
17387,290725,1,2,11,6,55,1,10,2,29,0,low,0.5,
17388,290726,1,3,11,0,55,2,2,2,29,0,low,0.3333333333333333,
17389,290727,1,1,12,0,55,2,1,1,29,0,high,1.0,
17390,290729,1,1,12,0,55,2,8,1,29,0,high,1.0,
17391,290730,1,1,12,0,35,1,1,1,29,0,high,1.0,
17392,290731,1,3,12,6,70,3,10,10,29,1,low,0.3333333333333333,
17393,290732,1,1,12,0,55,1,1,1,29,0,high,1.0,
17394,290734,1,1,12,0,55,1,1,1,29,0,high,1.0,
17395,290735,3,3,12,0,55,2,1,1,29,0,high,1.0,
17396,290736,1,2,12,0,50,1,1,1,29,1,low,0.5,
17397,290737,1,1,12,0,60,2,10,1,29,0,high,1.0,
17398,290738,1,1,12,0,55,2,10,10,29,0,high,1.0,
17399,290739,1,1,12,0,70,1,1,1,29,0,high,1.0,
17400,290740,1,1,12,0,50,1,1,1,29,0,high,1.0,
17401,290741,1,1,12,0,45,2,1,1,29,0,high,1.0,
17402,290742,1,1,12,0,60,2,10,10,29,0,high,1.0,
17403,290743,1,2,12,0,55,1,10,2,29,0,low,0.5,
17404,290744,1,3,12,6,55,1,1,1,29,0,low,0.3333333333333333,
17405,290745,1,2,10,0,45,1,10,1,29,1,low,0.5,
17406,290746,1,6,10,0,55,3,1,1,29,0,low,0.16666666666666666,
17407,290747,1,2,10,0,35,3,2,2,29,0,low,0.5,
17408,290748,1,3,11,6,55,2,2,2,29,1,low,0.3333333333333333,
17409,290749,1,2,11,6,45,1,1,1,29,0,low,0.5,
17410,290750,1,1,11,0,40,3,10,1,29,1,high,1.0,
17411,290751,1,3,11,7,40,3,10,1,29,0,low,0.3333333333333333,
17412,290752,1,7,11,1,40,3,10,1,29,1,low,0.14285714285714285,
17413,290753,1,1,12,0,0,1,1,0,29,0,high,1.0,
17414,290754,1,5,12,0,40,3,2,2,29,1,low,0.2,
17415,290755,1,3,11,0,55,1,8,2,29,0,low,0.3333333333333333,
17416,290756,1,2,11,0,35,3,1,1,29,0,low,0.5,
17417,290757,1,1,12,0,55,2,10,10,29,0,high,1.0,
17418,290758,1,3,11,6,30,3,2,2,29,1,low,0.3333333333333333,
17419,290759,1,2,12,0,10,1,10,1,29,0,low,0.5,
17420,290760,1,1,12,0,35,3,1,1,29,0,high,1.0,
17421,290761,1,4,12,1,65,2,10,1,29,0,low,0.25,
17422,290762,1,1,12,0,30,2,10,2,29,0,high,1.0,
17423,290763,1,2,9,6,45,1,1,1,29,0,low,0.5,
17424,290764,3,4,12,0,70,2,2,2,29,0,high,0.75,
17425,290765,1,3,12,2,55,2,1,1,29,0,low,0.3333333333333333,
17426,290766,1,2,12,7,70,1,10,1,29,0,low,0.5,
17427,290767,1,2,12,1,60,1,1,1,29,0,low,0.5,
17428,290768,2,3,12,2,55,2,1,1,29,2,high,0.6666666666666666,
17429,290769,1,1,12,0,50,1,10,1,29,1,high,1.0,
17430,290770,1,2,12,0,60,2,2,2,29,0,low,0.5,
17431,290771,1,2,12,0,55,3,10,1,29,0,low,0.5,
17432,290772,1,4,12,6,55,1,1,1,29,0,low,0.25,
17433,290773,2,6,12,2,55,2,1,1,29,1,low,0.3333333333333333,
17434,290774,1,2,12,0,55,1,1,1,29,0,low,0.5,
17435,290775,1,1,12,0,65,2,1,1,29,0,high,1.0,
17436,290776,2,2,12,6,60,1,4,3,29,0,high,1.0,
17437,290777,1,3,12,7,70,1,1,1,29,1,low,0.3333333333333333,
17438,290778,1,1,12,0,55,1,2,2,29,0,high,1.0,
17439,290779,1,2,8,2,35,1,1,1,29,0,low,0.5,
17440,290780,1,3,9,6,0,1,1,0,29,0,low,0.3333333333333333,
17441,290781,1,4,9,2,35,1,1,1,29,0,low,0.25,
17442,290782,1,2,10,0,20,3,1,1,29,0,low,0.5,
17443,290783,1,2,10,6,55,2,1,1,29,0,low,0.5,
17444,290784,1,1,11,0,40,3,10,2,29,1,high,1.0,
17445,290785,1,1,11,0,30,3,10,2,29,1,high,1.0,
17446,290786,1,2,11,0,45,2,1,1,29,0,low,0.5,
17447,290787,1,2,11,0,55,1,1,1,29,0,low,0.5,
17448,290788,1,2,11,2,35,1,1,1,29,0,low,0.5,
17449,290789,1,1,11,0,55,2,1,1,29,0,high,1.0,
17450,290790,1,3,12,6,35,3,1,1,29,0,low,0.3333333333333333,
17451,290791,1,2,12,6,30,3,1,1,29,1,low,0.5,
17452,290792,2,4,12,6,30,3,1,1,29,1,low,0.5,
17453,290793,1,2,12,1,60,1,1,1,29,0,low,0.5,
17454,290795,1,2,11,0,30,2,10,1,29,1,low,0.5,
17455,290796,1,6,12,1,55,3,1,1,29,0,low,0.16666666666666666,
17456,290797,1,2,11,6,45,2,10,1,29,0,low,0.5,
17457,290798,1,2,11,0,30,3,1,1,29,0,low,0.5,
17458,290799,1,1,12,0,55,2,1,1,29,1,high,1.0,
17459,290800,1,2,12,99,30,1,2,2,29,0,low,0.5,
17460,290801,1,7,12,0,55,3,1,1,29,0,low,0.14285714285714285,
17461,290802,1,1,12,0,25,3,8,1,29,1,high,1.0,
17462,290803,1,4,10,0,25,3,10,1,29,0,low,0.25,
17463,290804,1,3,11,6,40,1,10,1,29,0,low,0.3333333333333333,
17464,290805,1,9,12,6,55,2,1,1,29,0,low,0.1111111111111111,
17465,290806,1,2,12,0,65,2,1,1,29,1,low,0.5,
17466,290807,1,1,12,0,65,3,10,1,29,1,high,1.0,
17467,290808,2,2,12,0,40,3,1,1,29,0,high,1.0,
17468,290809,1,1,12,0,35,2,10,2,29,0,high,1.0,
17469,290810,1,1,10,0,35,2,1,1,29,0,high,1.0,