,ST_CASE,FATALS,PERSONS,MONTH,MAN_COLL,VSPD_LIM,LGT_COND,WEATHER,VSURCOND,STATE,DRUNK_DR,rate,rate_numerical,arrival_time
17871,310182,1,4,11,6,40,3,1,1,31,0,low,0.25,
17872,310183,2,2,11,2,60,2,10,1,31,1,high,1.0,
17873,310184,1,2,11,1,65,2,1,1,31,0,low,0.5,
17874,310185,1,1,11,0,75,2,10,1,31,0,high,1.0,
17875,310186,2,4,11,0,65,2,1,1,31,0,low,0.5,
17876,310187,1,5,11,0,75,2,4,3,31,0,low,0.2,
17877,310188,1,1,11,0,65,1,10,2,31,0,high,1.0,
17878,310189,2,2,11,0,75,2,1,1,31,0,high,1.0,
17879,310190,1,3,11,6,60,2,1,1,31,0,low,0.3333333333333333,
17880,310191,1,2,11,2,65,2,1,4,31,1,low,0.5,
17881,310192,1,2,11,2,65,1,1,1,31,0,low,0.5,
17882,310193,1,3,11,6,50,2,1,1,31,1,low,0.3333333333333333,
17883,310194,1,2,11,2,60,1,1,1,31,0,low,0.5,
17884,310195,1,1,11,0,50,1,1,1,31,0,high,1.0,
17885,310196,1,2,11,6,40,5,12,4,31,0,low,0.5,
17886,310197,1,5,11,0,60,3,10,1,31,0,low,0.2,
17887,310198,1,4,12,6,35,1,1,1,31,0,low,0.25,
17888,310199,1,1,12,0,60,2,1,1,31,0,high,1.0,
17889,310200,2,3,12,6,60,2,1,1,31,1,high,0.6666666666666666,
17890,310201,1,3,10,6,35,1,1,1,31,0,low,0.3333333333333333,
17891,310202,1,1,10,6,60,2,1,1,31,0,high,1.0,
17892,310203,1,1,10,0,25,1,1,1,31,0,high,1.0,
17893,310204,1,1,11,0,50,2,1,4,31,1,high,1.0,
17894,310205,2,4,12,1,75,2,1,1,31,0,low,0.5,
17895,310206,1,1,12,0,35,3,10,1,31,0,high,1.0,
17896,310207,2,3,12,6,60,1,2,2,31,0,high,0.6666666666666666,
17897,310208,1,8,12,6,60,2,10,2,31,0,low,0.125,
17898,310209,1,1,11,0,60,5,4,2,31,0,high,1.0,
17899,310210,1,2,12,0,55,2,1,1,31,1,low,0.5,
17900,310211,1,2,12,0,40,3,1,2,31,0,low,0.5,
17901,310212,1,2,12,0,60,1,1,1,31,0,low,0.5,
17902,310213,2,2,12,0,60,1,1,1,31,1,high,1.0,
17903,310214,2,4,12,0,50,2,1,3,31,0,low,0.5,
17904,310215,1,1,12,0,50,2,1,1,31,1,high,1.0,
17905,310216,1,1,10,0,40,3,1,1,31,1,high,1.0,
17906,310217,2,3,12,6,60,4,4,3,31,0,high,0.6666666666666666,
17907,310218,1,3,12,6,35,4,4,3,31,0,low,0.3333333333333333,
17908,310219,1,5,12,6,35,1,1,2,31,0,low,0.2,
17909,320001,1,5,1,2,50,2,1,1,32,0,low,0.2,
17910,320002,1,4,1,2,35,2,1,1,32,1,low,0.25,
17911,320003,1,2,1,0,70,1,1,1,32,0,low,0.5,
17912,320004,1,2,1,0,70,1,1,1,32,0,low,0.5,
17913,320005,1,1,1,0,45,2,1,1,32,1,high,1.0,
17914,320006,1,1,1,0,65,3,1,1,32,1,high,1.0,
17915,320007,1,4,1,0,70,3,10,1,32,0,low,0.25,
17916,320008,1,2,1,0,65,3,1,1,32,0,low,0.5,
17917,320009,1,4,3,2,70,2,1,1,32,0,low,0.25,
17918,320010,1,1,3,0,70,2,1,1,32,1,high,1.0,
17919,320011,1,3,1,0,55,2,1,1,32,1,low,0.3333333333333333,
17920,320012,1,1,1,0,25,2,1,1,32,0,high,1.0,
17921,320013,1,2,2,0,65,1,1,1,32,0,low,0.5,
17922,320014,1,1,2,0,55,2,1,1,32,1,high,1.0,
17923,320015,1,3,2,2,65,2,1,1,32,0,low,0.3333333333333333,
17924,320016,1,10,2,0,65,3,2,2,32,0,low,0.1,
17925,320017,1,1,1,0,35,1,1,1,32,0,high,1.0,
17926,320018,1,1,3,0,35,1,10,1,32,1,high,1.0,
17927,320019,1,1,1,0,45,3,1,1,32,0,high,1.0,
17928,320020,1,3,1,6,45,3,10,1,32,0,low,0.3333333333333333,
17929,320021,1,1,1,0,98,1,1,1,32,1,high,1.0,
17930,320022,1,1,1,0,45,1,1,1,32,0,high,1.0,
17931,320023,1,3,1,6,45,3,1,1,32,0,low,0.3333333333333333,
17932,320024,1,2,1,0,45,5,10,1,32,2,low,0.5,
17933,320025,1,1,1,0,45,3,2,2,32,0,high,1.0,
17934,320026,1,1,1,0,55,2,1,1,32,0,high,1.0,
17935,320027,1,1,1,0,55,3,1,1,32,0,high,1.0,
17936,320028,1,1,2,0,45,1,1,1,32,0,high,1.0,
17937,320029,1,1,2,0,75,2,1,1,32,0,high,1.0,
17938,320030,1,0,2,0,0,3,1,0,32,0,high,inf,
17939,320031,1,1,2,0,75,1,10,1,32,0,high,1.0,
17940,320032,1,3,2,6,0,3,2,0,32,0,low,0.3333333333333333,
17941,320033,2,3,3,6,55,3,1,1,32,1,high,0.6666666666666666,
17942,320034,1,2,3,7,45,5,1,1,32,1,low,0.5,
17943,320035,1,1,3,0,65,1,10,1,32,0,high,1.0,
17944,320036,1,2,3,0,75,2,1,1,32,0,low,0.5,
17945,320037,1,4,3,1,65,3,1,1,32,0,low,0.25,
17946,320038,1,2,3,2,25,1,1,1,32,0,low,0.5,
17947,320039,1,2,3,7,65,1,1,1,32,0,low,0.5,
17948,320040,1,12,3,7,65,3,1,1,32,0,low,0.08333333333333333,
17949,320041,1,4,3,6,65,1,1,1,32,0,low,0.25,
17950,320042,1,1,1,0,45,4,1,1,32,1,high,1.0,
17951,320043,1,1,3,0,75,1,1,1,32,0,high,1.0,
17952,320044,2,2,3,0,45,1,1,1,32,0,high,1.0,
17953,320045,1,1,2,0,45,3,1,1,32,0,high,1.0,
17954,320046,1,2,2,0,45,3,1,1,32,0,low,0.5,
17955,320047,1,5,2,0,45,3,1,1,32,0,low,0.2,
17956,320048,1,2,4,7,65,1,1,1,32,0,low,0.5,
17957,320049,1,3,4,1,65,2,1,1,32,0,low,0.3333333333333333,
17958,320050,1,2,4,2,55,1,1,1,32,0,low,0.5,
17959,320051,1,1,4,0,35,3,7,1,32,1,high,1.0,
17960,320052,4,5,4,2,45,1,1,1,32,0,high,0.8,
17961,320053,1,4,4,2,70,1,1,1,32,1,low,0.25,
17962,320054,1,1,4,0,65,5,1,1,32,1,high,1.0,
17963,320055,1,1,1,0,30,3,1,1,32,0,high,1.0,
17964,320056,1,1,6,0,45,3,1,1,32,1,high,1.0,
17965,320057,1,2,1,6,35,1,10,1,32,0,low,0.5,
17966,320058,1,1,1,0,35,5,1,1,32,0,high,1.0,
17967,320059,1,1,1,0,45,3,1,1,32,0,high,1.0,
17968,320060,1,2,2,0,35,1,10,1,32,0,low,0.5,
17969,320061,1,1,2,0,35,3,1,1,32,0,high,1.0,
17970,320062,1,1,3,0,45,3,10,1,32,1,high,1.0,
17971,320063,1,1,3,0,35,1,1,1,32,1,high,1.0,
17972,320064,1,1,3,0,55,3,1,1,32,0,high,1.0,
17973,320065,2,5,2,11,70,1,1,1,32,0,low,0.4,
17974,320066,1,2,4,6,35,1,1,1,32,0,low,0.5,
17975,320067,1,2,4,1,45,3,1,1,32,1,low,0.5,
17976,320068,1,1,4,0,45,1,10,1,32,0,high,1.0,
17977,320069,1,5,4,0,55,1,1,1,32,0,low,0.2,
17978,320070,1,3,4,6,45,1,10,1,32,2,low,0.3333333333333333,
17979,320071,1,2,5,0,65,3,1,1,32,0,low,0.5,
17980,320072,1,1,4,0,45,3,2,2,32,1,high,1.0,
17981,320073,1,1,4,0,65,5,1,1,32,1,high,1.0,
17982,320074,1,2,4,0,70,1,10,1,32,0,low,0.5,
17983,320075,2,3,5,0,65,1,1,1,32,0,high,0.6666666666666666,
17984,320076,1,2,6,0,75,1,1,1,32,0,low,0.5,
17985,320077,1,1,6,0,50,1,10,1,32,0,high,1.0,
17986,320078,1,2,6,0,70,1,1,1,32,0,low,0.5,
17987,320079,1,1,6,0,70,9,1,1,32,0,high,1.0,
17988,320080,1,3,6,6,65,1,1,1,32,0,low,0.3333333333333333,
17989,320081,2,5,6,0,75,1,1,1,32,0,low,0.4,
17990,320082,1,2,6,0,65,2,1,1,32,0,low,0.5,
17991,320083,1,1,6,0,25,3,1,1,32,0,high,1.0,
17992,320084,1,3,6,0,45,2,1,1,32,1,low,0.3333333333333333,
17993,320085,2,8,5,6,75,1,1,1,32,0,low,0.25,
17994,320086,1,4,5,6,0,1,1,0,32,0,low,0.25,
17995,320087,1,1,5,0,55,1,1,1,32,1,high,1.0,
17996,320088,1,6,5,0,55,1,10,1,32,0,low,0.16666666666666666,
17997,320089,1,3,5,7,55,3,10,1,32,1,low,0.3333333333333333,
17998,320090,1,2,1,6,45,1,1,1,32,0,low,0.5,
17999,320091,1,4,2,6,45,1,1,1,32,0,low,0.25,
18000,320092,1,1,3,0,45,3,1,1,32,1,high,1.0,
18001,320093,1,6,6,0,65,1,1,1,32,0,low,0.16666666666666666,
18002,320094,3,4,5,0,65,1,1,1,32,0,high,0.75,
18003,320095,1,5,5,2,70,1,1,1,32,0,low,0.2,
18004,320096,1,1,5,0,70,1,1,1,32,0,high,1.0,
18005,320097,1,1,6,0,45,3,1,1,32,1,high,1.0,
18006,320098,1,1,3,0,70,1,10,1,32,1,high,1.0,
18007,320099,2,4,5,2,65,2,2,2,32,2,low,0.5,
18008,320100,1,10,6,2,70,2,1,1,32,2,low,0.1,
18009,320101,1,3,6,0,75,4,1,1,32,0,low,0.3333333333333333,
18010,320102,1,3,3,2,70,2,1,1,32,1,low,0.3333333333333333,
18011,320103,1,3,7,0,75,2,1,1,32,0,low,0.3333333333333333,
18012,320104,1,1,6,0,75,1,1,1,32,1,high,1.0,
18013,320105,1,1,6,0,45,1,1,1,32,0,high,1.0,
18014,320106,1,1,6,0,50,1,1,1,32,0,high,1.0,
18015,320107,1,3,7,0,25,1,1,1,32,1,low,0.3333333333333333,
18016,320108,2,8,7,2,45,3,1,1,32,1,low,0.25,
18017,320109,1,1,7,0,0,1,1,0,32,0,high,1.0,
18018,320110,1,3,7,2,65,1,10,1,32,0,low,0.3333333333333333,
18019,320111,1,1,8,0,75,2,1,1,32,0,high,1.0,
18020,320112,1,4,2,2,45,3,1,1,32,0,low,0.25,
18021,320113,2,3,7,0,75,2,10,1,32,0,high,0.6666666666666666,
18022,320114,1,2,4,2,45,1,1,1,32,0,low,0.5,
18023,320115,1,2,5,0,65,2,1,1,32,1,low,0.5,
18024,320116,1,1,7,0,55,4,1,1,32,1,high,1.0,
18025,320117,1,3,8,0,75,2,1,1,32,1,low,0.3333333333333333,
18026,320118,1,3,8,6,75,1,1,1,32,0,low,0.3333333333333333,
18027,320119,1,19,2,6,45,1,1,1,32,0,low,0.05263157894736842,
18028,320120,1,9,6,2,55,1,10,1,32,0,low,0.1111111111111111,
18029,320121,1,2,7,0,70,1,1,1,32,0,low,0.5,
18030,320122,1,2,7,0,65,3,1,1,32,1,low,0.5,
18031,320123,1,1,7,0,70,1,1,1,32,0,high,1.0,
18032,320124,1,1,7,0,70,1,1,1,32,0,high,1.0,
18033,320125,1,1,8,0,75,1,1,1,32,1,high,1.0,
18034,320126,1,3,8,0,65,1,1,1,32,0,low,0.3333333333333333,
18035,320127,1,2,8,0,65,2,1,1,32,1,low,0.5,
18036,320128,1,3,8,0,35,3,1,1,32,0,low,0.3333333333333333,
18037,320129,1,3,9,0,55,1,1,1,32,1,low,0.3333333333333333,
18038,320130,1,2,4,0,35,1,1,1,32,0,low,0.5,
18039,320131,1,1,4,0,45,1,1,1,32,0,high,1.0,
18040,320132,1,1,8,0,45,1,1,1,32,0,high,1.0,
18041,320133,1,1,8,0,45,3,1,1,32,0,high,1.0,
18042,320134,1,4,9,0,70,3,1,1,32,0,low,0.25,
18043,320135,1,2,4,6,25,3,2,2,32,0,low,0.5,
18044,320136,2,4,4,2,45,3,1,1,32,2,low,0.5,
18045,320137,1,2,9,0,35,2,1,1,32,1,low,0.5,
18046,320138,1,4,9,0,25,3,1,1,32,0,low,0.25,
18047,320139,1,2,1,0,40,3,1,1,32,1,low,0.5,
18048,320140,1,2,4,6,45,1,1,1,32,0,low,0.5,
18049,320141,1,2,4,0,45,1,10,1,32,0,low,0.5,
18050,320142,1,3,5,6,45,1,10,1,32,0,low,0.3333333333333333,
18051,320143,1,2,5,0,35,3,1,1,32,0,low,0.5,
18052,320144,1,5,5,1,45,3,10,1,32,1,low,0.2,
18053,320145,1,1,6,0,25,1,1,1,32,0,high,1.0,
18054,320146,1,1,6,0,25,1,1,1,32,0,high,1.0,
18055,320147,1,3,6,2,45,2,1,1,32,0,low,0.3333333333333333,
18056,320148,1,1,6,0,35,1,1,1,32,0,high,1.0,
18057,320149,2,1,6,0,25,1,1,1,32,0,high,2.0,
18058,320150,1,2,7,6,25,1,1,1,32,0,low,0.5,
18059,320151,1,1,8,0,30,1,1,1,32,0,high,1.0,
18060,320152,1,8,8,0,0,3,1,0,32,0,low,0.125,
18061,320153,2,7,9,6,35,1,1,1,32,1,low,0.2857142857142857,
18062,320154,1,4,9,6,0,3,1,0,32,0,low,0.25,
18063,320155,1,1,11,0,45,3,1,1,32,0,high,1.0,
18064,320156,1,1,10,0,75,2,1,1,32,0,high,1.0,
18065,320157,1,3,10,1,45,2,10,1,32,0,low,0.3333333333333333,
18066,320158,1,3,8,1,75,1,1,1,32,0,low,0.3333333333333333,
18067,320159,1,1,4,0,25,1,10,1,32,1,high,1.0,
18068,320160,2,5,8,0,45,3,1,1,32,1,low,0.4,
18069,320161,1,1,2,0,50,1,1,1,32,0,high,1.0,
18070,320162,2,3,2,2,45,1,1,1,32,0,high,0.6666666666666666,
18071,320163,1,1,9,0,45,3,1,1,32,1,high,1.0,
18072,320164,1,1,10,0,70,2,1,1,32,0,high,1.0,
18073,320165,1,2,6,0,55,3,1,1,32,0,low,0.5,
18074,320166,1,6,7,6,70,1,1,1,32,1,low,0.16666666666666666,
18075,320167,1,2,10,0,60,2,1,1,32,0,low,0.5,
18076,320168,1,2,9,0,35,3,1,1,32,0,low,0.5,
18077,320169,1,1,11,0,70,1,1,1,32,1,high,1.0,
18078,320170,1,2,8,0,35,3,10,1,32,0,low,0.5,
18079,320171,1,3,11,0,75,2,1,1,32,0,low,0.3333333333333333,
18080,320172,1,1,8,0,70,1,1,1,32,0,high,1.0,
18081,320173,1,1,11,0,50,2,1,1,32,1,high,1.0,
18082,320174,1,1,11,0,70,2,1,1,32,1,high,1.0,
18083,320175,1,3,10,0,45,3,10,1,32,1,low,0.3333333333333333,
18084,320176,1,4,10,2,55,2,1,1,32,1,low,0.25,
18085,320177,1,2,11,6,35,4,1,1,32,1,low,0.5,
18086,320178,1,2,9,1,75,1,10,1,32,0,low,0.5,
18087,320179,1,2,9,0,55,1,1,1,32,0,low,0.5,
18088,320180,1,1,9,0,25,1,1,1,32,0,high,1.0,
18089,320181,1,3,10,0,98,2,1,1,32,0,low,0.3333333333333333,
18090,320182,1,1,11,0,45,2,1,1,32,0,high,1.0,
18091,320183,2,2,11,0,70,2,1,1,32,0,high,1.0,
18092,320184,1,3,8,0,25,1,1,1,32,0,low,0.3333333333333333,
18093,320185,1,1,9,0,25,3,1,1,32,1,high,1.0,
18094,320186,1,4,6,6,65,1,1,1,32,1,low,0.25,
18095,320187,1,3,7,6,45,1,1,1,32,0,low,0.3333333333333333,
18096,320188,1,1,10,0,25,2,1,1,32,0,high,1.0,
18097,320189,1,1,5,0,35,3,1,1,32,1,high,1.0,
18098,320190,1,2,7,0,35,1,2,2,32,1,low,0.5,
18099,320191,1,2,7,2,45,1,1,1,32,0,low,0.5,
18100,320192,1,1,9,0,45,3,1,1,32,0,high,1.0,
18101,320193,1,1,9,0,45,3,1,1,32,1,high,1.0,
18102,320194,1,2,7,0,25,3,10,1,32,0,low,0.5,
18103,320195,1,2,5,6,45,1,10,1,32,0,low,0.5,
18104,320196,1,1,7,0,35,1,1,1,32,0,high,1.0,
18105,320197,1,1,7,0,50,5,1,1,32,1,high,1.0,
18106,320198,1,2,7,6,35,3,10,1,32,0,low,0.5,
18107,320199,1,1,7,0,25,3,10,1,32,0,high,1.0,
18108,320200,2,1,8,0,35,3,1,1,32,0,high,2.0,
18109,320201,1,1,8,0,35,3,1,1,32,0,high,1.0,
18110,320202,1,1,9,0,45,3,1,1,32,0,high,1.0,
18111,320203,1,1,9,0,45,3,1,1,32,0,high,1.0,
18112,320204,1,2,9,0,25,3,1,1,32,1,low,0.5,
18113,320205,1,1,10,0,45,3,1,1,32,0,high,1.0,
18114,320206,1,8,7,6,0,5,1,0,32,0,low,0.125,
18115,320207,1,2,9,0,40,3,10,1,32,0,low,0.5,
18116,320208,1,2,9,6,45,1,1,1,32,0,low,0.5,
18117,320209,1,4,9,6,45,1,1,1,32,0,low,0.25,
18118,320210,1,3,9,2,35,1,1,1,32,1,low,0.3333333333333333,
18119,320211,1,1,10,0,45,1,1,1,32,1,high,1.0,
18120,320212,1,8,10,6,55,1,1,1,32,0,low,0.125,
18121,320213,1,1,11,0,45,3,1,1,32,0,high,1.0,
18122,320214,1,2,10,6,45,1,1,1,32,0,low,0.5,
18123,320215,1,2,10,8,60,6,1,1,32,0,low,0.5,
18124,320216,1,1,10,0,35,3,1,1,32,1,high,1.0,
18125,320217,1,3,11,0,35,2,1,1,32,0,low,0.3333333333333333,
18126,320218,1,2,11,0,35,3,1,1,32,1,low,0.5,
18127,320219,1,1,11,0,45,3,1,1,32,0,high,1.0,
18128,320220,1,2,9,0,65,1,1,1,32,1,low,0.5,
18129,320221,1,1,11,0,0,1,10,0,32,0,high,1.0,
18130,320222,2,4,10,0,35,3,1,1,32,0,low,0.5,
18131,320223,1,1,11,0,35,1,1,1,32,1,high,1.0,
18132,320224,1,4,10,0,45,1,1,1,32,0,low,0.25,
18133,320225,1,1,10,0,25,1,10,1,32,1,high,1.0,
18134,320226,1,5,8,1,45,1,1,1,32,0,low,0.2,
18135,320227,1,5,10,0,45,2,10,1,32,2,low,0.2,
18136,320228,1,2,12,6,45,1,1,1,32,0,low,0.5,
18137,320229,1,1,8,0,25,1,1,1,32,1,high,1.0,
18138,320230,1,1,10,0,45,3,1,1,32,0,high,1.0,
18139,320231,1,1,10,0,30,3,1,1,32,0,high,1.0,
18140,320232,1,1,10,0,45,3,2,2,32,0,high,1.0,
18141,320233,1,3,11,6,45,1,1,1,32,0,low,0.3333333333333333,
18142,320234,1,5,10,6,45,1,1,1,32,1,low,0.2,
18143,320235,3,7,10,0,70,1,10,1,32,1,low,0.42857142857142855,
18144,320236,1,2,12,1,35,3,10,1,32,1,low,0.5,
18145,320237,1,1,12,0,35,3,1,1,32,1,high,1.0,
18146,320238,1,3,9,0,15,3,1,1,32,0,low,0.3333333333333333,
18147,320239,1,5,11,6,35,3,1,1,32,1,low,0.2,
18148,320240,1,1,9,0,0,1,1,0,32,0,high,1.0,
18149,320241,1,2,11,6,45,3,1,1,32,1,low,0.5,
18150,320242,1,1,11,0,45,3,1,1,32,0,high,1.0,
18151,320243,1,2,12,0,55,2,1,1,32,0,low,0.5,
18152,320244,1,1,12,0,55,3,99,99,32,1,high,1.0,
18153,320245,1,2,9,6,35,3,1,1,32,1,low,0.5,
18154,320246,1,1,11,0,50,2,1,1,32,0,high,1.0,
18155,320247,2,4,11,6,70,1,4,10,32,0,low,0.5,
18156,320248,1,4,12,1,75,2,10,2,32,0,low,0.25,
18157,320249,1,2,12,6,55,1,1,1,32,0,low,0.5,
18158,320250,1,2,12,1,55,3,1,1,32,1,low,0.5,
18159,320251,1,3,10,7,65,3,1,1,32,1,low,0.3333333333333333,
18160,320252,1,1,10,0,60,1,10,2,32,0,high,1.0,
18161,320253,1,1,11,0,70,2,1,1,32,0,high,1.0,
18162,320254,1,1,12,0,45,9,99,99,32,0,high,1.0,
18163,320255,1,3,12,0,25,2,10,1,32,0,low,0.3333333333333333,
18164,320256,2,2,12,0,65,3,1,1,32,1,high,1.0,
18165,320257,1,2,7,99,65,1,10,1,32,0,low,0.5,
18166,320258,1,2,9,0,45,3,1,1,32,0,low,0.5,
18167,320259,1,4,10,7,45,1,1,1,32,0,low,0.25,
18168,320260,1,1,10,0,70,2,1,1,32,1,high,1.0,
18169,320261,1,1,12,0,55,3,1,1,32,0,high,1.0,
18170,320262,1,1,12,0,35,1,10,1,32,0,high,1.0,
18171,320263,1,2,11,0,65,1,10,1,32,0,low,0.5,
18172,320264,1,3,11,6,55,2,10,1,32,0,low,0.3333333333333333,
18173,320265,1,3,12,2,65,3,1,1,32,0,low,0.3333333333333333,
18174,320266,1,3,11,1,35,1,10,2,32,0,low,0.3333333333333333,
18175,320267,1,1,10,0,35,2,1,1,32,0,high,1.0,
18176,320268,1,1,9,0,35,1,1,1,32,0,high,1.0,
18177,320269,1,2,11,1,45,3,1,1,32,0,low,0.5,
18178,320270,1,3,11,6,45,1,1,1,32,0,low,0.3333333333333333,
18179,320271,1,1,12,0,45,3,10,1,32,1,high,1.0,
18180,320272,1,3,11,6,0,1,1,0,32,0,low,0.3333333333333333,
18181,320273,1,1,11,0,0,1,1,0,32,0,high,1.0,
18182,320274,1,1,12,0,45,3,1,1,32,0,high,1.0,
18183,320275,1,1,12,0,45,3,10,1,32,0,high,1.0,
18184,320276,1,1,12,0,25,3,1,1,32,0,high,1.0,
18185,320277,1,3,12,0,75,5,1,1,32,1,low,0.3333333333333333,
18186,320278,1,4,10,1,98,3,1,1,32,1,low,0.25,
18187,320279,1,4,10,6,45,3,1,1,32,0,low,0.25,
18188,320280,1,1,11,0,35,3,1,1,32,0,high,1.0,
18189,320281,1,2,11,0,45,3,1,1,32,0,low,0.5,
18190,320282,1,3,11,6,45,3,1,1,32,1,low,0.3333333333333333,
18191,320283,1,1,11,0,35,3,1,1,32,0,high,1.0,
18192,320284,1,1,11,0,45,3,1,1,32,0,high,1.0,
18193,320285,1,1,12,0,35,3,1,1,32,0,high,1.0,
18194,320286,1,1,12,0,45,3,10,1,32,0,high,1.0,
18195,320287,1,1,12,0,45,3,1,1,32,0,high,1.0,
18196,320288,1,4,12,6,45,3,1,1,32,0,low,0.25,
18197,320289,1,2,12,6,35,1,1,1,32,1,low,0.5,
18198,320290,1,1,12,0,35,4,10,1,32,1,high,1.0,
18199,320291,1,2,12,0,45,3,1,1,32,0,low,0.5,
18200,320292,1,2,12,0,45,3,1,1,32,0,low,0.5,
18201,320293,2,2,12,0,45,3,1,1,32,1,high,1.0,
18202,320294,1,4,12,7,35,3,1,1,32,0,low,0.25,
18203,320295,3,5,10,2,70,1,2,2,32,1,high,0.6,
18204,320296,1,2,11,0,0,3,1,0,32,0,low,0.5,
18205,330001,1,1,1,0,55,1,1,1,33,1,high,1.0,
18206,330002,2,4,1,8,50,2,1,3,33,0,low,0.5,
18207,330003,1,2,1,0,35,3,12,2,33,0,low,0.5,
18208,330004,1,2,1,0,40,1,1,1,33,0,low,0.5,
18209,330005,1,3,1,1,50,1,4,3,33,0,low,0.3333333333333333,
18210,330006,1,3,2,1,50,1,4,3,33,0,low,0.3333333333333333,
18211,330007,1,5,2,2,55,2,4,3,33,0,low,0.2,
18212,330008,1,2,2,2,50,2,1,2,33,0,low,0.5,
18213,330009,3,5,2,2,55,2,10,10,33,0,high,0.6,
18214,330010,1,5,3,0,30,2,1,1,33,0,low,0.2,
18215,330011,1,3,3,0,45,3,1,3,33,0,low,0.3333333333333333,
18216,330012,1,1,3,0,55,1,1,1,33,0,high,1.0,
18217,330013,1,2,3,8,55,1,10,1,33,0,low,0.5,
18218,330014,1,1,4,0,30,2,1,1,33,1,high,1.0,
18219,330015,1,1,4,0,30,1,1,1,33,0,high,1.0,
18220,330016,1,1,4,0,30,1,10,1,33,0,high,1.0,
18221,330017,1,1,4,0,55,1,1,1,33,0,high,1.0,
18222,330018,1,1,5,0,45,1,1,1,33,1,high,1.0,
18223,330019,1,6,5,1,30,2,1,1,33,1,low,0.16666666666666666,
18224,330020,1,1,5,0,40,1,1,1,33,0,high,1.0,
18225,330021,1,1,5,0,35,1,1,1,33,0,high,1.0,
18226,330022,1,3,5,6,40,1,1,1,33,1,low,0.3333333333333333,
18227,330023,1,1,5,0,40,5,1,1,33,1,high,1.0,
18228,330024,1,1,5,0,40,3,1,1,33,0,high,1.0,
18229,330025,1,1,5,0,30,3,1,1,33,1,high,1.0,
18230,330026,1,2,5,0,30,2,1,1,33,1,low,0.5,
18231,330027,1,2,5,6,30,1,1,1,33,0,low,0.5,
18232,330028,1,1,5,0,30,1,1,1,33,1,high,1.0,
18233,330029,1,1,5,0,40,1,1,1,33,1,high,1.0,
18234,330030,1,1,5,0,50,2,2,2,33,1,high,1.0,
18235,330031,1,1,6,0,65,1,1,1,33,0,high,1.0,
18236,330032,1,2,6,6,30,1,1,1,33,0,low,0.5,
18237,330033,1,2,6,2,30,1,1,1,33,1,low,0.5,
18238,330034,1,1,6,0,30,1,1,1,33,0,high,1.0,
18239,330035,1,3,7,0,45,2,1,1,33,1,low,0.3333333333333333,
18240,330036,2,2,5,0,40,1,1,1,33,0,high,1.0,
18241,330037,1,3,6,2,50,1,10,1,33,0,low,0.3333333333333333,
18242,330038,1,1,7,0,40,1,1,1,33,0,high,1.0,
18243,330039,1,2,7,0,50,1,2,2,33,0,low,0.5,
18244,330040,1,1,7,0,30,2,1,1,33,0,high,1.0,
18245,330041,1,3,7,0,30,5,1,1,33,0,low,0.3333333333333333,
18246,330042,1,1,7,0,35,1,1,1,33,1,high,1.0,
18247,330043,1,2,7,1,55,1,1,1,33,0,low,0.5,
18248,330044,3,4,7,2,50,1,1,1,33,0,high,0.75,
18249,330045,1,3,7,2,50,1,1,1,33,0,low,0.3333333333333333,
18250,330046,1,1,7,0,35,1,2,2,33,1,high,1.0,
18251,330047,1,1,7,0,30,1,1,1,33,0,high,1.0,
18252,330048,1,1,7,0,40,2,1,1,33,1,high,1.0,
18253,330049,1,3,7,11,45,1,1,1,33,0,low,0.3333333333333333,
18254,330050,1,1,7,0,30,1,10,1,33,0,high,1.0,
18255,330051,1,1,7,0,35,1,10,1,33,0,high,1.0,
18256,330052,1,5,8,6,40,1,1,1,33,0,low,0.2,
18257,330053,1,2,8,0,40,2,1,1,33,0,low,0.5,
18258,330054,1,4,8,8,40,1,1,1,33,1,low,0.25,
18259,330055,1,2,8,6,35,1,1,1,33,1,low,0.5,
18260,330056,1,2,8,2,35,1,1,1,33,0,low,0.5,
18261,330057,1,1,8,0,35,1,1,1,33,0,high,1.0,
18262,330058,1,1,8,0,25,1,1,1,33,1,high,1.0,
18263,330059,1,2,8,0,30,2,1,1,33,0,low,0.5,
18264,330060,1,1,8,0,25,1,1,1,33,1,high,1.0,
18265,330061,1,1,8,0,50,1,1,1,33,1,high,1.0,
18266,330062,1,2,9,0,55,1,1,1,33,0,low,0.5,
18267,330063,1,1,9,0,30,5,1,1,33,0,high,1.0,
18268,330064,1,3,9,0,30,1,1,1,33,1,low,0.3333333333333333,