,ST_CASE,FATALS,PERSONS,MONTH,MAN_COLL,VSPD_LIM,LGT_COND,WEATHER,VSURCOND,STATE,DRUNK_DR,rate,rate_numerical,arrival_time
19471,360376,1,5,4,2,45,1,1,1,36,0,low,0.2,
19472,360377,1,3,6,0,50,3,1,1,36,0,low,0.3333333333333333,
19473,360378,1,1,6,0,55,2,2,2,36,1,high,1.0,
19474,360379,1,3,6,6,35,1,1,1,36,0,low,0.3333333333333333,
19475,360380,1,4,6,1,98,4,1,1,36,0,low,0.25,
19476,360381,1,3,6,2,55,1,10,1,36,0,low,0.3333333333333333,
19477,360382,1,2,6,2,45,1,1,1,36,0,low,0.5,
19478,360383,1,1,5,0,25,3,1,6,36,1,high,1.0,
19479,360384,1,2,6,6,40,1,2,2,36,1,low,0.5,
19480,360385,1,2,6,0,50,1,1,1,36,0,low,0.5,
19481,360386,1,3,6,2,40,1,1,1,36,0,low,0.3333333333333333,
19482,360387,1,1,6,0,25,2,1,1,36,0,high,1.0,
19483,360388,1,1,6,0,30,3,1,1,36,0,high,1.0,
19484,360389,1,11,6,0,25,3,2,2,36,1,low,0.09090909090909091,
19485,360390,1,1,6,0,25,1,1,1,36,0,high,1.0,
19486,360391,1,3,6,6,25,3,1,1,36,0,low,0.3333333333333333,
19487,360392,1,2,5,2,65,2,1,1,36,1,low,0.5,
19488,360393,1,2,6,6,25,3,1,1,36,0,low,0.5,
19489,360394,1,5,6,2,45,1,1,1,36,0,low,0.2,
19490,360395,1,5,7,0,25,1,1,1,36,0,low,0.2,
19491,360396,3,6,7,6,25,1,1,1,36,0,low,0.5,
19492,360397,1,1,7,0,35,3,2,2,36,0,high,1.0,
19493,360398,1,3,6,6,55,1,2,2,36,0,low,0.3333333333333333,
19494,360399,1,2,7,0,25,3,10,1,36,0,low,0.5,
19495,360400,1,1,7,0,55,1,1,1,36,1,high,1.0,
19496,360401,1,1,6,0,55,2,2,2,36,0,high,1.0,
19497,360402,1,1,7,0,30,1,1,1,36,0,high,1.0,
19498,360403,1,5,7,1,55,1,1,1,36,0,low,0.2,
19499,360404,1,2,5,2,40,3,1,1,36,1,low,0.5,
19500,360405,1,1,7,0,25,1,1,1,36,0,high,1.0,
19501,360406,1,4,7,6,45,1,10,1,36,0,low,0.25,
19502,360407,1,1,7,0,55,1,10,1,36,1,high,1.0,
19503,360408,1,1,7,0,55,3,1,1,36,1,high,1.0,
19504,360409,1,4,7,6,55,1,10,1,36,0,low,0.25,
19505,360410,1,2,7,0,25,1,1,1,36,0,low,0.5,
19506,360411,1,1,7,0,35,3,1,1,36,0,high,1.0,
19507,360412,1,1,7,0,25,3,2,2,36,0,high,1.0,
19508,360413,1,1,7,0,45,1,2,2,36,0,high,1.0,
19509,360414,1,1,7,0,40,1,1,1,36,1,high,1.0,
19510,360415,2,2,7,0,30,1,1,1,36,1,high,1.0,
19511,360416,1,2,7,0,40,1,1,1,36,0,low,0.5,
19512,360417,1,6,7,1,99,1,10,1,36,0,low,0.16666666666666666,
19513,360418,1,1,6,0,30,3,10,1,36,1,high,1.0,
19514,360419,1,1,5,0,45,2,1,1,36,1,high,1.0,
19515,360420,1,2,4,0,98,3,1,1,36,1,low,0.5,
19516,360421,1,1,5,0,40,3,1,1,36,0,high,1.0,
19517,360422,1,1,6,0,30,3,2,2,36,0,high,1.0,
19518,360423,1,1,6,0,50,1,1,1,36,0,high,1.0,
19519,360424,1,1,7,0,98,1,1,1,36,0,high,1.0,
19520,360425,1,4,7,6,30,1,1,1,36,0,low,0.25,
19521,360426,1,3,7,6,55,1,1,1,36,0,low,0.3333333333333333,
19522,360427,1,6,7,1,55,1,10,1,36,0,low,0.16666666666666666,
19523,360428,1,2,7,0,50,2,1,1,36,0,low,0.5,
19524,360429,1,2,7,0,30,1,1,1,36,0,low,0.5,
19525,360430,1,1,7,0,40,3,1,1,36,0,high,1.0,
19526,360431,1,2,7,6,30,3,1,1,36,1,low,0.5,
19527,360432,1,1,7,0,30,1,10,1,36,0,high,1.0,
19528,360433,1,5,7,8,30,3,1,1,36,0,low,0.2,
19529,360434,4,10,7,6,55,1,1,1,36,1,low,0.4,
19530,360435,1,4,7,6,30,1,1,1,36,0,low,0.25,
19531,360436,1,1,7,0,40,3,1,1,36,0,high,1.0,
19532,360437,1,1,3,0,55,2,1,1,36,0,high,1.0,
19533,360438,1,4,7,6,25,1,1,1,36,0,low,0.25,
19534,360439,1,2,7,1,40,3,1,1,36,0,low,0.5,
19535,360440,1,1,5,0,25,3,1,1,36,0,high,1.0,
19536,360441,1,2,5,0,99,5,1,1,36,0,low,0.5,
19537,360442,1,3,7,0,25,1,1,1,36,0,low,0.3333333333333333,
19538,360443,1,1,5,0,25,1,1,1,36,0,high,1.0,
19539,360444,1,2,6,0,98,1,2,2,36,0,low,0.5,
19540,360445,1,3,6,0,25,1,1,1,36,0,low,0.3333333333333333,
19541,360446,1,2,6,0,98,1,2,2,36,0,low,0.5,
19542,360447,1,2,7,0,25,1,1,1,36,1,low,0.5,
19543,360448,1,1,7,0,55,1,1,1,36,0,high,1.0,
19544,360449,1,1,7,0,35,2,1,1,36,0,high,1.0,
19545,360450,1,1,7,0,45,2,1,1,36,0,high,1.0,
19546,360451,1,1,7,0,55,2,10,1,36,1,high,1.0,
19547,360452,1,3,4,0,40,3,1,1,36,0,low,0.3333333333333333,
19548,360453,1,2,4,0,30,1,1,1,36,1,low,0.5,
19549,360454,1,4,5,0,25,3,10,1,36,1,low,0.25,
19550,360455,1,4,7,0,50,3,1,1,36,0,low,0.25,
19551,360456,1,3,5,2,55,1,1,1,36,0,low,0.3333333333333333,
19552,360457,1,1,5,0,55,3,2,2,36,0,high,1.0,
19553,360458,1,3,6,6,98,1,1,1,36,0,low,0.3333333333333333,
19554,360459,1,1,6,0,55,1,10,1,36,0,high,1.0,
19555,360460,1,0,7,0,30,1,1,1,36,0,high,inf,
19556,360461,1,2,5,6,40,3,1,1,36,1,low,0.5,
19557,360462,1,2,7,0,45,2,1,1,36,0,low,0.5,
19558,360463,1,3,7,0,55,2,10,1,36,0,low,0.3333333333333333,
19559,360464,1,3,7,6,98,1,10,1,36,0,low,0.3333333333333333,
19560,360465,1,1,7,0,30,1,1,1,36,0,high,1.0,
19561,360466,1,1,7,0,35,1,1,1,36,0,high,1.0,
19562,360467,1,1,7,0,45,1,1,1,36,0,high,1.0,
19563,360468,1,6,7,2,55,1,2,2,36,0,low,0.16666666666666666,
19564,360469,1,1,7,0,45,1,10,1,36,0,high,1.0,
19565,360470,1,2,7,0,55,1,10,1,36,0,low,0.5,
19566,360471,1,1,7,0,45,1,1,1,36,0,high,1.0,
19567,360472,1,4,7,2,45,1,10,1,36,0,low,0.25,
19568,360473,1,8,7,6,55,1,10,1,36,0,low,0.125,
19569,360474,2,3,6,1,55,1,1,1,36,0,high,0.6666666666666666,
19570,360475,1,4,7,2,30,1,10,2,36,0,low,0.25,
19571,360476,1,1,6,0,98,1,1,1,36,0,high,1.0,
19572,360477,1,1,7,0,55,3,1,1,36,0,high,1.0,
19573,360478,1,1,7,0,55,1,1,1,36,0,high,1.0,
19574,360479,1,4,7,0,35,3,10,1,36,0,low,0.25,
19575,360480,1,2,7,6,30,1,1,1,36,0,low,0.5,
19576,360481,1,1,7,0,55,1,1,1,36,1,high,1.0,
19577,360482,1,1,7,0,55,1,1,1,36,1,high,1.0,
19578,360483,1,2,7,0,25,1,1,1,36,0,low,0.5,
19579,360484,1,5,7,0,55,2,1,1,36,0,low,0.2,
19580,360485,1,1,7,0,55,1,1,1,36,0,high,1.0,
19581,360486,1,1,7,0,35,5,1,1,36,1,high,1.0,
19582,360487,1,1,6,0,45,3,2,2,36,1,high,1.0,
19583,360488,1,4,7,6,35,3,1,1,36,0,low,0.25,
19584,360489,1,1,7,0,55,3,1,1,36,0,high,1.0,
19585,360490,1,2,7,2,45,2,1,1,36,1,low,0.5,
19586,360491,1,2,6,0,45,2,2,2,36,1,low,0.5,
19587,360492,1,1,8,0,25,3,1,1,36,1,high,1.0,
19588,360493,1,5,5,1,55,3,1,1,36,0,low,0.2,
19589,360494,1,1,8,0,55,5,1,1,36,0,high,1.0,
19590,360495,1,1,5,0,35,1,1,1,36,0,high,1.0,
19591,360496,1,1,7,0,55,1,1,1,36,0,high,1.0,
19592,360497,1,1,8,0,55,2,1,1,36,1,high,1.0,
19593,360498,1,1,7,0,15,2,1,1,36,0,high,1.0,
19594,360499,1,2,7,0,55,1,10,1,36,1,low,0.5,
19595,360500,1,1,8,0,50,1,1,1,36,0,high,1.0,
19596,360501,1,1,7,0,15,2,1,1,36,0,high,1.0,
19597,360502,1,1,8,0,55,1,1,1,36,1,high,1.0,
19598,360503,1,1,8,0,55,3,1,1,36,0,high,1.0,
19599,360504,1,2,7,1,65,1,10,1,36,0,low,0.5,
19600,360505,1,3,8,1,40,3,1,1,36,0,low,0.3333333333333333,
19601,360506,1,1,8,0,25,1,1,1,36,0,high,1.0,
19602,360507,1,4,8,6,40,2,1,1,36,0,low,0.25,
19603,360508,1,1,8,0,25,3,1,1,36,0,high,1.0,
19604,360509,1,1,7,0,55,1,1,1,36,0,high,1.0,
19605,360510,1,3,8,6,55,1,1,1,36,0,low,0.3333333333333333,
19606,360511,1,1,6,0,55,1,1,1,36,0,high,1.0,
19607,360512,1,3,8,0,55,2,1,1,36,1,low,0.3333333333333333,
19608,360513,1,2,5,0,30,3,1,1,36,0,low,0.5,
19609,360514,2,3,8,2,55,1,1,1,36,0,high,0.6666666666666666,
19610,360515,1,8,8,6,55,1,1,1,36,0,low,0.125,
19611,360516,1,5,8,0,55,1,1,1,36,0,low,0.2,
19612,360517,1,1,8,0,25,5,10,2,36,0,high,1.0,
19613,360518,1,1,8,0,98,1,1,1,36,0,high,1.0,
19614,360519,1,1,7,0,35,3,1,1,36,0,high,1.0,
19615,360520,1,1,7,0,65,1,1,1,36,0,high,1.0,
19616,360521,1,1,8,0,35,1,1,99,36,0,high,1.0,
19617,360522,1,1,8,0,30,3,10,1,36,0,high,1.0,
19618,360523,1,4,8,2,45,1,1,1,36,0,low,0.25,
19619,360524,1,2,8,1,65,4,1,1,36,0,low,0.5,
19620,360525,2,3,8,0,45,2,1,1,36,1,high,0.6666666666666666,
19621,360526,1,1,7,0,45,2,1,1,36,1,high,1.0,
19622,360527,1,2,4,6,99,1,10,1,36,0,low,0.5,
19623,360528,1,1,5,0,98,1,1,1,36,0,high,1.0,
19624,360529,1,2,5,0,99,1,1,1,36,0,low,0.5,
19625,360530,1,3,8,2,55,1,1,1,36,1,low,0.3333333333333333,
19626,360531,1,1,8,0,25,1,1,1,36,0,high,1.0,
19627,360532,1,1,8,0,45,3,1,1,36,1,high,1.0,
19628,360533,1,1,8,0,55,1,10,1,36,0,high,1.0,
19629,360534,1,1,8,0,55,2,1,1,36,0,high,1.0,
19630,360535,1,2,8,0,55,1,1,1,36,1,low,0.5,
19631,360536,1,1,8,0,55,2,10,1,36,1,high,1.0,
19632,360537,1,1,8,0,40,2,1,1,36,1,high,1.0,
19633,360538,1,5,8,6,55,1,1,1,36,0,low,0.2,
19634,360539,2,2,8,2,50,2,10,1,36,1,high,1.0,
19635,360540,1,1,8,0,25,3,1,2,36,0,high,1.0,
19636,360541,1,2,8,0,35,1,1,1,36,0,low,0.5,
19637,360542,1,3,8,2,55,1,1,1,36,0,low,0.3333333333333333,
19638,360543,1,1,8,0,99,1,1,1,36,0,high,1.0,
19639,360544,1,2,8,1,55,3,1,1,36,1,low,0.5,
19640,360545,1,5,8,0,40,4,10,1,36,1,low,0.2,
19641,360546,1,1,8,0,25,3,1,1,36,0,high,1.0,
19642,360547,1,1,8,0,45,1,10,1,36,0,high,1.0,
19643,360548,1,2,7,0,40,3,1,1,36,0,low,0.5,
19644,360549,1,1,8,0,65,1,10,1,36,0,high,1.0,
19645,360550,1,2,7,2,35,4,1,1,36,0,low,0.5,
19646,360551,1,3,8,0,30,3,1,1,36,0,low,0.3333333333333333,
19647,360552,1,10,7,6,98,1,1,1,36,0,low,0.1,
19648,360553,1,1,7,0,98,3,1,1,36,0,high,1.0,
19649,360554,1,3,7,2,30,1,1,1,36,0,low,0.3333333333333333,
19650,360555,1,3,7,6,55,1,1,1,36,1,low,0.3333333333333333,
19651,360556,1,1,7,0,55,3,1,1,36,0,high,1.0,
19652,360557,1,2,7,0,30,5,10,1,36,0,low,0.5,
19653,360558,1,1,7,0,25,3,1,1,36,0,high,1.0,
19654,360559,1,1,8,0,30,1,1,1,36,0,high,1.0,
19655,360560,1,5,8,6,55,1,1,1,36,0,low,0.2,
19656,360561,1,3,8,2,55,1,1,1,36,0,low,0.3333333333333333,
19657,360562,2,6,8,0,65,2,2,2,36,0,low,0.3333333333333333,
19658,360563,1,1,7,0,30,4,10,1,36,1,high,1.0,
19659,360564,1,4,6,2,55,1,1,1,36,1,low,0.25,
19660,360565,1,2,8,6,55,2,1,1,36,1,low,0.5,
19661,360566,1,1,8,0,55,1,1,1,36,1,high,1.0,
19662,360567,1,7,8,6,55,2,1,1,36,1,low,0.14285714285714285,
19663,360568,1,1,8,0,45,1,1,1,36,0,high,1.0,
19664,360569,1,3,8,2,55,1,1,1,36,0,low,0.3333333333333333,
19665,360570,1,1,8,0,65,1,10,1,36,0,high,1.0,
19666,360571,1,2,8,0,25,3,2,2,36,1,low,0.5,
19667,360572,1,4,8,6,30,1,10,1,36,0,low,0.25,
19668,360573,1,4,7,2,55,1,1,1,36,1,low,0.25,
19669,360574,1,1,8,0,98,1,1,1,36,0,high,1.0,
19670,360575,1,3,8,0,25,5,1,1,36,0,low,0.3333333333333333,
19671,360576,1,1,5,0,30,3,10,1,36,0,high,1.0,
19672,360577,1,1,8,0,55,2,1,1,36,0,high,1.0,
19673,360578,1,2,8,0,30,2,10,1,36,0,low,0.5,
19674,360579,1,1,8,0,40,3,1,1,36,0,high,1.0,
19675,360580,1,3,8,6,35,1,1,1,36,0,low,0.3333333333333333,
19676,360581,2,3,8,0,55,2,1,1,36,1,high,0.6666666666666666,
19677,360582,1,2,8,1,98,1,1,1,36,0,low,0.5,
19678,360583,1,4,8,6,55,1,1,1,36,1,low,0.25,
19679,360584,1,2,7,2,55,1,1,1,36,1,low,0.5,
19680,360585,2,8,8,1,65,1,1,1,36,0,low,0.25,
19681,360586,2,3,8,0,40,1,5,1,36,0,high,0.6666666666666666,
19682,360587,1,4,7,0,55,2,10,2,36,0,low,0.25,
19683,360588,1,1,8,0,40,3,1,1,36,0,high,1.0,
19684,360589,1,3,8,6,50,1,10,1,36,0,low,0.3333333333333333,
19685,360590,1,4,8,6,45,1,1,1,36,0,low,0.25,
19686,360591,1,1,8,0,55,5,1,1,36,1,high,1.0,
19687,360592,1,1,8,0,55,1,1,1,36,0,high,1.0,
19688,360593,1,2,8,1,55,1,1,1,36,0,low,0.5,
19689,360594,1,2,5,2,55,1,1,1,36,0,low,0.5,
19690,360595,1,2,8,6,55,1,1,1,36,0,low,0.5,
19691,360596,1,1,8,0,25,1,1,1,36,0,high,1.0,
19692,360597,1,2,8,6,35,1,1,1,36,0,low,0.5,
19693,360598,1,1,8,0,55,4,1,1,36,0,high,1.0,
19694,360599,1,1,8,0,55,2,10,1,36,1,high,1.0,
19695,360600,1,3,8,2,55,1,1,1,36,0,low,0.3333333333333333,
19696,360601,1,1,8,0,55,2,1,1,36,1,high,1.0,
19697,360602,1,2,8,0,55,2,10,1,36,1,low,0.5,
19698,360603,1,1,8,0,40,1,1,1,36,0,high,1.0,
19699,360604,1,3,8,6,55,1,1,1,36,0,low,0.3333333333333333,
19700,360605,1,4,8,0,50,3,1,1,36,0,low,0.25,
19701,360606,2,2,8,0,35,3,1,1,36,0,high,1.0,
19702,360607,1,1,8,0,35,3,1,1,36,0,high,1.0,
19703,360608,1,4,8,0,30,3,1,1,36,0,low,0.25,
19704,360609,1,1,7,0,99,1,1,1,36,0,high,1.0,
19705,360610,1,2,3,0,45,2,1,1,36,0,low,0.5,
19706,360611,1,3,9,1,65,1,1,1,36,0,low,0.3333333333333333,
19707,360612,1,1,9,0,55,2,1,1,36,0,high,1.0,
19708,360613,1,1,6,0,45,2,10,1,36,0,high,1.0,
19709,360614,1,2,9,6,30,1,1,1,36,0,low,0.5,
19710,360615,1,1,9,0,30,1,1,1,36,0,high,1.0,
19711,360616,1,1,9,0,45,2,1,1,36,0,high,1.0,
19712,360617,1,11,8,0,55,1,1,1,36,0,low,0.09090909090909091,
19713,360618,3,7,7,1,55,2,1,1,36,1,low,0.42857142857142855,
19714,360619,1,3,9,6,55,1,1,1,36,0,low,0.3333333333333333,
19715,360620,1,1,9,0,25,3,1,1,36,0,high,1.0,
19716,360621,1,1,9,0,55,2,1,1,36,0,high,1.0,
19717,360622,1,1,9,0,45,2,1,1,36,1,high,1.0,
19718,360623,1,4,8,6,30,1,1,1,36,0,low,0.25,
19719,360624,1,1,6,0,35,3,10,2,36,0,high,1.0,
19720,360625,1,1,6,0,45,1,1,1,36,0,high,1.0,
19721,360626,1,3,6,1,99,1,10,1,36,1,low,0.3333333333333333,
19722,360627,1,2,9,0,45,3,10,1,36,1,low,0.5,
19723,360628,1,1,5,0,99,3,1,1,36,0,high,1.0,
19724,360629,1,3,9,2,45,1,1,1,36,1,low,0.3333333333333333,
19725,360630,1,6,9,0,50,3,1,1,36,0,low,0.16666666666666666,
19726,360632,1,1,8,0,55,2,10,1,36,1,high,1.0,
19727,360633,1,3,9,2,30,1,2,2,36,0,low,0.3333333333333333,
19728,360634,1,1,2,0,98,1,1,1,36,0,high,1.0,
19729,360635,1,1,7,0,55,1,1,1,36,0,high,1.0,
19730,360636,2,5,6,0,15,1,1,1,36,0,low,0.4,
19731,360637,1,1,5,0,98,1,1,1,36,0,high,1.0,
19732,360638,1,4,8,2,55,3,1,1,36,1,low,0.25,
19733,360639,1,2,7,6,25,1,1,1,36,1,low,0.5,
19734,360640,1,1,8,0,25,3,98,98,36,0,high,1.0,
19735,360641,1,1,4,0,99,1,1,1,36,0,high,1.0,
19736,360642,1,1,8,0,25,1,1,1,36,0,high,1.0,
19737,360643,1,1,8,0,25,1,1,1,36,0,high,1.0,
19738,360644,1,1,9,0,55,1,1,1,36,0,high,1.0,
19739,360645,3,6,9,0,65,1,1,1,36,0,low,0.5,
19740,360646,1,1,9,0,55,2,1,1,36,0,high,1.0,
19741,360647,1,2,9,0,25,2,1,1,36,0,low,0.5,
19742,360648,1,1,9,0,25,3,1,1,36,0,high,1.0,
19743,360649,1,2,9,7,25,3,1,1,36,1,low,0.5,
19744,360650,1,1,9,0,55,1,10,1,36,0,high,1.0,
19745,360651,1,1,9,0,55,4,1,1,36,0,high,1.0,
19746,360652,1,2,9,0,45,3,10,2,36,0,low,0.5,
19747,360653,1,2,9,2,55,3,2,2,36,1,low,0.5,
19748,360654,1,1,9,0,99,3,1,1,36,0,high,1.0,
19749,360655,1,5,9,0,35,1,1,1,36,0,low,0.2,
19750,360656,1,2,9,6,55,1,10,1,36,0,low,0.5,
19751,360657,1,1,9,0,55,1,10,1,36,0,high,1.0,
19752,360658,1,4,9,6,55,3,10,1,36,0,low,0.25,
19753,360659,1,2,8,2,55,3,1,1,36,0,low,0.5,
19754,360660,1,1,9,0,98,1,1,1,36,0,high,1.0,
19755,360661,1,5,9,2,35,1,10,1,36,0,low,0.2,
19756,360662,1,2,9,6,55,1,1,1,36,0,low,0.5,
19757,360663,1,1,9,0,55,5,10,1,36,1,high,1.0,
19758,360664,2,3,5,0,65,1,1,1,36,0,high,0.6666666666666666,
19759,360665,1,1,9,0,30,1,1,1,36,0,high,1.0,
19760,360666,1,3,9,6,55,1,1,1,36,0,low,0.3333333333333333,
19761,360667,1,5,9,2,55,1,1,1,36,0,low,0.2,
19762,360668,1,2,9,6,99,1,1,1,36,0,low,0.5,
19763,360669,1,2,9,6,30,1,1,1,36,0,low,0.5,
19764,360670,2,4,9,2,50,1,1,1,36,0,low,0.5,
19765,360671,1,2,9,6,98,3,1,1,36,0,low,0.5,
19766,360672,1,1,9,0,40,3,1,1,36,0,high,1.0,
19767,360673,1,1,9,0,25,3,1,1,36,0,high,1.0,
19768,360674,2,3,9,2,55,1,1,1,36,1,high,0.6666666666666666,
19769,360675,1,1,7,0,40,1,1,1,36,0,high,1.0,
19770,360676,1,8,8,6,98,3,10,1,36,0,low,0.125,
19771,360677,1,4,7,6,40,1,2,2,36,0,low,0.25,
19772,360678,1,3,8,2,99,3,1,1,36,1,low,0.3333333333333333,
19773,360679,1,1,7,0,99,2,10,1,36,0,high,1.0,
19774,360680,1,1,8,0,35,1,1,1,36,0,high,1.0,
19775,360681,1,1,9,0,40,3,1,1,36,1,high,1.0,
19776,360682,1,1,7,0,50,3,1,1,36,1,high,1.0,
19777,360683,1,1,6,0,99,1,10,1,36,0,high,1.0,
19778,360684,1,2,8,2,40,5,1,1,36,0,low,0.5,
19779,360685,1,1,9,0,99,1,1,1,36,1,high,1.0,
19780,360686,1,2,9,1,40,4,1,1,36,1,low,0.5,
19781,360687,1,1,9,0,25,1,1,1,36,0,high,1.0,
19782,360688,1,1,9,0,30,3,1,1,36,0,high,1.0,
19783,360689,1,4,9,1,55,1,5,1,36,0,low,0.25,
19784,360690,1,2,9,0,65,1,1,1,36,0,low,0.5,
19785,360691,2,4,6,0,65,2,10,1,36,1,low,0.5,
19786,360692,1,2,9,0,55,1,10,1,36,1,low,0.5,
19787,360693,1,2,9,0,45,1,1,1,36,0,low,0.5,
19788,360694,1,3,9,1,55,2,1,1,36,1,low,0.3333333333333333,
19789,360695,1,1,9,0,55,1,1,1,36,0,high,1.0,
19790,360696,2,3,9,2,65,1,1,1,36,0,high,0.6666666666666666,
19791,360697,1,4,9,2,45,1,10,2,36,0,low,0.25,
19792,360698,1,2,9,2,55,1,10,2,36,0,low,0.5,
19793,360699,1,1,10,0,30,3,1,2,36,1,high,1.0,
19794,360700,1,2,9,6,55,1,2,2,36,0,low,0.5,
19795,360701,1,2,9,6,98,1,1,1,36,0,low,0.5,
19796,360702,1,1,9,0,55,1,1,1,36,0,high,1.0,
19797,360703,1,1,10,0,25,1,2,2,36,0,high,1.0,
19798,360704,1,2,9,6,98,1,1,1,36,0,low,0.5,
19799,360705,1,3,10,2,40,1,10,1,36,1,low,0.3333333333333333,
19800,360706,1,2,8,2,55,2,10,1,36,1,low,0.5,
19801,360707,1,1,10,0,45,2,10,2,36,0,high,1.0,
19802,360708,1,2,10,0,55,2,10,1,36,0,low,0.5,
19803,360709,1,1,10,0,35,3,1,1,36,0,high,1.0,
19804,360710,1,1,10,0,25,3,1,1,36,0,high,1.0,
19805,360711,1,1,10,0,55,1,1,1,36,0,high,1.0,
19806,360712,1,1,10,0,99,2,1,1,36,1,high,1.0,
19807,360713,1,1,10,0,98,3,1,1,36,0,high,1.0,
19808,360714,1,1,10,0,30,1,1,1,36,0,high,1.0,
19809,360715,1,1,10,0,55,1,10,1,36,0,high,1.0,
19810,360716,1,3,10,0,35,3,1,1,36,0,low,0.3333333333333333,
19811,360717,1,2,10,6,25,1,1,1,36,0,low,0.5,
19812,360718,1,1,10,0,50,2,1,1,36,1,high,1.0,
19813,360719,1,6,10,6,50,1,1,1,36,0,low,0.16666666666666666,
19814,360720,1,2,10,0,25,3,1,1,36,0,low,0.5,
19815,360721,1,2,10,0,99,3,1,1,36,0,low,0.5,
19816,360722,1,1,10,0,50,3,1,1,36,0,high,1.0,
19817,360723,1,6,10,6,30,1,1,1,36,0,low,0.16666666666666666,
19818,360724,1,3,10,1,40,1,1,1,36,1,low,0.3333333333333333,
19819,360725,1,1,10,0,55,2,1,1,36,0,high,1.0,
19820,360726,1,3,10,2,55,1,1,1,36,0,low,0.3333333333333333,
19821,360727,1,1,10,0,65,1,1,1,36,0,high,1.0,
19822,360728,1,4,10,1,55,1,1,1,36,0,low,0.25,
19823,360729,1,1,10,0,25,3,10,1,36,0,high,1.0,
19824,360730,1,1,10,0,40,1,1,1,36,0,high,1.0,
19825,360731,1,2,10,0,55,2,1,1,36,0,low,0.5,
19826,360732,1,1,10,0,98,1,1,1,36,0,high,1.0,
19827,360733,1,2,10,6,45,1,1,1,36,0,low,0.5,
19828,360734,1,1,10,0,98,1,1,1,36,0,high,1.0,
19829,360735,1,1,10,0,55,1,1,1,36,0,high,1.0,
19830,360736,1,1,10,0,55,2,1,1,36,0,high,1.0,
19831,360737,1,3,10,6,25,3,1,1,36,0,low,0.3333333333333333,
19832,360738,1,1,10,0,99,3,1,1,36,0,high,1.0,
19833,360739,1,3,9,0,55,2,1,1,36,1,low,0.3333333333333333,
19834,360740,3,11,8,0,55,1,1,1,36,0,low,0.2727272727272727,
19835,360741,1,3,8,6,55,1,1,2,36,0,low,0.3333333333333333,
19836,360742,1,1,9,0,55,1,1,1,36,0,high,1.0,
19837,360743,1,3,10,2,55,2,1,1,36,1,low,0.3333333333333333,
19838,360744,2,6,10,0,55,1,2,2,36,0,low,0.3333333333333333,
19839,360745,1,4,7,0,55,1,1,1,36,0,low,0.25,
19840,360746,1,2,9,8,98,1,1,1,36,0,low,0.5,
19841,360747,1,1,9,0,65,1,2,2,36,1,high,1.0,
19842,360748,1,1,10,0,65,1,1,1,36,0,high,1.0,
19843,360749,1,1,10,0,55,3,1,1,36,0,high,1.0,
19844,360750,1,2,7,6,99,1,1,1,36,0,low,0.5,
19845,360751,1,1,10,0,55,3,1,1,36,0,high,1.0,
19846,360752,1,2,10,2,55,5,10,2,36,0,low,0.5,
19847,360753,1,1,10,0,45,2,10,1,36,1,high,1.0,
19848,360754,1,3,10,0,30,3,10,1,36,0,low,0.3333333333333333,
19849,360755,1,1,7,0,99,1,1,1,36,0,high,1.0,
19850,360756,3,4,9,2,55,5,1,1,36,1,high,0.75,
19851,360757,1,1,10,0,55,5,1,1,36,0,high,1.0,
19852,360758,1,5,10,6,98,1,1,1,36,0,low,0.2,
19853,360759,1,2,10,0,45,2,10,2,36,0,low,0.5,
19854,360760,1,3,10,6,55,2,10,1,36,0,low,0.3333333333333333,
19855,360761,1,5,7,0,55,1,1,1,36,0,low,0.2,
19856,360762,1,1,10,0,55,2,10,1,36,1,high,1.0,
19857,360763,1,1,8,0,98,2,1,1,36,0,high,1.0,
19858,360764,1,4,9,2,98,1,1,1,36,0,low,0.25,
19859,360765,1,12,10,0,40,2,1,1,36,0,low,0.08333333333333333,
19860,360766,1,1,9,0,55,3,1,1,36,0,high,1.0,
19861,360767,1,1,10,0,25,3,1,1,36,0,high,1.0,
19862,360768,1,1,9,0,98,3,1,1,36,0,high,1.0,
19863,360769,1,1,9,0,35,2,1,1,36,0,high,1.0,
19864,360770,1,1,9,0,98,1,10,1,36,0,high,1.0,
19865,360771,1,1,9,0,98,3,10,1,36,0,high,1.0,
19866,360772,1,1,9,0,98,1,1,1,36,0,high,1.0,
19867,360773,1,2,9,0,99,1,1,1,36,0,low,0.5,
19868,360774,1,2,9,0,45,2,1,1,36,0,low,0.5,
19869,360775,1,2,9,2,35,3,1,1,36,0,low,0.5,
19870,360776,1,2,6,2,55,1,1,1,36,0,low,0.5,