,ST_CASE,FATALS,PERSONS,MONTH,MAN_COLL,VSPD_LIM,LGT_COND,WEATHER,VSURCOND,STATE,DRUNK_DR,rate,rate_numerical,arrival_time
20274,370132,2,3,2,2,55,2,1,1,37,1,high,0.6666666666666666,
20275,370133,1,1,2,0,55,2,1,1,37,1,high,1.0,
20276,370134,1,3,2,2,55,1,1,1,37,0,low,0.3333333333333333,
20277,370135,1,1,2,0,55,1,1,1,37,0,high,1.0,
20278,370136,1,2,2,6,55,2,1,1,37,0,low,0.5,
20279,370137,1,1,2,0,55,2,1,1,37,1,high,1.0,
20280,370138,1,1,2,0,65,1,1,1,37,0,high,1.0,
20281,370139,1,1,2,0,70,4,1,1,37,0,high,1.0,
20282,370140,1,2,2,0,55,2,1,1,37,1,low,0.5,
20283,370141,1,1,2,0,55,2,1,1,37,1,high,1.0,
20284,370142,1,1,2,0,45,2,1,1,37,1,high,1.0,
20285,370143,1,1,2,0,55,1,10,2,37,0,high,1.0,
20286,370145,1,4,2,0,65,1,1,1,37,0,low,0.25,
20287,370146,1,3,2,1,45,1,10,1,37,0,low,0.3333333333333333,
20288,370147,1,2,2,8,45,1,1,1,37,0,low,0.5,
20289,370148,1,1,2,0,35,3,1,1,37,1,high,1.0,
20290,370149,1,1,2,0,45,3,1,1,37,1,high,1.0,
20291,370150,1,1,2,0,70,1,4,3,37,0,high,1.0,
20292,370151,2,3,2,6,55,1,1,1,37,1,high,0.6666666666666666,
20293,370152,1,3,2,0,55,2,1,1,37,0,low,0.3333333333333333,
20294,370153,1,1,2,0,55,1,1,1,37,0,high,1.0,
20295,370154,1,1,3,0,55,2,1,1,37,1,high,1.0,
20296,370155,1,8,3,6,55,1,1,1,37,0,low,0.125,
20297,370156,1,2,3,0,35,2,1,1,37,0,low,0.5,
20298,370157,1,1,3,0,0,1,1,0,37,0,high,1.0,
20299,370158,1,1,3,0,45,1,10,1,37,0,high,1.0,
20300,370159,1,2,3,2,55,1,1,1,37,0,low,0.5,
20301,370160,2,3,3,6,55,1,1,1,37,0,high,0.6666666666666666,
20302,370161,1,1,3,0,25,1,10,2,37,0,high,1.0,
20303,370162,1,1,3,0,25,1,1,1,37,0,high,1.0,
20304,370163,1,4,3,2,45,3,1,1,37,1,low,0.25,
20305,370164,1,3,3,0,55,3,5,2,37,0,low,0.3333333333333333,
20306,370165,1,6,2,8,35,1,1,1,37,1,low,0.16666666666666666,
20307,370166,1,3,3,8,45,2,1,1,37,0,low,0.3333333333333333,
20308,370167,1,3,3,6,35,3,10,1,37,1,low,0.3333333333333333,
20309,370168,1,3,3,2,35,1,10,1,37,0,low,0.3333333333333333,
20310,370169,1,1,3,0,35,1,1,1,37,0,high,1.0,
20311,370170,1,1,3,0,55,2,1,1,37,1,high,1.0,
20312,370171,1,1,3,0,55,2,2,2,37,1,high,1.0,
20313,370172,1,1,3,0,45,3,1,1,37,0,high,1.0,
20314,370173,1,2,3,0,55,2,2,2,37,1,low,0.5,
20315,370174,1,1,3,0,45,1,1,1,37,0,high,1.0,
20316,370175,1,3,3,6,45,1,1,1,37,0,low,0.3333333333333333,
20317,370176,1,1,3,0,55,1,1,1,37,1,high,1.0,
20318,370177,1,1,3,0,55,2,1,1,37,0,high,1.0,
20319,370178,1,2,3,6,45,1,1,1,37,0,low,0.5,
20320,370179,1,3,3,8,55,1,1,1,37,0,low,0.3333333333333333,
20321,370180,1,2,3,2,55,1,1,1,37,1,low,0.5,
20322,370181,1,1,3,0,45,1,1,1,37,0,high,1.0,
20323,370182,1,4,3,0,55,1,1,1,37,0,low,0.25,
20324,370183,1,1,3,0,55,1,1,1,37,1,high,1.0,
20325,370184,1,1,1,0,35,1,10,1,37,0,high,1.0,
20326,370185,1,3,1,6,45,3,1,1,37,0,low,0.3333333333333333,
20327,370186,1,3,2,6,55,1,1,1,37,0,low,0.3333333333333333,
20328,370187,1,3,2,6,45,1,1,1,37,0,low,0.3333333333333333,
20329,370188,1,2,2,0,35,1,1,1,37,0,low,0.5,
20330,370189,1,1,2,0,35,1,1,1,37,0,high,1.0,
20331,370190,1,2,2,7,45,3,10,1,37,1,low,0.5,
20332,370191,1,4,2,0,35,1,1,1,37,0,low,0.25,
20333,370192,1,3,2,0,50,3,1,1,37,0,low,0.3333333333333333,
20334,370193,1,2,2,6,45,1,1,1,37,0,low,0.5,
20335,370194,1,1,3,0,65,1,1,1,37,0,high,1.0,
20336,370195,1,1,3,0,55,1,1,1,37,0,high,1.0,
20337,370196,1,1,3,0,35,3,1,1,37,0,high,1.0,
20338,370197,1,1,3,0,50,2,1,1,37,1,high,1.0,
20339,370198,1,2,3,0,45,3,1,1,37,0,low,0.5,
20340,370199,3,3,3,0,55,2,1,1,37,1,high,1.0,
20341,370200,1,5,3,1,45,5,10,1,37,1,low,0.2,
20342,370201,1,1,3,0,40,1,1,1,37,0,high,1.0,
20343,370202,1,3,3,6,45,1,1,1,37,0,low,0.3333333333333333,
20344,370203,1,1,3,0,55,2,1,1,37,1,high,1.0,
20345,370204,1,1,3,0,45,1,10,1,37,0,high,1.0,
20346,370205,1,1,3,0,45,1,1,1,37,0,high,1.0,
20347,370206,1,2,3,6,55,2,2,2,37,0,low,0.5,
20348,370207,1,2,3,0,55,2,1,1,37,0,low,0.5,
20349,370208,1,1,3,0,50,1,1,1,37,0,high,1.0,
20350,370209,1,1,3,0,55,2,10,2,37,1,high,1.0,
20351,370210,1,3,3,1,40,3,1,1,37,1,low,0.3333333333333333,
20352,370211,1,3,3,6,40,1,1,1,37,0,low,0.3333333333333333,
20353,370212,1,3,3,6,55,1,1,1,37,0,low,0.3333333333333333,
20354,370213,1,1,3,0,55,1,1,1,37,0,high,1.0,
20355,370214,1,1,3,0,45,5,1,1,37,0,high,1.0,
20356,370215,1,1,3,0,55,2,1,1,37,0,high,1.0,
20357,370216,1,1,3,0,45,2,2,2,37,0,high,1.0,
20358,370217,1,1,3,0,55,2,1,1,37,1,high,1.0,
20359,370218,1,1,3,0,45,2,1,1,37,1,high,1.0,
20360,370219,1,2,3,6,55,1,1,1,37,0,low,0.5,
20361,370220,1,1,3,0,55,2,1,1,37,0,high,1.0,
20362,370221,1,2,3,2,45,2,1,1,37,1,low,0.5,
20363,370222,1,1,3,0,45,3,2,2,37,1,high,1.0,
20364,370223,1,2,3,0,55,5,1,1,37,1,low,0.5,
20365,370224,1,3,3,0,55,1,10,1,37,1,low,0.3333333333333333,
20366,370225,1,1,2,0,55,1,10,2,37,0,high,1.0,
20367,370226,1,3,3,0,35,2,1,1,37,1,low,0.3333333333333333,
20368,370227,1,1,3,0,55,2,1,1,37,0,high,1.0,
20369,370228,1,3,3,6,45,1,1,1,37,0,low,0.3333333333333333,
20370,370229,1,2,3,1,55,2,1,1,37,2,low,0.5,
20371,370230,1,6,3,1,65,1,10,1,37,0,low,0.16666666666666666,
20372,370231,1,2,3,0,55,2,10,1,37,1,low,0.5,
20373,370232,1,1,3,0,55,2,1,1,37,1,high,1.0,
20374,370233,1,3,3,7,55,1,10,1,37,1,low,0.3333333333333333,
20375,370234,1,2,3,0,45,3,1,1,37,1,low,0.5,
20376,370235,1,3,3,6,55,2,1,1,37,0,low,0.3333333333333333,
20377,370236,1,6,3,2,55,1,1,1,37,0,low,0.16666666666666666,
20378,370237,1,2,3,2,55,2,1,1,37,0,low,0.5,
20379,370238,1,5,3,0,25,2,1,1,37,1,low,0.2,
20380,370239,1,3,3,2,45,2,1,1,37,1,low,0.3333333333333333,
20381,370240,1,3,3,6,35,1,10,1,37,0,low,0.3333333333333333,
20382,370241,1,2,4,6,50,1,1,1,37,0,low,0.5,
20383,370242,1,2,4,0,45,1,1,1,37,1,low,0.5,
20384,370243,1,1,4,0,35,1,2,2,37,0,high,1.0,
20385,370244,1,3,4,6,35,1,1,1,37,1,low,0.3333333333333333,
20386,370245,1,3,4,0,45,2,1,1,37,1,low,0.3333333333333333,
20387,370246,1,1,4,0,55,2,10,2,37,1,high,1.0,
20388,370247,1,3,4,1,60,1,2,2,37,0,low,0.3333333333333333,
20389,370248,1,3,4,6,35,5,2,2,37,1,low,0.3333333333333333,
20390,370249,1,1,4,0,55,2,1,1,37,0,high,1.0,
20391,370250,1,3,4,6,45,2,1,1,37,1,low,0.3333333333333333,
20392,370251,1,2,4,2,45,1,1,1,37,1,low,0.5,
20393,370252,2,5,4,6,45,5,1,1,37,1,low,0.4,
20394,370253,1,3,4,0,55,1,2,6,37,0,low,0.3333333333333333,
20395,370254,1,4,4,6,55,1,1,1,37,0,low,0.25,
20396,370255,1,3,4,6,35,1,1,1,37,0,low,0.3333333333333333,
20397,370256,1,4,4,1,55,1,1,1,37,0,low,0.25,
20398,370257,1,2,4,6,35,1,10,1,37,0,low,0.5,
20399,370258,1,5,4,0,45,2,10,2,37,0,low,0.2,
20400,370259,1,5,4,2,45,2,1,1,37,0,low,0.2,
20401,370260,1,3,4,2,65,1,1,1,37,0,low,0.3333333333333333,
20402,370261,1,1,4,0,55,1,1,1,37,1,high,1.0,
20403,370262,1,2,4,0,45,2,2,2,37,0,low,0.5,
20404,370263,1,2,4,0,45,2,1,1,37,1,low,0.5,
20405,370264,1,8,4,0,55,1,2,2,37,0,low,0.125,
20406,370265,1,1,4,0,35,3,1,2,37,1,high,1.0,
20407,370266,1,3,4,2,55,1,1,1,37,1,low,0.3333333333333333,
20408,370267,1,5,4,2,55,2,1,1,37,0,low,0.2,
20409,370268,1,1,4,0,45,1,10,1,37,1,high,1.0,
20410,370269,1,2,4,0,55,2,10,1,37,1,low,0.5,
20411,370270,1,1,4,0,65,1,1,1,37,0,high,1.0,
20412,370271,1,2,4,6,35,1,2,2,37,0,low,0.5,
20413,370272,1,1,4,0,55,2,1,1,37,1,high,1.0,
20414,370273,1,2,4,0,55,2,1,1,37,0,low,0.5,
20415,370274,1,1,4,0,55,2,1,1,37,1,high,1.0,
20416,370275,1,7,4,6,45,1,1,1,37,0,low,0.14285714285714285,
20417,370276,1,1,4,0,55,2,1,1,37,1,high,1.0,
20418,370277,1,1,4,0,45,1,1,1,37,1,high,1.0,
20419,370278,1,3,4,0,55,2,1,1,37,1,low,0.3333333333333333,
20420,370279,1,2,4,6,50,1,10,1,37,0,low,0.5,
20421,370280,1,2,4,6,35,1,1,1,37,0,low,0.5,
20422,370281,1,1,4,0,55,1,1,1,37,0,high,1.0,
20423,370282,1,1,4,0,55,1,1,1,37,0,high,1.0,
20424,370283,1,4,4,0,55,1,1,1,37,0,low,0.25,
20425,370284,1,3,4,6,55,1,1,1,37,0,low,0.3333333333333333,
20426,370285,1,1,4,0,55,1,1,1,37,0,high,1.0,
20427,370286,1,2,4,0,55,2,1,1,37,1,low,0.5,
20428,370287,1,1,4,0,55,1,10,1,37,0,high,1.0,
20429,370288,1,1,4,0,55,1,1,1,37,0,high,1.0,
20430,370289,1,2,4,6,55,1,1,1,37,0,low,0.5,
20431,370290,1,4,4,6,55,4,1,1,37,0,low,0.25,
20432,370291,1,1,4,0,25,1,1,1,37,0,high,1.0,
20433,370292,1,3,4,2,40,1,10,1,37,0,low,0.3333333333333333,
20434,370293,1,3,4,2,55,2,1,1,37,0,low,0.3333333333333333,
20435,370294,2,3,4,2,45,1,1,1,37,0,high,0.6666666666666666,
20436,370295,1,2,4,6,55,1,10,1,37,0,low,0.5,
20437,370296,1,2,4,0,55,1,1,1,37,0,low,0.5,
20438,370297,2,6,4,2,55,1,1,1,37,0,low,0.3333333333333333,
20439,370298,1,2,2,2,50,1,1,1,37,0,low,0.5,
20440,370299,1,2,3,1,35,2,1,1,37,0,low,0.5,
20441,370300,1,1,3,0,35,2,1,1,37,1,high,1.0,
20442,370301,1,4,3,6,45,1,1,1,37,0,low,0.25,
20443,370302,1,2,3,0,45,2,1,1,37,1,low,0.5,
20444,370303,1,1,3,0,35,1,1,1,37,0,high,1.0,
20445,370304,1,4,4,1,45,1,1,1,37,0,low,0.25,
20446,370305,1,5,4,7,55,1,2,2,37,0,low,0.2,
20447,370306,1,1,4,0,55,2,1,2,37,0,high,1.0,
20448,370307,1,1,4,0,25,2,1,1,37,1,high,1.0,
20449,370308,1,1,4,0,55,5,1,1,37,1,high,1.0,
20450,370309,1,2,4,2,55,1,1,1,37,0,low,0.5,
20451,370310,1,1,4,0,55,2,10,2,37,0,high,1.0,
20452,370311,1,1,4,0,55,1,1,1,37,0,high,1.0,
20453,370312,1,3,4,2,45,1,1,1,37,0,low,0.3333333333333333,
20454,370313,1,4,4,6,45,3,1,1,37,1,low,0.25,
20455,370314,1,3,4,6,45,1,1,1,37,0,low,0.3333333333333333,
20456,370315,1,1,4,0,60,2,5,1,37,0,high,1.0,
20457,370316,1,1,4,0,60,2,1,1,37,0,high,1.0,
20458,370317,1,1,4,0,55,1,1,1,37,0,high,1.0,
20459,370318,1,1,4,0,45,3,10,1,37,0,high,1.0,
20460,370319,1,1,4,0,70,1,6,1,37,0,high,1.0,
20461,370320,1,2,4,6,55,1,1,1,37,0,low,0.5,
20462,370321,1,1,4,0,35,1,1,1,37,0,high,1.0,
20463,370322,1,3,4,6,55,1,10,1,37,0,low,0.3333333333333333,
20464,370323,3,4,4,1,55,3,10,2,37,1,high,0.75,
20465,370324,1,3,4,2,35,1,10,2,37,0,low,0.3333333333333333,
20466,370325,2,3,4,0,55,2,10,1,37,1,high,0.6666666666666666,
20467,370326,1,5,4,2,45,1,1,1,37,1,low,0.2,
20468,370327,1,1,4,0,50,3,1,1,37,1,high,1.0,
20469,370328,1,2,4,1,45,1,10,1,37,0,low,0.5,
20470,370329,2,5,4,2,45,1,1,1,37,0,low,0.4,
20471,370330,1,2,4,1,50,1,1,1,37,0,low,0.5,
20472,370331,1,3,4,1,70,1,10,1,37,0,low,0.3333333333333333,
20473,370332,1,3,4,2,55,2,1,1,37,1,low,0.3333333333333333,
20474,370333,1,2,4,2,55,1,1,1,37,1,low,0.5,
20475,370334,1,2,4,2,55,1,1,1,37,0,low,0.5,
20476,370335,1,6,4,6,25,1,1,1,37,0,low,0.16666666666666666,
20477,370336,1,6,4,2,35,1,2,2,37,0,low,0.16666666666666666,
20478,370337,1,1,4,0,55,2,1,1,37,1,high,1.0,
20479,370338,1,2,4,1,35,1,1,1,37,0,low,0.5,
20480,370339,1,2,4,1,45,2,2,2,37,0,low,0.5,
20481,370340,1,2,4,0,35,1,1,1,37,0,low,0.5,
20482,370341,1,1,4,0,45,3,1,1,37,0,high,1.0,
20483,370342,1,1,4,0,55,4,1,1,37,0,high,1.0,
20484,370343,1,2,1,6,45,1,1,1,37,0,low,0.5,
20485,370344,1,4,3,1,45,1,1,1,37,0,low,0.25,
20486,370345,1,1,4,0,40,2,10,2,37,0,high,1.0,
20487,370346,1,3,4,6,45,1,1,1,37,0,low,0.3333333333333333,
20488,370347,1,2,4,0,25,1,1,1,37,0,low,0.5,
20489,370348,1,2,4,2,55,1,1,1,37,0,low,0.5,
20490,370349,1,1,5,0,50,1,1,1,37,0,high,1.0,
20491,370350,1,2,5,2,45,1,10,2,37,0,low,0.5,
20492,370351,1,1,5,0,55,2,1,1,37,0,high,1.0,
20493,370352,1,3,5,2,45,1,1,1,37,0,low,0.3333333333333333,
20494,370353,1,2,5,2,55,1,1,1,37,0,low,0.5,
20495,370354,1,1,5,0,55,1,1,1,37,0,high,1.0,
20496,370355,2,6,5,6,55,2,1,1,37,1,low,0.3333333333333333,
20497,370356,1,1,5,0,55,3,10,1,37,0,high,1.0,
20498,370357,1,2,5,2,55,1,1,1,37,0,low,0.5,
20499,370358,1,1,5,0,45,1,1,1,37,1,high,1.0,
20500,370359,1,2,5,6,55,5,1,1,37,1,low,0.5,
20501,370360,1,2,5,0,55,1,2,2,37,0,low,0.5,
20502,370361,1,1,5,0,35,1,1,1,37,1,high,1.0,
20503,370362,1,4,5,2,55,2,1,1,37,0,low,0.25,
20504,370363,1,4,5,0,5,1,1,1,37,1,low,0.25,
20505,370364,1,1,5,0,55,1,1,1,37,1,high,1.0,
20506,370365,1,1,5,0,55,1,1,1,37,0,high,1.0,
20507,370366,1,1,5,0,55,2,1,1,37,0,high,1.0,
20508,370367,2,2,5,0,55,1,1,1,37,1,high,1.0,
20509,370368,1,2,5,8,55,1,1,1,37,0,low,0.5,
20510,370369,1,1,5,0,45,1,1,1,37,1,high,1.0,
20511,370370,1,6,5,0,0,1,1,1,37,0,low,0.16666666666666666,
20512,370371,2,2,5,0,55,2,1,1,37,0,high,1.0,
20513,370372,1,1,5,0,55,2,1,1,37,1,high,1.0,
20514,370373,1,1,5,0,55,2,1,1,37,1,high,1.0,
20515,370374,1,1,5,0,45,2,1,1,37,1,high,1.0,
20516,370375,1,2,5,0,45,2,1,1,37,1,low,0.5,
20517,370376,1,1,5,0,45,2,1,1,37,0,high,1.0,
20518,370377,2,5,5,0,70,1,1,1,37,0,low,0.4,
20519,370378,1,3,5,2,45,1,1,1,37,0,low,0.3333333333333333,
20520,370379,2,3,5,6,35,1,1,1,37,1,high,0.6666666666666666,
20521,370380,1,1,5,0,45,1,10,1,37,0,high,1.0,
20522,370381,1,4,5,0,35,3,1,1,37,1,low,0.25,
20523,370382,1,6,5,6,40,1,1,1,37,0,low,0.16666666666666666,
20524,370383,1,1,5,0,35,1,10,1,37,0,high,1.0,
20525,370384,1,2,5,6,45,3,1,1,37,1,low,0.5,
20526,370385,1,2,5,0,45,1,1,1,37,0,low,0.5,
20527,370386,1,2,5,0,65,1,2,2,37,0,low,0.5,
20528,370387,1,1,5,0,45,1,1,1,37,0,high,1.0,
20529,370388,1,1,5,0,55,1,1,1,37,0,high,1.0,
20530,370389,1,2,5,8,35,1,1,1,37,1,low,0.5,
20531,370390,1,1,5,0,55,4,1,1,37,1,high,1.0,
20532,370391,1,6,5,2,45,3,1,1,37,0,low,0.16666666666666666,
20533,370392,1,1,5,0,55,2,1,1,37,1,high,1.0,
20534,370393,1,3,5,6,45,3,1,1,37,0,low,0.3333333333333333,
20535,370394,1,5,5,6,55,1,1,1,37,0,low,0.2,
20536,370395,1,1,5,0,50,2,1,1,37,1,high,1.0,
20537,370396,2,5,5,6,55,1,1,1,37,0,low,0.4,
20538,370397,1,1,5,0,55,1,1,1,37,0,high,1.0,
20539,370398,1,1,5,0,55,1,1,1,37,1,high,1.0,
20540,370399,1,3,5,6,35,3,1,1,37,0,low,0.3333333333333333,
20541,370400,1,8,5,1,55,1,10,1,37,0,low,0.125,
20542,370401,1,1,5,0,25,1,1,1,37,1,high,1.0,
20543,370402,2,3,5,2,55,1,1,1,37,0,high,0.6666666666666666,
20544,370403,2,6,5,1,55,1,1,1,37,0,low,0.3333333333333333,
20545,370404,1,3,5,2,45,1,1,1,37,0,low,0.3333333333333333,
20546,370405,1,3,5,0,35,3,1,1,37,0,low,0.3333333333333333,
20547,370406,1,1,5,0,45,2,1,1,37,1,high,1.0,
20548,370407,1,4,5,7,60,1,1,1,37,0,low,0.25,
20549,370408,1,7,5,0,60,1,1,1,37,0,low,0.14285714285714285,
20550,370409,1,1,5,0,55,3,1,1,37,0,high,1.0,
20551,370410,1,1,5,0,65,1,1,1,37,1,high,1.0,
20552,370411,1,2,5,0,45,3,1,1,37,1,low,0.5,
20553,370412,1,3,5,0,35,1,1,1,37,1,low,0.3333333333333333,
20554,370413,1,3,5,6,55,2,1,1,37,1,low,0.3333333333333333,
20555,370414,1,2,5,0,65,1,2,2,37,0,low,0.5,
20556,370415,2,2,5,0,55,2,1,1,37,0,high,1.0,
20557,370416,1,1,5,0,55,1,1,1,37,0,high,1.0,
20558,370417,1,1,5,0,45,1,1,1,37,0,high,1.0,
20559,370418,1,3,5,0,35,1,1,1,37,1,low,0.3333333333333333,
20560,370419,1,3,5,6,45,3,10,2,37,1,low,0.3333333333333333,
20561,370420,1,1,5,0,45,2,2,2,37,1,high,1.0,
20562,370421,1,3,5,0,55,2,2,2,37,0,low,0.3333333333333333,
20563,370422,1,1,5,0,55,2,1,1,37,0,high,1.0,
20564,370423,1,2,5,2,45,1,1,1,37,1,low,0.5,
20565,370424,1,1,5,0,45,1,10,1,37,0,high,1.0,
20566,370425,1,1,5,0,45,2,1,1,37,1,high,1.0,
20567,370426,1,1,5,0,70,1,1,1,37,0,high,1.0,
20568,370427,1,2,5,0,55,2,1,1,37,1,low,0.5,
20569,370428,1,2,5,1,45,2,1,1,37,1,low,0.5,
20570,370429,1,3,5,6,45,1,1,1,37,0,low,0.3333333333333333,
20571,370430,1,2,5,0,55,2,1,1,37,1,low,0.5,
20572,370431,1,1,5,0,55,1,1,1,37,0,high,1.0,
20573,370432,1,1,5,0,55,1,1,1,37,0,high,1.0,
20574,370433,1,1,5,0,55,1,1,1,37,1,high,1.0,
20575,370434,1,3,5,6,55,2,1,1,37,0,low,0.3333333333333333,
20576,370435,1,1,5,0,55,1,1,1,37,1,high,1.0,
20577,370436,1,1,5,0,55,2,2,2,37,0,high,1.0,
20578,370437,1,3,5,6,55,1,1,1,37,0,low,0.3333333333333333,
20579,370438,1,1,5,0,55,4,1,1,37,0,high,1.0,
20580,370439,1,1,5,0,55,2,1,1,37,0,high,1.0,
20581,370440,1,7,5,1,65,2,1,1,37,0,low,0.14285714285714285,
20582,370441,1,1,5,0,55,1,1,1,37,0,high,1.0,
20583,370442,1,1,5,0,55,1,1,1,37,0,high,1.0,
20584,370443,1,2,5,6,55,1,1,1,37,0,low,0.5,
20585,370444,1,1,5,0,98,5,1,1,37,0,high,1.0,
20586,370445,1,3,5,6,60,1,1,1,37,0,low,0.3333333333333333,
20587,370446,1,1,5,0,45,5,1,1,37,0,high,1.0,
20588,370447,1,1,5,0,45,5,1,1,37,0,high,1.0,
20589,370448,1,2,5,2,55,1,10,1,37,0,low,0.5,
20590,370449,4,4,5,2,55,5,1,1,37,1,high,1.0,
20591,370450,1,2,1,1,45,3,1,1,37,0,low,0.5,
20592,370451,1,1,4,0,35,4,10,1,37,0,high,1.0,
20593,370452,1,1,4,0,55,1,1,1,37,0,high,1.0,
20594,370453,1,3,4,6,45,1,1,1,37,0,low,0.3333333333333333,
20595,370454,1,1,5,0,35,1,1,1,37,0,high,1.0,
20596,370455,1,1,5,0,98,1,1,1,37,0,high,1.0,
20597,370456,1,1,5,0,55,1,10,1,37,0,high,1.0,
20598,370457,1,2,5,6,35,1,1,1,37,0,low,0.5,
20599,370458,1,1,5,0,55,2,5,1,37,0,high,1.0,
20600,370459,1,4,5,6,55,2,1,1,37,1,low,0.25,
20601,370460,1,2,5,99,55,1,1,1,37,0,low,0.5,
20602,370461,1,2,5,6,35,1,1,1,37,0,low,0.5,
20603,370462,1,3,5,7,45,1,1,1,37,0,low,0.3333333333333333,
20604,370463,1,1,5,0,55,2,1,1,37,0,high,1.0,
20605,370464,1,1,5,0,35,2,1,1,37,0,high,1.0,
20606,370465,1,3,5,0,70,2,1,1,37,0,low,0.3333333333333333,
20607,370466,1,2,5,0,65,2,2,2,37,1,low,0.5,
20608,370467,1,1,5,0,55,1,2,2,37,1,high,1.0,
20609,370468,1,1,5,0,55,1,1,1,37,1,high,1.0,
20610,370469,1,1,5,0,35,1,1,1,37,0,high,1.0,
20611,370470,2,3,5,2,55,1,1,1,37,0,high,0.6666666666666666,
20612,370471,1,1,5,0,70,1,2,2,37,0,high,1.0,
20613,370472,1,2,5,0,45,1,1,1,37,1,low,0.5,
20614,370473,1,2,5,1,70,2,1,1,37,0,low,0.5,
20615,370474,1,1,5,0,35,1,1,1,37,0,high,1.0,
20616,370475,1,2,5,6,55,1,1,1,37,0,low,0.5,
20617,370476,1,1,5,0,45,9,1,1,37,1,high,1.0,
20618,370477,1,1,5,0,45,1,1,1,37,0,high,1.0,
20619,370478,1,3,5,6,45,1,1,1,37,0,low,0.3333333333333333,
20620,370479,1,8,5,1,55,4,1,1,37,0,low,0.125,
20621,370480,1,2,2,6,35,1,1,1,37,0,low,0.5,
20622,370481,1,6,5,1,55,1,1,1,37,0,low,0.16666666666666666,
20623,370482,1,3,6,6,55,1,1,1,37,0,low,0.3333333333333333,
20624,370483,1,1,6,0,55,1,1,1,37,0,high,1.0,
20625,370484,1,3,6,0,55,2,1,1,37,0,low,0.3333333333333333,
20626,370485,1,1,6,0,60,1,1,1,37,0,high,1.0,
20627,370486,1,2,6,1,65,1,1,1,37,0,low,0.5,
20628,370487,1,2,6,0,35,2,1,1,37,1,low,0.5,
20629,370488,1,2,6,0,45,1,1,1,37,0,low,0.5,
20630,370489,1,2,6,6,45,1,1,1,37,0,low,0.5,
20631,370490,1,2,6,6,55,2,1,1,37,2,low,0.5,
20632,370491,1,3,6,6,45,1,1,1,37,0,low,0.3333333333333333,
20633,370492,1,2,6,6,45,5,1,1,37,1,low,0.5,
20634,370493,1,1,6,0,55,1,1,1,37,0,high,1.0,
20635,370494,2,4,6,0,55,1,10,1,37,0,low,0.5,
20636,370495,1,1,6,0,55,1,1,1,37,0,high,1.0,
20637,370496,1,2,6,2,55,2,1,1,37,1,low,0.5,
20638,370497,1,2,6,1,45,1,10,1,37,0,low,0.5,
20639,370498,1,2,6,6,35,1,1,1,37,0,low,0.5,
20640,370499,1,1,6,0,45,1,10,1,37,0,high,1.0,
20641,370500,1,1,6,0,55,1,1,1,37,0,high,1.0,
20642,370501,1,2,6,6,55,1,2,2,37,0,low,0.5,
20643,370502,2,5,6,6,55,1,1,1,37,0,low,0.4,
20644,370503,1,2,6,6,35,3,1,1,37,0,low,0.5,
20645,370504,1,3,6,6,55,1,1,1,37,0,low,0.3333333333333333,
20646,370505,1,4,6,2,55,1,1,1,37,1,low,0.25,
20647,370506,1,3,6,0,65,2,2,2,37,1,low,0.3333333333333333,
20648,370507,1,1,6,0,55,2,10,1,37,1,high,1.0,
20649,370508,1,2,6,0,45,2,1,1,37,1,low,0.5,
20650,370509,1,2,6,0,35,3,1,1,37,1,low,0.5,
20651,370510,1,2,6,6,45,1,10,1,37,0,low,0.5,
20652,370511,1,2,6,0,35,3,1,1,37,1,low,0.5,
20653,370512,1,2,6,1,50,1,1,1,37,0,low,0.5,
20654,370513,1,2,6,0,60,1,1,1,37,0,low,0.5,
20655,370514,1,3,6,0,55,2,1,1,37,1,low,0.3333333333333333,
20656,370515,1,2,6,6,55,1,1,1,37,1,low,0.5,
20657,370516,2,4,6,6,45,1,1,1,37,0,low,0.5,
20658,370517,1,3,6,2,55,1,10,1,37,0,low,0.3333333333333333,
20659,370518,1,3,6,2,45,2,1,1,37,0,low,0.3333333333333333,
20660,370519,1,3,6,6,55,1,1,1,37,0,low,0.3333333333333333,
20661,370520,2,3,6,0,55,2,1,1,37,1,high,0.6666666666666666,
20662,370521,1,9,6,8,55,1,1,1,37,0,low,0.1111111111111111,
20663,370522,1,3,6,2,55,1,1,1,37,0,low,0.3333333333333333,
20664,370523,1,2,6,0,55,2,1,1,37,1,low,0.5,
20665,370524,1,3,6,1,65,2,10,1,37,1,low,0.3333333333333333,