,ST_CASE,FATALS,PERSONS,MONTH,MAN_COLL,VSPD_LIM,LGT_COND,WEATHER,VSURCOND,STATE,DRUNK_DR,rate,rate_numerical,arrival_time
21067,370930,2,2,9,0,45,1,2,2,37,1,high,1.0,
21068,370931,1,1,9,0,50,3,10,2,37,1,high,1.0,
21069,370932,1,4,9,1,65,1,10,1,37,0,low,0.25,
21070,370933,1,1,9,0,55,1,1,1,37,0,high,1.0,
21071,370934,1,3,9,6,55,1,1,1,37,0,low,0.3333333333333333,
21072,370935,1,1,9,0,45,2,1,1,37,1,high,1.0,
21073,370936,1,1,9,0,55,1,1,1,37,1,high,1.0,
21074,370937,1,2,9,1,65,3,1,1,37,0,low,0.5,
21075,370938,1,1,9,0,40,3,10,1,37,0,high,1.0,
21076,370939,1,3,9,6,45,1,1,1,37,0,low,0.3333333333333333,
21077,370940,1,3,9,0,65,1,2,2,37,0,low,0.3333333333333333,
21078,370941,1,3,9,1,55,3,1,1,37,1,low,0.3333333333333333,
21079,370942,1,23,9,6,35,1,10,1,37,0,low,0.043478260869565216,
21080,370943,1,2,9,2,45,3,2,2,37,0,low,0.5,
21081,370944,1,3,9,6,55,1,10,2,37,0,low,0.3333333333333333,
21082,370945,1,2,10,8,55,1,1,1,37,0,low,0.5,
21083,370946,1,2,10,2,55,2,2,2,37,1,low,0.5,
21084,370947,1,3,10,0,45,2,1,1,37,1,low,0.3333333333333333,
21085,370948,1,1,10,0,35,5,1,1,37,0,high,1.0,
21086,370949,1,1,10,0,45,1,1,1,37,0,high,1.0,
21087,370950,1,1,10,0,45,3,1,1,37,1,high,1.0,
21088,370951,1,1,10,0,35,1,1,1,37,0,high,1.0,
21089,370952,1,3,10,0,45,1,1,1,37,1,low,0.3333333333333333,
21090,370953,1,1,10,0,55,2,1,1,37,1,high,1.0,
21091,370954,1,3,10,0,65,1,2,2,37,0,low,0.3333333333333333,
21092,370955,1,1,10,0,55,3,2,2,37,0,high,1.0,
21093,370956,1,1,10,0,60,2,1,1,37,0,high,1.0,
21094,370957,1,2,10,7,70,2,1,1,37,0,low,0.5,
21095,370958,1,1,10,0,55,1,1,1,37,0,high,1.0,
21096,370959,1,1,10,0,35,2,1,1,37,0,high,1.0,
21097,370960,1,2,10,0,60,2,1,1,37,0,low,0.5,
21098,370961,1,3,10,0,35,1,2,2,37,0,low,0.3333333333333333,
21099,370962,1,2,10,1,50,2,1,1,37,0,low,0.5,
21100,370963,1,2,10,0,55,2,1,1,37,1,low,0.5,
21101,370964,1,3,10,11,50,1,10,1,37,0,low,0.3333333333333333,
21102,370965,1,1,10,0,55,1,10,1,37,0,high,1.0,
21103,370966,2,4,10,1,70,1,1,1,37,0,low,0.5,
21104,370967,1,2,10,6,35,1,1,1,37,0,low,0.5,
21105,370968,1,2,10,2,45,3,10,1,37,1,low,0.5,
21106,370969,1,2,10,0,35,1,1,1,37,0,low,0.5,
21107,370970,1,3,10,0,20,3,2,2,37,0,low,0.3333333333333333,
21108,370971,3,3,10,0,45,5,10,2,37,1,high,1.0,
21109,370972,1,3,10,0,55,1,1,1,37,0,low,0.3333333333333333,
21110,370973,1,8,10,6,45,1,2,2,37,0,low,0.125,
21111,370974,1,3,10,6,55,1,2,6,37,0,low,0.3333333333333333,
21112,370975,1,1,10,0,45,2,1,1,37,0,high,1.0,
21113,370976,1,1,10,0,55,1,1,1,37,0,high,1.0,
21114,370977,1,1,10,0,45,1,2,2,37,1,high,1.0,
21115,370978,1,1,10,0,55,1,1,1,37,0,high,1.0,
21116,370979,1,3,10,2,35,1,1,1,37,0,low,0.3333333333333333,
21117,370980,1,1,10,0,45,2,1,1,37,0,high,1.0,
21118,370981,1,3,10,0,35,3,1,1,37,0,low,0.3333333333333333,
21119,370982,1,5,10,6,45,5,10,1,37,0,low,0.2,
21120,370983,2,2,10,2,55,1,1,1,37,0,high,1.0,
21121,370984,1,2,10,2,55,1,1,1,37,0,low,0.5,
21122,370985,1,2,10,0,55,2,1,1,37,1,low,0.5,
21123,370986,1,2,10,0,0,5,1,1,37,0,low,0.5,
21124,370987,1,1,10,0,50,3,1,1,37,0,high,1.0,
21125,370988,1,4,10,0,45,3,1,1,37,0,low,0.25,
21126,370989,1,11,10,6,55,1,1,1,37,1,low,0.09090909090909091,
21127,370990,1,2,10,0,55,1,1,1,37,0,low,0.5,
21128,370991,1,1,10,0,55,2,1,1,37,0,high,1.0,
21129,370992,1,3,10,0,55,2,10,2,37,1,low,0.3333333333333333,
21130,370993,1,1,10,6,55,2,1,1,37,0,high,1.0,
21131,370994,1,1,10,0,55,1,1,1,37,0,high,1.0,
21132,370995,1,2,10,1,55,2,1,1,37,1,low,0.5,
21133,370996,1,2,10,6,50,2,10,2,37,0,low,0.5,
21134,370997,1,2,10,7,65,2,1,1,37,0,low,0.5,
21135,370998,1,1,10,0,55,2,1,1,37,1,high,1.0,
21136,370999,1,6,10,6,55,2,1,1,37,2,low,0.16666666666666666,
21137,371000,1,2,10,1,55,3,1,1,37,0,low,0.5,
21138,371001,1,3,10,6,35,1,1,1,37,0,low,0.3333333333333333,
21139,371002,1,1,10,0,45,3,10,1,37,1,high,1.0,
21140,371003,1,1,10,0,45,2,1,1,37,1,high,1.0,
21141,371004,1,1,10,0,55,2,1,1,37,1,high,1.0,
21142,371005,1,3,10,2,50,2,1,1,37,0,low,0.3333333333333333,
21143,371006,2,2,10,0,70,2,1,1,37,1,high,1.0,
21144,371007,1,1,10,0,50,1,1,1,37,0,high,1.0,
21145,371008,1,1,8,0,55,1,10,1,37,0,high,1.0,
21146,371009,1,3,10,2,45,1,2,2,37,0,low,0.3333333333333333,
21147,371010,1,2,10,2,45,1,1,1,37,0,low,0.5,
21148,371011,4,7,10,0,70,1,1,1,37,1,high,0.5714285714285714,
21149,371012,1,1,10,0,45,1,1,1,37,0,high,1.0,
21150,371013,1,5,10,0,70,2,1,1,37,0,low,0.2,
21151,371014,1,4,10,6,55,1,1,1,37,0,low,0.25,
21152,371015,1,1,10,0,55,2,1,1,37,1,high,1.0,
21153,371016,1,1,10,0,55,3,2,2,37,1,high,1.0,
21154,371017,1,1,10,0,45,2,1,1,37,1,high,1.0,
21155,371018,1,3,10,2,55,1,1,1,37,0,low,0.3333333333333333,
21156,371019,1,3,10,6,55,1,1,1,37,0,low,0.3333333333333333,
21157,371020,1,1,10,0,60,3,1,1,37,0,high,1.0,
21158,371021,2,3,10,2,25,1,1,1,37,1,high,0.6666666666666666,
21159,371022,1,1,10,0,35,2,2,2,37,0,high,1.0,
21160,371023,1,1,10,0,35,1,1,1,37,0,high,1.0,
21161,371024,2,2,10,0,55,1,1,1,37,1,high,1.0,
21162,371025,1,1,10,0,55,2,1,1,37,0,high,1.0,
21163,371026,1,8,10,2,55,2,1,1,37,0,low,0.125,
21164,371027,1,4,10,2,55,1,1,1,37,1,low,0.25,
21165,371028,1,2,10,1,55,2,1,1,37,0,low,0.5,
21166,371029,1,1,10,0,45,2,2,2,37,1,high,1.0,
21167,371030,1,7,10,6,35,3,1,1,37,1,low,0.14285714285714285,
21168,371031,1,1,10,0,45,2,10,1,37,1,high,1.0,
21169,371032,1,2,10,6,55,1,1,1,37,0,low,0.5,
21170,371033,1,1,11,0,45,2,10,1,37,0,high,1.0,
21171,371034,1,1,11,0,55,1,2,2,37,0,high,1.0,
21172,371035,1,5,11,1,60,5,1,1,37,0,low,0.2,
21173,371036,2,2,11,6,55,1,2,6,37,0,high,1.0,
21174,371037,1,1,11,0,55,2,10,1,37,1,high,1.0,
21175,371038,1,1,11,0,55,1,1,1,37,1,high,1.0,
21176,371039,1,4,11,0,45,2,2,6,37,0,low,0.25,
21177,371040,1,1,11,0,45,2,1,1,37,1,high,1.0,
21178,371041,1,1,11,0,45,1,10,1,37,0,high,1.0,
21179,371042,1,1,11,0,55,1,1,1,37,0,high,1.0,
21180,371043,1,4,11,6,40,1,1,1,37,1,low,0.25,
21181,371044,1,1,11,0,70,1,2,6,37,0,high,1.0,
21182,371045,1,1,11,0,55,2,2,2,37,0,high,1.0,
21183,371046,1,1,11,0,55,3,1,2,37,1,high,1.0,
21184,371047,1,2,11,0,45,2,1,1,37,0,low,0.5,
21185,371048,1,3,11,0,45,3,1,1,37,0,low,0.3333333333333333,
21186,371049,1,2,11,0,45,2,1,1,37,1,low,0.5,
21187,371050,1,1,11,0,55,4,10,2,37,1,high,1.0,
21188,371051,1,1,11,0,55,2,1,1,37,0,high,1.0,
21189,371052,1,1,11,0,45,2,1,1,37,1,high,1.0,
21190,371053,1,1,11,0,55,2,10,2,37,0,high,1.0,
21191,371054,1,2,11,0,35,2,2,2,37,0,low,0.5,
21192,371055,1,1,11,0,55,2,2,2,37,0,high,1.0,
21193,371056,1,1,11,0,55,2,10,1,37,0,high,1.0,
21194,371057,1,2,11,0,55,2,10,1,37,0,low,0.5,
21195,371058,1,2,11,6,45,1,1,2,37,0,low,0.5,
21196,371059,1,3,11,2,45,1,1,1,37,0,low,0.3333333333333333,
21197,371060,1,4,7,2,45,1,1,1,37,0,low,0.25,
21198,371061,1,2,9,6,45,1,1,1,37,0,low,0.5,
21199,371062,1,1,9,0,35,3,10,2,37,0,high,1.0,
21200,371063,1,3,9,6,35,1,10,1,37,0,low,0.3333333333333333,
21201,371064,1,1,9,0,35,3,1,1,37,0,high,1.0,
21202,371065,1,2,9,6,35,1,1,1,37,0,low,0.5,
21203,371066,1,1,10,0,25,2,1,1,37,1,high,1.0,
21204,371067,1,2,10,0,35,2,1,1,37,0,low,0.5,
21205,371068,1,2,10,2,45,1,1,1,37,0,low,0.5,
21206,371069,1,1,10,0,45,2,1,1,37,0,high,1.0,
21207,371070,1,6,10,7,55,1,1,1,37,0,low,0.16666666666666666,
21208,371071,1,3,10,1,55,1,1,1,37,0,low,0.3333333333333333,
21209,371072,1,1,10,0,35,1,1,1,37,0,high,1.0,
21210,371073,1,3,10,2,45,2,10,2,37,0,low,0.3333333333333333,
21211,371074,1,4,10,7,50,3,1,1,37,0,low,0.25,
21212,371075,1,3,11,0,55,2,2,2,37,1,low,0.3333333333333333,
21213,371076,1,1,11,0,35,2,10,1,37,0,high,1.0,
21214,371077,1,1,11,0,35,3,2,2,37,0,high,1.0,
21215,371078,1,1,11,0,35,5,1,1,37,0,high,1.0,
21216,371079,1,3,11,1,55,1,1,1,37,0,low,0.3333333333333333,
21217,371080,1,1,11,0,55,2,1,1,37,1,high,1.0,
21218,371081,1,2,11,0,55,1,1,11,37,0,low,0.5,
21219,371082,1,2,11,6,55,2,1,1,37,0,low,0.5,
21220,371083,1,1,11,0,45,1,1,1,37,0,high,1.0,
21221,371084,1,1,11,0,45,1,10,1,37,0,high,1.0,
21222,371085,1,11,11,1,70,2,1,1,37,0,low,0.09090909090909091,
21223,371086,1,1,11,0,45,1,1,1,37,0,high,1.0,
21224,371087,1,2,11,6,55,2,2,6,37,0,low,0.5,
21225,371088,1,5,11,6,55,2,1,1,37,1,low,0.2,
21226,371089,1,1,11,0,55,2,1,1,37,0,high,1.0,
21227,371090,1,2,11,6,55,1,1,1,37,0,low,0.5,
21228,371091,1,1,11,0,35,1,1,1,37,0,high,1.0,
21229,371092,1,4,11,6,55,2,1,1,37,0,low,0.25,
21230,371093,1,3,11,0,30,3,1,1,37,0,low,0.3333333333333333,
21231,371094,2,2,11,0,65,2,1,1,37,1,high,1.0,
21232,371095,1,1,11,0,40,2,1,1,37,0,high,1.0,
21233,371096,1,1,11,0,60,2,2,6,37,0,high,1.0,
21234,371097,1,7,11,1,50,1,10,2,37,0,low,0.14285714285714285,
21235,371098,1,3,11,0,55,1,10,1,37,0,low,0.3333333333333333,
21236,371099,1,5,11,6,55,1,1,1,37,0,low,0.2,
21237,371100,1,2,11,1,45,1,1,1,37,0,low,0.5,
21238,371101,1,3,11,6,55,2,10,1,37,0,low,0.3333333333333333,
21239,371102,1,1,11,0,45,5,2,2,37,0,high,1.0,
21240,371103,1,1,11,0,55,1,10,1,37,0,high,1.0,
21241,371104,1,3,11,2,55,2,2,2,37,1,low,0.3333333333333333,
21242,371105,1,2,11,2,45,1,1,1,37,0,low,0.5,
21243,371106,1,1,11,0,55,1,1,1,37,0,high,1.0,
21244,371107,1,2,11,6,25,1,1,1,37,1,low,0.5,
21245,371108,1,1,11,0,55,2,1,1,37,1,high,1.0,
21246,371109,1,1,11,0,45,2,1,1,37,1,high,1.0,
21247,371110,1,3,11,2,65,2,1,1,37,1,low,0.3333333333333333,
21248,371111,1,2,11,0,55,3,10,2,37,1,low,0.5,
21249,371112,1,1,11,0,70,2,10,1,37,0,high,1.0,
21250,371113,1,2,11,6,25,3,1,1,37,0,low,0.5,
21251,371114,1,3,11,6,45,2,10,2,37,1,low,0.3333333333333333,
21252,371115,1,2,11,0,45,2,1,1,37,0,low,0.5,
21253,371116,1,7,11,2,35,1,1,1,37,1,low,0.14285714285714285,
21254,371117,1,2,11,2,45,1,1,1,37,2,low,0.5,
21255,371118,1,1,11,0,45,1,1,1,37,0,high,1.0,
21256,371119,1,1,11,0,45,3,3,2,37,0,high,1.0,
21257,371120,1,5,11,2,55,1,1,1,37,0,low,0.2,
21258,371121,2,14,11,1,55,1,10,2,37,0,low,0.14285714285714285,
21259,371122,1,1,11,0,40,3,1,1,37,0,high,1.0,
21260,371123,1,1,11,0,55,2,1,1,37,0,high,1.0,
21261,371124,1,2,11,1,55,2,1,1,37,0,low,0.5,
21262,371125,1,2,11,6,70,2,2,2,37,0,low,0.5,
21263,371126,1,2,11,1,55,2,1,1,37,2,low,0.5,
21264,371127,1,4,11,2,55,1,1,1,37,0,low,0.25,
21265,371128,1,5,11,6,45,1,1,1,37,0,low,0.2,
21266,371129,1,1,11,0,55,2,10,1,37,0,high,1.0,
21267,371130,1,2,11,0,65,2,1,1,37,0,low,0.5,
21268,371132,1,2,11,6,55,2,1,1,37,2,low,0.5,
21269,371133,1,2,11,6,55,1,1,1,37,0,low,0.5,
21270,371134,1,1,11,0,45,3,2,2,37,0,high,1.0,
21271,371135,1,1,11,0,55,1,1,1,37,0,high,1.0,
21272,371136,3,5,11,7,55,1,1,1,37,0,high,0.6,
21273,371137,1,2,11,6,55,2,1,1,37,0,low,0.5,
21274,371138,1,1,11,0,45,2,1,1,37,0,high,1.0,
21275,371139,1,1,11,6,55,2,1,1,37,0,high,1.0,
21276,371140,1,7,11,8,55,1,1,1,37,0,low,0.14285714285714285,
21277,371141,3,6,11,2,55,1,10,1,37,0,low,0.5,
21278,371142,2,3,11,2,55,1,2,2,37,0,high,0.6666666666666666,
21279,371143,2,5,11,2,55,2,2,2,37,0,low,0.4,
21280,371144,1,1,11,0,65,2,10,1,37,0,high,1.0,
21281,371145,1,5,11,0,65,2,1,1,37,0,low,0.2,
21282,371146,1,1,11,0,55,2,2,2,37,0,high,1.0,
21283,371147,1,1,11,0,45,1,1,1,37,0,high,1.0,
21284,371148,1,1,11,0,45,2,10,1,37,1,high,1.0,
21285,371149,1,3,11,0,45,3,1,1,37,0,low,0.3333333333333333,
21286,371150,1,2,11,1,65,2,1,1,37,1,low,0.5,
21287,371151,1,2,11,0,30,1,10,1,37,0,low,0.5,
21288,371152,1,1,11,0,55,1,1,1,37,0,high,1.0,
21289,371153,1,1,11,0,55,2,1,1,37,1,high,1.0,
21290,371154,1,1,7,0,40,3,1,1,37,0,high,1.0,
21291,371155,1,7,10,6,98,1,1,1,37,0,low,0.14285714285714285,
21292,371156,1,2,11,2,45,1,1,1,37,0,low,0.5,
21293,371157,1,2,11,2,45,2,1,1,37,1,low,0.5,
21294,371158,1,2,11,2,45,2,1,1,37,1,low,0.5,
21295,371159,1,3,11,1,60,2,1,1,37,2,low,0.3333333333333333,
21296,371160,1,3,11,1,65,5,10,1,37,0,low,0.3333333333333333,
21297,371161,1,1,12,0,45,3,1,1,37,0,high,1.0,
21298,371162,1,4,12,0,45,2,1,1,37,1,low,0.25,
21299,371163,1,3,12,6,45,2,1,1,37,1,low,0.3333333333333333,
21300,371164,1,3,12,0,50,2,5,2,37,1,low,0.3333333333333333,
21301,371165,1,1,12,0,55,2,1,1,37,1,high,1.0,
21302,371166,1,2,12,0,55,5,1,1,37,0,low,0.5,
21303,371167,1,2,12,0,45,2,1,2,37,1,low,0.5,
21304,371168,1,3,12,2,55,1,1,1,37,0,low,0.3333333333333333,
21305,371169,1,2,12,1,55,1,10,1,37,1,low,0.5,
21306,371170,1,1,12,0,98,2,1,5,37,1,high,1.0,
21307,371171,1,2,12,0,45,5,1,1,37,0,low,0.5,
21308,371172,1,1,12,0,55,2,1,1,37,0,high,1.0,
21309,371173,1,2,12,6,35,2,1,1,37,1,low,0.5,
21310,371174,1,1,12,0,45,1,1,1,37,0,high,1.0,
21311,371175,1,2,12,2,55,1,5,1,37,1,low,0.5,
21312,371176,1,2,12,6,50,4,1,1,37,0,low,0.5,
21313,371177,1,1,12,0,55,1,1,1,37,0,high,1.0,
21314,371178,1,3,12,0,55,4,5,4,37,0,low,0.3333333333333333,
21315,371179,1,4,12,1,55,1,1,1,37,2,low,0.25,
21316,371180,2,3,12,8,45,1,2,2,37,1,high,0.6666666666666666,
21317,371181,1,3,12,2,55,5,10,1,37,0,low,0.3333333333333333,
21318,371182,1,2,12,6,55,1,10,1,37,0,low,0.5,
21319,371183,1,1,12,0,55,1,1,1,37,1,high,1.0,
21320,371184,2,2,12,2,50,1,1,1,37,2,high,1.0,
21321,371185,1,1,12,0,45,1,2,2,37,0,high,1.0,
21322,371186,1,1,12,0,35,3,5,1,37,1,high,1.0,
21323,371187,1,2,12,6,45,1,1,1,37,0,low,0.5,
21324,371188,1,1,12,0,55,2,1,1,37,1,high,1.0,
21325,371189,1,2,12,6,45,1,1,1,37,0,low,0.5,
21326,371190,1,2,12,0,45,2,1,1,37,0,low,0.5,
21327,371191,1,1,12,0,55,2,5,2,37,0,high,1.0,
21328,371192,1,2,12,6,35,1,1,1,37,0,low,0.5,
21329,371193,1,1,12,0,70,1,10,1,37,0,high,1.0,
21330,371194,1,1,12,0,65,1,2,2,37,0,high,1.0,
21331,371195,1,2,12,2,55,1,1,1,37,0,low,0.5,
21332,371196,1,3,12,8,45,1,1,1,37,0,low,0.3333333333333333,
21333,371197,1,2,12,6,45,1,10,1,37,0,low,0.5,
21334,371198,1,1,12,0,55,1,2,2,37,0,high,1.0,
21335,371199,1,1,12,0,45,1,1,1,37,0,high,1.0,
21336,371200,1,3,12,1,65,1,1,1,37,0,low,0.3333333333333333,
21337,371201,1,3,12,6,35,3,2,2,37,1,low,0.3333333333333333,
21338,371202,1,2,12,0,35,1,2,2,37,0,low,0.5,
21339,371203,1,2,12,2,45,1,2,2,37,0,low,0.5,
21340,371204,2,5,12,6,45,1,10,2,37,0,low,0.4,
21341,371205,1,1,12,0,55,2,1,1,37,1,high,1.0,
21342,371206,1,3,12,6,55,1,1,1,37,0,low,0.3333333333333333,
21343,371207,1,3,12,0,60,3,10,1,37,0,low,0.3333333333333333,
21344,371208,1,2,12,2,50,1,1,1,37,1,low,0.5,
21345,371209,1,3,12,0,55,2,1,1,37,1,low,0.3333333333333333,
21346,371210,1,3,12,6,35,1,1,1,37,0,low,0.3333333333333333,
21347,371211,1,1,12,0,55,1,1,1,37,0,high,1.0,
21348,371212,1,2,12,6,55,2,1,1,37,0,low,0.5,
21349,371213,1,1,12,0,55,2,2,2,37,0,high,1.0,
21350,371214,1,5,12,0,45,1,1,1,37,0,low,0.2,
21351,371215,1,1,12,0,45,2,1,1,37,1,high,1.0,
21352,371216,1,2,12,1,45,1,1,1,37,0,low,0.5,
21353,371217,1,2,12,6,50,1,1,1,37,0,low,0.5,
21354,371218,1,1,12,0,30,1,1,1,37,1,high,1.0,
21355,371219,1,1,12,0,55,2,1,1,37,0,high,1.0,
21356,371220,1,1,12,0,55,2,1,1,37,0,high,1.0,
21357,371221,1,1,12,0,45,1,1,1,37,0,high,1.0,
21358,371222,1,1,12,0,60,2,1,2,37,0,high,1.0,
21359,371223,1,1,12,0,45,3,5,2,37,0,high,1.0,
21360,371224,1,2,12,2,65,3,1,1,37,1,low,0.5,
21361,371225,1,1,12,0,45,2,1,1,37,1,high,1.0,
21362,371226,1,2,12,0,45,1,1,1,37,0,low,0.5,
21363,371227,1,4,12,1,55,1,1,1,37,0,low,0.25,
21364,371228,1,2,12,6,45,2,1,1,37,0,low,0.5,
21365,371229,1,6,12,6,35,1,10,1,37,0,low,0.16666666666666666,
21366,371230,1,1,12,0,30,3,2,2,37,0,high,1.0,
21367,371231,1,2,12,6,45,1,2,2,37,1,low,0.5,
21368,371232,1,1,12,0,35,4,10,1,37,0,high,1.0,
21369,371233,2,2,12,0,55,6,1,1,37,1,high,1.0,
21370,371234,1,1,12,0,70,2,1,1,37,1,high,1.0,
21371,371235,1,1,12,0,45,3,10,1,37,1,high,1.0,
21372,371236,1,1,12,0,55,1,1,1,37,0,high,1.0,
21373,371237,1,1,12,0,55,2,1,1,37,0,high,1.0,
21374,371238,1,4,12,0,55,1,1,1,37,0,low,0.25,
21375,371239,1,1,12,0,98,2,1,2,37,0,high,1.0,
21376,371240,1,1,12,0,55,2,1,1,37,1,high,1.0,
21377,371241,1,2,12,0,55,2,5,1,37,0,low,0.5,
21378,371242,1,1,12,0,45,3,10,2,37,1,high,1.0,
21379,371243,1,2,12,0,55,5,1,1,37,0,low,0.5,
21380,371244,1,4,12,0,55,2,2,2,37,1,low,0.25,
21381,371245,1,3,12,0,45,1,1,1,37,0,low,0.3333333333333333,
21382,371246,1,7,12,6,55,1,10,1,37,0,low,0.14285714285714285,
21383,371247,2,3,12,6,55,1,1,1,37,0,high,0.6666666666666666,
21384,371248,1,1,12,0,55,2,1,2,37,0,high,1.0,
21385,371249,1,3,12,2,55,2,1,1,37,1,low,0.3333333333333333,
21386,371250,1,1,12,0,55,1,1,1,37,0,high,1.0,
21387,371251,1,1,12,0,60,2,1,1,37,0,high,1.0,
21388,371252,1,2,12,6,45,1,1,1,37,0,low,0.5,
21389,371253,1,4,12,2,35,2,1,1,37,0,low,0.25,
21390,371254,1,3,12,6,55,2,2,2,37,0,low,0.3333333333333333,
21391,371255,1,3,12,0,35,1,1,1,37,0,low,0.3333333333333333,
21392,371256,1,3,12,6,35,3,1,1,37,0,low,0.3333333333333333,
21393,371257,1,3,12,6,55,1,1,1,37,0,low,0.3333333333333333,
21394,371258,2,2,12,2,60,2,10,1,37,1,high,1.0,
21395,371259,3,3,12,0,45,2,10,2,37,1,high,1.0,
21396,371260,1,3,2,1,55,1,1,1,37,0,low,0.3333333333333333,
21397,371261,1,1,10,0,35,2,2,2,37,0,high,1.0,
21398,371262,1,1,10,0,20,1,1,1,37,0,high,1.0,
21399,371263,1,1,11,0,45,3,1,1,37,0,high,1.0,
21400,371264,1,3,12,0,45,2,1,1,37,1,low,0.3333333333333333,
21401,371265,1,2,12,2,50,1,1,1,37,0,low,0.5,
21402,371266,1,2,12,0,55,2,1,1,37,1,low,0.5,
21403,371267,1,1,12,0,55,4,2,2,37,0,high,1.0,
21404,371268,1,2,12,6,55,1,2,6,37,1,low,0.5,
21405,371269,1,3,12,2,55,2,1,2,37,1,low,0.3333333333333333,
21406,371270,1,4,12,6,55,1,10,1,37,0,low,0.25,
21407,371271,1,1,12,0,35,3,1,1,37,0,high,1.0,
21408,371272,1,1,6,0,35,2,1,1,37,0,high,1.0,
21409,371273,1,1,8,0,55,1,1,1,37,1,high,1.0,
21410,371274,1,6,10,0,55,1,2,2,37,1,low,0.16666666666666666,
21411,371275,1,2,11,6,55,1,1,1,37,0,low,0.5,
21412,371276,1,1,11,0,55,2,1,1,37,0,high,1.0,
21413,371277,1,4,12,6,45,1,1,1,37,0,low,0.25,
21414,371278,1,1,12,0,35,1,10,2,37,0,high,1.0,
21415,371279,1,1,12,0,45,1,1,1,37,0,high,1.0,
21416,371280,1,1,11,0,35,1,1,1,37,0,high,1.0,
21417,371281,1,3,12,6,55,1,1,1,37,0,low,0.3333333333333333,
21418,371282,1,1,12,0,35,1,1,1,37,0,high,1.0,
21419,371283,1,6,12,6,55,2,1,1,37,0,low,0.16666666666666666,
21420,380001,1,2,1,6,55,1,10,3,38,0,low,0.5,
21421,380002,2,14,1,0,35,1,1,1,38,0,low,0.14285714285714285,
21422,380003,1,6,1,0,40,3,10,4,38,0,low,0.16666666666666666,
21423,380005,1,2,1,0,65,2,4,4,38,1,low,0.5,
21424,380006,1,2,1,2,65,1,1,1,38,1,low,0.5,
21425,380007,2,3,1,6,65,2,3,4,38,1,high,0.6666666666666666,
21426,380008,1,3,2,0,75,1,1,1,38,0,low,0.3333333333333333,
21427,380009,1,2,2,0,65,2,99,1,38,1,low,0.5,
21428,380010,1,2,2,2,35,3,1,4,38,1,low,0.5,
21429,380011,1,3,2,6,65,2,4,4,38,1,low,0.3333333333333333,
21430,380012,3,4,2,6,70,2,10,1,38,0,high,0.75,
21431,380013,1,3,3,0,65,1,1,1,38,1,low,0.3333333333333333,
21432,380014,3,4,3,6,65,2,1,1,38,0,high,0.75,
21433,380015,1,1,3,0,98,2,98,1,38,0,high,1.0,
21434,380016,1,3,3,6,55,1,1,1,38,0,low,0.3333333333333333,
21435,380017,1,1,3,0,55,2,1,1,38,0,high,1.0,
21436,380018,1,1,3,0,65,2,99,1,38,1,high,1.0,
21437,380019,1,3,3,1,75,2,2,4,38,0,low,0.3333333333333333,
21438,380021,1,3,3,6,30,1,1,1,38,0,low,0.3333333333333333,
21439,380022,1,1,3,0,75,1,10,1,38,0,high,1.0,
21440,380023,1,2,3,1,55,1,10,1,38,0,low,0.5,
21441,380024,1,2,4,6,65,1,1,1,38,0,low,0.5,
21442,380025,1,1,4,0,65,2,1,1,38,0,high,1.0,
21443,380026,1,2,4,0,65,2,1,1,38,1,low,0.5,
21444,380027,1,2,4,1,70,1,1,1,38,0,low,0.5,
21445,380028,1,1,4,0,55,4,5,1,38,1,high,1.0,
21446,380029,1,3,4,0,65,1,1,1,38,1,low,0.3333333333333333,
21447,380030,1,1,5,0,70,1,1,1,38,0,high,1.0,
21448,380031,1,1,5,0,75,2,10,2,38,0,high,1.0,
21449,380032,1,4,5,0,55,2,2,11,38,1,low,0.25,
21450,380033,1,1,5,0,25,1,10,1,38,1,high,1.0,
21451,380034,1,1,5,0,65,4,10,1,38,1,high,1.0,
21452,380035,1,2,5,2,35,1,1,1,38,0,low,0.5,
21453,380036,1,1,5,0,65,2,1,1,38,1,high,1.0,