,ST_CASE,FATALS,PERSONS,MONTH,MAN_COLL,VSPD_LIM,LGT_COND,WEATHER,VSURCOND,STATE,DRUNK_DR,rate,rate_numerical,arrival_time
23441,410296,1,1,11,0,98,1,10,1,41,0,high,1.0,
23442,410297,1,3,3,1,45,1,1,1,41,0,low,0.3333333333333333,
23443,410298,1,3,10,6,55,5,10,1,41,1,low,0.3333333333333333,
23444,410299,1,1,10,0,35,1,1,1,41,1,high,1.0,
23445,410300,1,3,10,6,55,1,1,1,41,0,low,0.3333333333333333,
23446,410301,1,1,11,0,45,2,1,1,41,0,high,1.0,
23447,410302,1,1,11,0,55,2,2,2,41,0,high,1.0,
23448,410303,1,1,11,0,55,2,10,2,41,1,high,1.0,
23449,410304,1,1,11,0,55,2,1,1,41,1,high,1.0,
23450,410305,1,1,11,0,55,2,98,2,41,0,high,1.0,
23451,410306,1,2,11,0,98,3,2,2,41,1,low,0.5,
23452,410307,3,3,11,2,55,3,1,1,41,0,high,1.0,
23453,410308,1,1,11,0,55,2,1,1,41,0,high,1.0,
23454,410309,1,2,11,0,55,3,1,1,41,1,low,0.5,
23455,410310,1,3,11,2,55,2,1,1,41,1,low,0.3333333333333333,
23456,410311,1,2,11,2,55,1,2,2,41,0,low,0.5,
23457,410312,1,1,11,0,55,9,3,2,41,1,high,1.0,
23458,410313,1,1,11,0,35,2,10,1,41,0,high,1.0,
23459,410314,1,1,11,0,55,1,4,4,41,0,high,1.0,
23460,410315,1,1,5,0,98,1,1,98,41,0,high,1.0,
23461,410316,1,8,6,6,98,1,1,1,41,1,low,0.125,
23462,410317,1,2,6,6,98,1,1,1,41,0,low,0.5,
23463,410318,1,2,7,6,98,3,1,1,41,0,low,0.5,
23464,410319,1,1,8,0,30,3,1,1,41,0,high,1.0,
23465,410320,1,2,8,6,98,1,1,1,41,1,low,0.5,
23466,410321,1,2,8,0,98,2,1,1,41,1,low,0.5,
23467,410322,1,1,8,0,40,2,1,1,41,0,high,1.0,
23468,410323,1,1,8,0,98,1,98,98,41,0,high,1.0,
23469,410324,1,13,9,2,98,1,1,2,41,0,low,0.07692307692307693,
23470,410325,2,1,9,0,98,5,1,1,41,0,high,2.0,
23471,410326,1,1,9,0,35,3,1,1,41,0,high,1.0,
23472,410327,1,2,10,0,98,2,1,1,41,1,low,0.5,
23473,410328,1,1,10,0,98,1,1,1,41,0,high,1.0,
23474,410329,1,5,11,2,55,1,2,2,41,0,low,0.2,
23475,410330,1,5,11,1,0,3,2,0,41,1,low,0.2,
23476,410331,1,1,11,0,98,2,98,1,41,0,high,1.0,
23477,410332,1,2,11,0,98,2,1,1,41,1,low,0.5,
23478,410333,1,14,11,1,55,2,7,1,41,0,low,0.07142857142857142,
23479,410334,1,3,11,6,98,1,1,1,41,1,low,0.3333333333333333,
23480,410335,1,1,11,0,55,1,1,1,41,0,high,1.0,
23481,410336,1,1,11,0,45,2,1,1,41,0,high,1.0,
23482,410337,1,3,11,0,55,2,1,4,41,0,low,0.3333333333333333,
23483,410338,1,4,11,1,98,5,1,2,41,1,low,0.25,
23484,410339,1,2,11,2,55,2,10,1,41,1,low,0.5,
23485,410340,1,1,11,0,55,2,1,1,41,1,high,1.0,
23486,410341,1,9,12,6,55,1,1,98,41,0,low,0.1111111111111111,
23487,410342,1,2,12,6,55,1,10,1,41,0,low,0.5,
23488,410343,1,1,12,0,65,2,10,2,41,0,high,1.0,
23489,410344,1,3,12,6,40,3,2,2,41,0,low,0.3333333333333333,
23490,410345,1,3,12,6,0,2,10,0,41,0,low,0.3333333333333333,
23491,410346,1,1,12,0,45,1,1,1,41,0,high,1.0,
23492,410347,1,1,12,0,35,1,10,2,41,0,high,1.0,
23493,410348,2,3,12,6,55,2,10,2,41,1,high,0.6666666666666666,
23494,410349,1,5,12,2,55,2,4,4,41,0,low,0.2,
23495,410350,1,2,12,0,98,2,1,98,41,0,low,0.5,
23496,410351,1,2,12,2,55,5,10,1,41,0,low,0.5,
23497,410352,1,1,12,0,45,1,2,2,41,0,high,1.0,
23498,410353,1,2,12,0,45,3,2,2,41,0,low,0.5,
23499,410354,1,2,12,0,25,2,98,2,41,0,low,0.5,
23500,410355,2,4,12,6,55,1,4,4,41,0,low,0.5,
23501,410356,1,1,12,0,55,1,2,2,41,0,high,1.0,
23502,410357,1,1,12,0,45,2,2,2,41,1,high,1.0,
23503,410358,1,1,12,0,55,2,2,2,41,1,high,1.0,
23504,410359,1,5,12,2,55,1,10,2,41,0,low,0.2,
23505,410360,1,3,5,2,35,1,98,98,41,0,low,0.3333333333333333,
23506,410361,2,2,12,2,55,1,10,2,41,0,high,1.0,
23507,410362,1,3,12,2,55,1,2,2,41,0,low,0.3333333333333333,
23508,410363,1,2,12,6,55,1,4,4,41,0,low,0.5,
23509,410364,1,4,12,6,55,1,4,3,41,0,low,0.25,
23510,410365,1,4,12,6,45,5,2,2,41,1,low,0.25,
23511,410366,1,4,12,6,55,2,10,2,41,0,low,0.25,
23512,410367,1,1,12,0,55,2,5,4,41,0,high,1.0,
23513,410368,1,2,12,0,55,2,1,1,41,0,low,0.5,
23514,410369,1,1,12,0,45,3,2,2,41,0,high,1.0,
23515,410370,1,4,1,2,55,1,1,1,41,0,low,0.25,
23516,410371,1,2,2,0,35,1,1,1,41,0,low,0.5,
23517,410372,1,1,3,0,55,2,1,1,41,1,high,1.0,
23518,410373,1,1,5,0,98,1,98,98,41,1,high,1.0,
23519,410374,1,4,5,2,50,1,1,1,41,0,low,0.25,
23520,410375,1,3,5,0,98,2,98,98,41,1,low,0.3333333333333333,
23521,410376,1,1,5,0,55,1,1,1,41,1,high,1.0,
23522,410377,2,4,7,6,55,1,1,98,41,0,low,0.5,
23523,410378,1,1,4,0,98,1,98,98,41,0,high,1.0,
23524,410379,1,1,4,0,98,1,98,98,41,0,high,1.0,
23525,410380,1,2,6,6,98,1,98,98,41,1,low,0.5,
23526,410381,1,2,6,98,98,1,98,98,41,0,low,0.5,
23527,410382,1,1,7,0,98,2,98,98,41,1,high,1.0,
23528,410383,1,1,8,0,98,3,98,98,41,0,high,1.0,
23529,410384,1,3,8,98,25,2,98,98,41,1,low,0.3333333333333333,
23530,410385,1,1,8,0,98,1,98,98,41,0,high,1.0,
23531,410386,1,2,9,0,25,3,1,1,41,1,low,0.5,
23532,410387,1,2,9,2,98,1,1,1,41,1,low,0.5,
23533,410388,1,2,9,0,55,1,1,1,41,0,low,0.5,
23534,410390,1,1,9,0,98,2,98,98,41,1,high,1.0,
23535,410391,1,2,9,2,55,1,98,98,41,0,low,0.5,
23536,410392,1,2,9,0,55,1,98,98,41,0,low,0.5,
23537,410393,1,1,9,0,98,1,98,98,41,0,high,1.0,
23538,410394,1,3,9,2,98,1,98,98,41,1,low,0.3333333333333333,
23539,410395,1,1,9,0,98,1,98,98,41,0,high,1.0,
23540,410396,1,1,11,0,35,3,10,1,41,0,high,1.0,
23541,410397,1,4,12,2,65,2,10,2,41,1,low,0.25,
23542,410398,3,3,12,0,55,1,10,1,41,0,high,1.0,
23543,410399,1,2,12,6,55,1,10,4,41,0,low,0.5,
23544,410400,1,2,11,6,98,2,98,98,41,0,low,0.5,
23545,410401,1,1,10,0,98,2,98,98,41,0,high,1.0,
23546,410402,1,2,11,0,55,2,1,1,41,0,low,0.5,
23547,410403,1,2,11,0,98,1,98,98,41,0,low,0.5,
23548,410404,1,2,11,0,98,1,98,98,41,1,low,0.5,
23549,410405,1,1,11,0,98,2,98,98,41,1,high,1.0,
23550,410406,1,1,12,98,98,1,98,98,41,1,high,1.0,
23551,410407,1,2,12,0,98,1,2,98,41,0,low,0.5,
23552,410408,1,1,12,0,45,2,2,2,41,1,high,1.0,
23553,410409,1,1,12,0,98,2,98,98,41,1,high,1.0,
23554,410410,1,1,12,0,98,9,98,98,41,1,high,1.0,
23555,410411,1,1,12,0,98,2,98,98,41,1,high,1.0,
23556,410412,1,1,12,0,98,1,98,98,41,1,high,1.0,
23557,410413,1,1,12,0,40,3,98,98,41,0,high,1.0,
23558,410414,1,1,12,0,98,2,98,98,41,1,high,1.0,
23559,410415,1,1,12,0,98,2,98,98,41,0,high,1.0,
23560,420001,1,1,1,0,25,1,1,1,42,0,high,1.0,
23561,420002,1,2,1,0,25,2,1,1,42,1,low,0.5,
23562,420003,1,1,1,0,50,2,1,1,42,1,high,1.0,
23563,420004,1,3,1,0,35,2,1,1,42,0,low,0.3333333333333333,
23564,420005,1,3,1,6,40,2,1,2,42,0,low,0.3333333333333333,
23565,420006,2,4,1,0,35,1,1,1,42,0,low,0.5,
23566,420007,1,1,1,0,55,1,4,4,42,0,high,1.0,
23567,420008,1,1,1,0,25,3,2,4,42,0,high,1.0,
23568,420009,1,1,1,0,35,3,1,1,42,0,high,1.0,
23569,420010,1,1,1,0,45,1,1,1,42,0,high,1.0,
23570,420011,1,1,1,0,25,2,1,2,42,0,high,1.0,
23571,420012,1,2,1,2,30,1,1,1,42,1,low,0.5,
23572,420013,1,6,1,2,35,2,1,2,42,0,low,0.16666666666666666,
23573,420014,1,2,2,6,45,4,1,3,42,0,low,0.5,
23574,420015,1,3,1,2,25,1,1,1,42,0,low,0.3333333333333333,
23575,420016,1,1,1,0,45,2,1,3,42,1,high,1.0,
23576,420017,1,1,1,0,35,2,5,2,42,1,high,1.0,
23577,420018,1,1,1,0,40,2,1,10,42,1,high,1.0,
23578,420019,1,1,1,0,55,1,1,1,42,0,high,1.0,
23579,420020,1,1,1,0,45,2,1,1,42,0,high,1.0,
23580,420021,1,3,1,2,30,2,1,1,42,1,low,0.3333333333333333,
23581,420022,1,1,1,0,45,2,1,1,42,0,high,1.0,
23582,420023,3,4,1,2,55,1,1,1,42,0,high,0.75,
23583,420024,1,2,1,6,55,1,4,10,42,0,low,0.5,
23584,420025,1,3,1,0,55,2,1,2,42,0,low,0.3333333333333333,
23585,420026,1,1,1,0,35,3,1,1,42,0,high,1.0,
23586,420027,1,3,1,0,35,3,2,2,42,1,low,0.3333333333333333,
23587,420028,1,1,1,0,99,3,4,10,42,1,high,1.0,
23588,420029,1,1,1,0,55,1,4,10,42,1,high,1.0,
23589,420030,1,1,1,0,45,2,1,1,42,0,high,1.0,
23590,420031,1,1,1,0,55,1,4,3,42,0,high,1.0,
23591,420032,1,3,1,6,45,1,4,2,42,0,low,0.3333333333333333,
23592,420033,2,2,1,6,45,2,1,1,42,0,high,1.0,
23593,420034,1,2,1,0,35,2,1,4,42,0,low,0.5,
23594,420035,1,3,1,1,35,3,1,1,42,0,low,0.3333333333333333,
23595,420036,1,2,1,6,40,4,1,2,42,0,low,0.5,
23596,420037,1,2,1,2,40,4,1,1,42,0,low,0.5,
23597,420038,1,2,1,6,35,1,1,2,42,0,low,0.5,
23598,420039,1,3,1,6,55,1,1,1,42,0,low,0.3333333333333333,
23599,420040,1,1,1,0,65,1,4,3,42,0,high,1.0,
23600,420041,1,2,1,8,45,2,1,1,42,0,low,0.5,
23601,420042,1,3,1,6,45,2,1,2,42,1,low,0.3333333333333333,
23602,420043,1,1,1,0,25,2,1,1,42,1,high,1.0,
23603,420044,1,3,1,0,35,1,1,1,42,0,low,0.3333333333333333,
23604,420045,1,2,1,0,50,2,5,4,42,0,low,0.5,
23605,420046,1,3,1,0,45,1,1,2,42,0,low,0.3333333333333333,
23606,420047,1,1,1,0,45,2,1,1,42,0,high,1.0,
23607,420048,3,5,1,1,55,2,1,1,42,0,high,0.6,
23608,420049,1,4,1,1,40,5,1,1,42,0,low,0.25,
23609,420050,1,2,1,0,55,1,1,2,42,0,low,0.5,
23610,420051,1,1,1,0,25,2,1,4,42,0,high,1.0,
23611,420052,1,2,1,0,25,2,1,3,42,1,low,0.5,
23612,420053,1,2,1,6,45,2,1,1,42,0,low,0.5,
23613,420054,1,3,1,6,35,2,5,2,42,0,low,0.3333333333333333,
23614,420055,1,2,1,6,45,1,1,2,42,0,low,0.5,
23615,420056,1,4,1,8,45,2,1,1,42,1,low,0.25,
23616,420057,1,4,1,8,45,1,1,1,42,0,low,0.25,
23617,420058,1,1,1,0,55,2,1,4,42,0,high,1.0,
23618,420059,3,3,1,0,25,1,1,3,42,0,high,1.0,
23619,420060,1,1,1,0,45,2,1,1,42,0,high,1.0,
23620,420061,1,2,1,0,25,3,1,1,42,1,low,0.5,
23621,420062,1,1,2,0,55,2,1,1,42,0,high,1.0,
23622,420063,1,1,2,0,55,1,1,1,42,0,high,1.0,
23623,420064,1,2,1,6,45,1,11,4,42,0,low,0.5,
23624,420065,1,3,2,6,40,1,1,1,42,0,low,0.3333333333333333,
23625,420066,1,4,2,2,55,2,1,1,42,0,low,0.25,
23626,420067,1,1,2,0,35,2,1,3,42,0,high,1.0,
23627,420068,1,4,2,6,45,1,1,1,42,1,low,0.25,
23628,420069,1,2,2,6,25,1,1,1,42,0,low,0.5,
23629,420070,1,3,2,6,40,5,1,1,42,1,low,0.3333333333333333,
23630,420071,1,1,1,0,35,2,1,1,42,1,high,1.0,
23631,420072,1,5,2,0,45,2,4,3,42,0,low,0.2,
23632,420073,2,7,2,1,45,2,1,2,42,1,low,0.2857142857142857,
23633,420074,1,6,2,0,55,2,4,3,42,0,low,0.16666666666666666,
23634,420075,1,2,2,2,45,1,1,1,42,0,low,0.5,
23635,420076,1,1,2,0,45,2,1,1,42,1,high,1.0,
23636,420077,1,2,2,2,45,1,1,1,42,0,low,0.5,
23637,420078,1,3,2,2,55,1,1,1,42,1,low,0.3333333333333333,
23638,420079,1,5,2,6,35,1,4,10,42,0,low,0.2,
23639,420080,1,3,2,2,45,1,2,4,42,0,low,0.3333333333333333,
23640,420081,1,2,2,2,40,1,1,1,42,0,low,0.5,
23641,420082,2,2,2,2,55,1,1,1,42,0,high,1.0,
23642,420083,1,4,2,6,45,1,1,3,42,0,low,0.25,
23643,420084,1,1,2,0,65,4,1,1,42,0,high,1.0,
23644,420085,1,2,1,9,55,3,2,4,42,0,low,0.5,
23645,420086,1,4,2,6,25,1,1,1,42,0,low,0.25,
23646,420087,1,3,2,2,30,1,1,1,42,0,low,0.3333333333333333,
23647,420088,1,1,2,0,25,2,1,1,42,1,high,1.0,
23648,420089,1,4,2,1,55,1,5,10,42,0,low,0.25,
23649,420090,1,1,2,0,40,3,1,1,42,1,high,1.0,
23650,420091,1,1,1,0,65,3,3,2,42,1,high,1.0,
23651,420092,1,1,2,0,35,2,1,1,42,1,high,1.0,
23652,420093,1,1,2,0,25,3,1,1,42,0,high,1.0,
23653,420094,1,1,1,0,45,3,8,2,42,1,high,1.0,
23654,420095,1,1,1,0,25,3,1,1,42,1,high,1.0,
23655,420096,1,0,1,0,25,4,8,4,42,0,high,inf,
23656,420097,2,4,1,0,65,1,5,4,42,0,low,0.5,
23657,420098,1,1,2,0,35,1,1,4,42,0,high,1.0,
23658,420099,1,1,2,0,45,3,1,1,42,0,high,1.0,
23659,420100,1,1,2,0,45,1,1,2,42,0,high,1.0,
23660,420101,1,1,2,0,55,1,1,1,42,0,high,1.0,
23661,420102,1,1,2,0,25,3,1,2,42,0,high,1.0,
23662,420103,1,2,2,0,30,2,8,4,42,1,low,0.5,
23663,420104,1,5,2,2,35,1,1,4,42,0,low,0.2,
23664,420105,1,1,2,0,45,2,1,4,42,0,high,1.0,
23665,420106,1,5,2,2,55,1,1,1,42,0,low,0.2,
23666,420107,1,2,2,0,25,3,1,1,42,0,low,0.5,
23667,420108,1,3,2,1,40,1,1,1,42,0,low,0.3333333333333333,
23668,420109,1,5,2,6,50,1,1,1,42,0,low,0.2,
23669,420110,1,1,1,0,25,1,8,4,42,0,high,1.0,
23670,420111,1,1,2,0,45,2,1,2,42,0,high,1.0,
23671,420112,1,3,2,6,40,3,8,4,42,0,low,0.3333333333333333,
23672,420113,2,3,2,6,45,1,1,1,42,0,high,0.6666666666666666,
23673,420114,1,1,2,7,40,1,1,1,42,0,high,1.0,
23674,420115,1,1,2,0,35,1,1,1,42,1,high,1.0,
23675,420116,1,1,2,0,40,1,1,2,42,0,high,1.0,
23676,420117,1,4,2,1,65,1,1,1,42,0,low,0.25,
23677,420118,1,1,2,0,55,2,1,1,42,1,high,1.0,
23678,420119,1,1,2,0,65,1,1,1,42,0,high,1.0,
23679,420120,1,1,2,0,45,1,1,4,42,0,high,1.0,
23680,420121,1,1,2,0,35,1,1,1,42,0,high,1.0,
23681,420122,1,1,2,1,65,2,4,4,42,0,high,1.0,
23682,420123,1,1,2,0,65,1,1,1,42,0,high,1.0,
23683,420124,1,3,2,0,65,1,4,4,42,0,low,0.3333333333333333,
23684,420125,1,2,2,2,35,1,4,2,42,1,low,0.5,
23685,420126,1,2,2,0,45,1,1,1,42,1,low,0.5,
23686,420127,1,3,2,0,35,1,1,1,42,0,low,0.3333333333333333,
23687,420128,1,1,3,0,55,1,1,1,42,0,high,1.0,
23688,420129,1,2,2,2,45,1,8,4,42,0,low,0.5,
23689,420130,1,3,3,0,55,2,1,1,42,0,low,0.3333333333333333,
23690,420131,1,1,3,0,40,2,1,1,42,0,high,1.0,
23691,420132,1,1,3,0,45,2,1,4,42,0,high,1.0,
23692,420133,1,3,3,0,35,3,1,1,42,0,low,0.3333333333333333,
23693,420134,1,2,3,0,35,2,4,3,42,1,low,0.5,
23694,420135,1,1,3,0,45,2,1,1,42,0,high,1.0,
23695,420136,1,1,3,0,40,2,1,1,42,0,high,1.0,
23696,420137,1,1,3,0,55,2,1,4,42,0,high,1.0,
23697,420138,1,3,3,0,65,1,4,10,42,0,low,0.3333333333333333,
23698,420139,1,2,3,2,55,2,2,2,42,1,low,0.5,
23699,420140,1,4,3,2,35,2,1,1,42,1,low,0.25,
23700,420141,1,2,3,6,25,1,2,2,42,0,low,0.5,
23701,420142,1,1,3,0,35,2,1,1,42,0,high,1.0,
23702,420143,1,2,3,0,65,3,4,4,42,1,low,0.5,
23703,420144,1,1,3,0,50,3,1,1,42,1,high,1.0,
23704,420145,1,1,3,0,55,1,1,1,42,0,high,1.0,
23705,420146,1,1,3,0,35,1,1,1,42,0,high,1.0,
23706,420147,1,3,3,2,40,1,2,2,42,0,low,0.3333333333333333,
23707,420148,1,2,3,2,65,2,1,4,42,1,low,0.5,
23708,420149,1,1,3,0,25,1,1,1,42,0,high,1.0,
23709,420150,1,1,3,0,40,2,1,1,42,0,high,1.0,
23710,420151,1,1,3,0,25,1,1,1,42,0,high,1.0,
23711,420152,1,1,3,0,45,2,1,1,42,0,high,1.0,
23712,420153,1,2,3,0,20,3,1,1,42,1,low,0.5,
23713,420154,1,3,3,0,45,2,1,3,42,0,low,0.3333333333333333,
23714,420155,1,2,3,7,55,1,1,1,42,0,low,0.5,
23715,420156,1,2,3,8,45,2,4,3,42,0,low,0.5,
23716,420157,1,2,3,6,45,1,1,1,42,0,low,0.5,
23717,420158,1,8,2,7,45,1,1,1,42,0,low,0.125,
23718,420159,1,3,3,2,98,1,1,1,42,0,low,0.3333333333333333,
23719,420160,1,2,3,6,35,1,1,1,42,0,low,0.5,
23720,420161,1,2,3,2,35,3,5,2,42,0,low,0.5,
23721,420162,1,4,3,2,35,2,4,3,42,1,low,0.25,
23722,420163,1,2,3,0,45,3,1,1,42,0,low,0.5,
23723,420164,1,3,3,6,65,1,3,4,42,0,low,0.3333333333333333,
23724,420165,1,2,1,1,65,2,4,2,42,0,low,0.5,
23725,420166,1,1,3,0,25,1,1,1,42,0,high,1.0,
23726,420167,1,4,1,6,40,2,1,1,42,0,low,0.25,
23727,420168,1,3,1,6,45,2,1,1,42,0,low,0.3333333333333333,
23728,420169,1,1,3,0,55,1,1,2,42,0,high,1.0,
23729,420170,1,1,3,0,25,5,1,1,42,0,high,1.0,
23730,420171,1,4,3,11,35,1,4,3,42,0,low,0.25,
23731,420172,1,1,3,0,55,4,4,4,42,0,high,1.0,
23732,420173,1,1,3,0,55,2,1,1,42,1,high,1.0,
23733,420174,1,1,3,0,65,2,1,1,42,0,high,1.0,
23734,420175,1,4,3,1,45,2,4,3,42,1,low,0.25,
23735,420176,1,2,2,0,25,2,1,3,42,1,low,0.5,
23736,420177,2,4,3,7,55,2,1,1,42,0,low,0.5,
23737,420178,1,1,3,0,30,2,1,1,42,0,high,1.0,
23738,420179,1,5,2,6,0,1,1,0,42,0,low,0.2,
23739,420180,1,2,3,1,55,2,1,1,42,0,low,0.5,
23740,420181,1,1,3,0,30,1,2,2,42,0,high,1.0,
23741,420182,2,7,3,0,45,3,1,1,42,0,low,0.2857142857142857,
23742,420183,2,2,3,0,40,1,1,4,42,0,high,1.0,
23743,420184,1,3,3,6,40,1,1,1,42,0,low,0.3333333333333333,
23744,420185,1,4,3,8,50,2,1,1,42,0,low,0.25,
23745,420186,1,4,3,0,65,2,4,3,42,0,low,0.25,
23746,420187,1,1,3,0,40,1,8,4,42,0,high,1.0,
23747,420188,1,1,3,0,35,2,2,2,42,1,high,1.0,
23748,420189,1,1,2,0,45,1,1,1,42,0,high,1.0,
23749,420190,1,1,2,0,35,3,1,2,42,0,high,1.0,
23750,420191,1,1,4,0,35,2,1,2,42,1,high,1.0,
23751,420192,1,1,4,0,35,1,1,1,42,0,high,1.0,
23752,420193,3,4,4,2,65,4,1,1,42,0,high,0.75,
23753,420194,1,2,4,6,40,2,2,2,42,1,low,0.5,
23754,420195,1,1,4,0,55,2,2,2,42,0,high,1.0,
23755,420196,1,2,4,7,65,3,1,1,42,0,low,0.5,
23756,420197,1,1,4,0,40,1,1,1,42,0,high,1.0,
23757,420198,1,1,4,0,45,2,1,1,42,0,high,1.0,
23758,420199,1,2,4,8,40,4,1,1,42,0,low,0.5,
23759,420200,1,1,4,0,55,1,1,1,42,0,high,1.0,
23760,420201,1,1,4,0,55,2,1,2,42,1,high,1.0,
23761,420202,1,2,4,0,65,2,1,1,42,1,low,0.5,
23762,420203,1,2,4,6,40,1,1,1,42,0,low,0.5,
23763,420204,1,3,4,0,45,1,1,1,42,1,low,0.3333333333333333,
23764,420205,1,1,4,0,35,2,1,1,42,0,high,1.0,
23765,420206,1,2,4,0,35,2,1,1,42,0,low,0.5,
23766,420207,1,1,4,0,20,1,1,1,42,0,high,1.0,
23767,420208,1,2,4,0,35,2,1,1,42,1,low,0.5,
23768,420209,1,1,4,0,55,1,1,1,42,0,high,1.0,
23769,420210,1,1,4,0,55,1,1,1,42,1,high,1.0,
23770,420211,1,2,4,2,40,1,1,1,42,0,low,0.5,
23771,420212,2,3,4,2,45,1,1,2,42,0,high,0.6666666666666666,
23772,420213,1,5,4,6,45,2,1,1,42,0,low,0.2,
23773,420214,1,3,4,6,45,1,1,1,42,1,low,0.3333333333333333,
23774,420215,1,1,4,0,35,3,1,1,42,1,high,1.0,
23775,420216,1,2,4,0,40,3,1,1,42,0,low,0.5,
23776,420217,1,1,4,0,50,2,1,1,42,1,high,1.0,
23777,420218,1,2,4,6,30,3,1,1,42,0,low,0.5,
23778,420219,1,1,4,0,45,2,1,1,42,0,high,1.0,
23779,420220,1,1,4,0,40,3,1,1,42,0,high,1.0,
23780,420221,1,2,4,2,45,1,1,1,42,0,low,0.5,
23781,420222,1,3,4,0,65,2,1,1,42,0,low,0.3333333333333333,
23782,420223,1,2,4,0,25,3,5,2,42,0,low,0.5,
23783,420224,1,1,4,0,55,1,1,1,42,0,high,1.0,
23784,420225,1,1,4,0,98,1,1,1,42,0,high,1.0,
23785,420226,1,1,4,0,35,3,2,2,42,0,high,1.0,
23786,420227,1,1,4,0,25,3,1,1,42,1,high,1.0,
23787,420228,1,1,4,0,98,1,1,1,42,0,high,1.0,
23788,420229,1,1,4,0,45,1,2,2,42,0,high,1.0,
23789,420230,1,3,4,0,40,2,1,1,42,1,low,0.3333333333333333,
23790,420231,1,2,4,7,98,1,1,1,42,0,low,0.5,
23791,420232,1,9,4,2,45,1,1,1,42,0,low,0.1111111111111111,
23792,420233,1,3,4,0,35,1,1,1,42,0,low,0.3333333333333333,
23793,420234,2,2,4,2,25,2,1,1,42,1,high,1.0,
23794,420235,1,1,4,0,98,1,1,1,42,0,high,1.0,
23795,420236,1,2,4,0,55,1,1,1,42,0,low,0.5,
23796,420237,1,2,3,0,25,1,1,1,42,0,low,0.5,
23797,420238,1,2,4,0,55,1,1,1,42,0,low,0.5,
23798,420239,1,1,4,0,25,1,1,1,42,1,high,1.0,
23799,420240,1,5,4,0,55,1,1,1,42,0,low,0.2,
23800,420241,1,1,4,0,65,2,1,1,42,1,high,1.0,
23801,420242,1,1,4,0,45,1,1,1,42,1,high,1.0,
23802,420243,1,1,4,0,55,2,1,1,42,1,high,1.0,
23803,420244,1,1,4,0,55,2,1,1,42,0,high,1.0,
23804,420245,1,1,4,0,35,3,2,2,42,1,high,1.0,
23805,420246,1,1,4,0,40,1,1,1,42,1,high,1.0,
23806,420247,2,2,4,0,35,2,1,1,42,0,high,1.0,
23807,420248,1,2,4,0,25,1,1,1,42,0,low,0.5,
23808,420249,1,1,4,0,35,1,1,1,42,0,high,1.0,
23809,420250,1,1,4,0,25,1,1,1,42,0,high,1.0,
23810,420251,1,1,5,0,45,2,1,1,42,1,high,1.0,
23811,420252,1,2,5,6,45,4,1,1,42,0,low,0.5,
23812,420253,1,2,5,6,50,2,1,1,42,1,low,0.5,
23813,420254,1,4,5,6,40,1,1,1,42,0,low,0.25,
23814,420255,1,2,5,2,55,1,1,1,42,0,low,0.5,
23815,420256,1,1,5,0,65,1,1,1,42,0,high,1.0,
23816,420257,2,4,5,6,0,1,1,0,42,0,low,0.5,
23817,420258,1,2,5,0,40,2,1,1,42,0,low,0.5,
23818,420259,1,1,5,0,65,2,1,1,42,1,high,1.0,
23819,420260,1,1,5,0,55,1,1,1,42,1,high,1.0,
23820,420261,1,1,4,0,25,1,1,1,42,0,high,1.0,
23821,420262,1,3,5,6,25,2,1,1,42,0,low,0.3333333333333333,
23822,420263,1,1,5,0,45,1,1,1,42,1,high,1.0,
23823,420264,1,2,3,0,25,1,1,1,42,0,low,0.5,
23824,420265,1,1,2,0,25,3,4,3,42,1,high,1.0,
23825,420266,1,1,5,0,65,1,1,1,42,0,high,1.0,
23826,420267,1,2,2,6,45,1,1,2,42,0,low,0.5,
23827,420268,1,1,4,0,65,2,1,1,42,0,high,1.0,
23828,420269,1,1,3,0,55,2,1,2,42,1,high,1.0,
23829,420271,1,2,5,6,0,3,1,0,42,0,low,0.5,
23830,420272,1,3,3,0,55,2,1,3,42,1,low,0.3333333333333333,
23831,420273,1,1,4,0,55,1,1,1,42,1,high,1.0,
23832,420274,1,1,5,0,55,1,1,1,42,0,high,1.0,
23833,420275,1,2,2,0,25,3,4,3,42,1,low,0.5,
23834,420276,1,6,5,2,55,1,1,1,42,0,low,0.16666666666666666,
23835,420277,1,3,5,6,45,5,1,1,42,0,low,0.3333333333333333,
23836,420278,1,3,5,2,55,2,1,2,42,1,low,0.3333333333333333,
23837,420279,1,1,5,0,45,1,1,1,42,1,high,1.0,
23838,420280,1,2,5,7,65,1,1,1,42,0,low,0.5,
23839,420281,1,2,5,6,40,1,1,1,42,0,low,0.5,
23840,420282,1,2,5,6,35,1,1,1,42,0,low,0.5,