,ST_CASE,FATALS,PERSONS,MONTH,MAN_COLL,VSPD_LIM,LGT_COND,WEATHER,VSURCOND,STATE,DRUNK_DR,rate,rate_numerical,arrival_time
23841,420283,1,5,5,6,25,3,1,1,42,0,low,0.2,
23842,420284,1,1,5,0,55,1,2,2,42,0,high,1.0,
23843,420285,1,3,5,6,45,1,1,1,42,0,low,0.3333333333333333,
23844,420286,1,1,4,0,40,1,1,1,42,0,high,1.0,
23845,420287,1,1,5,0,65,1,1,1,42,0,high,1.0,
23846,420288,1,2,5,6,35,1,1,1,42,0,low,0.5,
23847,420289,1,2,5,0,35,1,1,1,42,0,low,0.5,
23848,420290,1,2,5,0,55,1,2,2,42,1,low,0.5,
23849,420291,1,1,5,0,45,2,1,1,42,0,high,1.0,
23850,420292,1,1,5,0,35,4,2,2,42,0,high,1.0,
23851,420293,1,1,5,0,35,1,1,1,42,0,high,1.0,
23852,420294,1,2,5,0,45,2,1,1,42,0,low,0.5,
23853,420295,1,1,5,0,98,1,1,1,42,0,high,1.0,
23854,420296,1,1,4,0,50,1,1,1,42,1,high,1.0,
23855,420297,1,1,5,0,35,3,1,1,42,1,high,1.0,
23856,420298,1,2,5,6,40,1,1,1,42,0,low,0.5,
23857,420299,1,2,5,0,55,1,1,1,42,1,low,0.5,
23858,420300,1,1,4,0,55,1,1,1,42,1,high,1.0,
23859,420301,1,2,5,0,20,2,1,1,42,1,low,0.5,
23860,420302,1,5,5,0,25,3,1,1,42,0,low,0.2,
23861,420303,1,1,5,0,20,1,1,1,42,1,high,1.0,
23862,420304,1,1,5,0,50,2,1,1,42,1,high,1.0,
23863,420305,1,2,3,6,45,1,4,3,42,0,low,0.5,
23864,420306,1,2,5,11,35,1,1,1,42,0,low,0.5,
23865,420307,1,1,5,0,55,2,1,1,42,1,high,1.0,
23866,420308,1,1,5,0,55,1,1,1,42,1,high,1.0,
23867,420309,1,3,5,2,45,1,1,1,42,0,low,0.3333333333333333,
23868,420310,1,2,5,6,25,1,1,1,42,1,low,0.5,
23869,420311,1,2,5,0,35,2,1,1,42,0,low,0.5,
23870,420312,1,2,5,0,50,1,1,1,42,0,low,0.5,
23871,420313,1,4,5,6,40,4,1,1,42,0,low,0.25,
23872,420314,1,2,5,6,35,1,1,1,42,0,low,0.5,
23873,420315,1,2,5,0,40,1,1,1,42,0,low,0.5,
23874,420316,1,1,5,0,35,1,1,1,42,0,high,1.0,
23875,420317,1,2,5,0,55,3,1,1,42,1,low,0.5,
23876,420318,2,3,5,2,45,1,1,1,42,0,high,0.6666666666666666,
23877,420319,1,3,5,6,50,1,1,1,42,1,low,0.3333333333333333,
23878,420320,1,2,5,6,25,1,1,1,42,1,low,0.5,
23879,420321,1,2,5,6,0,1,1,0,42,0,low,0.5,
23880,420322,1,2,5,6,25,1,1,1,42,0,low,0.5,
23881,420323,2,2,5,0,45,2,2,2,42,1,high,1.0,
23882,420324,1,4,5,6,40,1,1,1,42,0,low,0.25,
23883,420325,2,3,3,2,55,1,1,1,42,0,high,0.6666666666666666,
23884,420326,1,3,3,6,45,1,4,3,42,0,low,0.3333333333333333,
23885,420327,1,3,5,6,35,2,1,1,42,0,low,0.3333333333333333,
23886,420328,1,1,2,0,55,2,1,1,42,0,high,1.0,
23887,420329,1,1,5,0,55,1,1,1,42,1,high,1.0,
23888,420330,1,1,5,0,35,5,1,1,42,1,high,1.0,
23889,420331,1,7,3,0,25,1,2,2,42,0,low,0.14285714285714285,
23890,420332,1,1,4,0,55,1,1,1,42,0,high,1.0,
23891,420333,1,1,5,0,40,1,1,1,42,0,high,1.0,
23892,420334,1,2,5,0,35,1,1,1,42,0,low,0.5,
23893,420335,1,1,5,0,25,1,1,1,42,0,high,1.0,
23894,420336,1,3,5,1,55,1,1,1,42,0,low,0.3333333333333333,
23895,420337,1,1,5,0,45,2,1,1,42,1,high,1.0,
23896,420338,1,1,5,0,45,2,1,1,42,0,high,1.0,
23897,420339,1,1,5,0,40,1,2,2,42,0,high,1.0,
23898,420340,1,3,5,6,35,1,1,1,42,0,low,0.3333333333333333,
23899,420341,1,3,5,1,65,1,1,1,42,0,low,0.3333333333333333,
23900,420342,1,4,5,6,25,1,1,1,42,0,low,0.25,
23901,420343,1,1,5,0,55,2,1,2,42,0,high,1.0,
23902,420344,1,5,5,7,55,1,1,1,42,0,low,0.2,
23903,420345,1,5,5,7,55,1,1,1,42,0,low,0.2,
23904,420346,1,5,5,98,55,4,1,1,42,0,low,0.2,
23905,420347,1,1,4,0,55,1,1,1,42,1,high,1.0,
23906,420348,1,1,5,0,45,3,1,1,42,1,high,1.0,
23907,420349,1,3,5,7,45,1,1,1,42,0,low,0.3333333333333333,
23908,420350,1,1,5,0,55,2,1,1,42,1,high,1.0,
23909,420351,1,1,5,0,35,2,1,1,42,1,high,1.0,
23910,420352,1,3,5,99,40,1,1,1,42,0,low,0.3333333333333333,
23911,420353,1,1,5,0,55,1,1,1,42,0,high,1.0,
23912,420354,1,3,5,0,65,1,1,1,42,0,low,0.3333333333333333,
23913,420355,1,1,5,0,65,1,1,1,42,1,high,1.0,
23914,420356,1,3,5,2,25,2,1,1,42,0,low,0.3333333333333333,
23915,420357,1,1,3,99,55,1,1,4,42,0,high,1.0,
23916,420358,1,3,5,0,55,3,1,1,42,0,low,0.3333333333333333,
23917,420359,1,2,5,2,55,1,1,1,42,1,low,0.5,
23918,420360,1,2,5,2,55,1,1,1,42,0,low,0.5,
23919,420361,2,3,5,6,35,3,1,1,42,0,high,0.6666666666666666,
23920,420362,4,5,5,0,55,1,1,1,42,0,high,0.8,
23921,420363,1,7,1,1,55,1,1,1,42,0,low,0.14285714285714285,
23922,420364,1,1,5,0,55,1,1,1,42,0,high,1.0,
23923,420365,1,2,5,6,45,1,1,1,42,0,low,0.5,
23924,420366,1,1,5,0,20,2,1,1,42,0,high,1.0,
23925,420367,1,1,5,0,45,1,1,1,42,0,high,1.0,
23926,420368,1,1,5,0,65,1,1,1,42,0,high,1.0,
23927,420369,1,1,5,0,25,3,1,1,42,0,high,1.0,
23928,420370,1,2,5,6,55,1,1,1,42,0,low,0.5,
23929,420371,1,4,5,2,45,1,1,1,42,1,low,0.25,
23930,420372,1,1,5,0,55,1,1,1,42,0,high,1.0,
23931,420373,1,1,5,0,35,2,1,1,42,1,high,1.0,
23932,420374,1,1,5,0,25,3,1,1,42,1,high,1.0,
23933,420375,1,2,5,2,45,1,1,1,42,0,low,0.5,
23934,420376,1,2,4,2,55,1,1,1,42,0,low,0.5,
23935,420377,1,1,6,0,25,1,99,5,42,1,high,1.0,
23936,420378,2,3,3,6,40,2,4,3,42,0,high,0.6666666666666666,
23937,420379,1,1,5,0,35,1,1,1,42,0,high,1.0,
23938,420380,1,1,5,0,40,2,1,1,42,1,high,1.0,
23939,420381,2,4,5,0,55,2,1,1,42,1,low,0.5,
23940,420382,1,1,5,0,25,3,2,2,42,1,high,1.0,
23941,420383,1,2,6,2,40,2,1,1,42,0,low,0.5,
23942,420384,1,2,6,1,45,4,1,1,42,0,low,0.5,
23943,420385,1,1,6,0,45,2,2,2,42,1,high,1.0,
23944,420386,1,1,6,0,45,1,1,2,42,0,high,1.0,
23945,420387,1,1,6,0,45,1,1,1,42,0,high,1.0,
23946,420388,1,1,6,0,45,1,1,1,42,0,high,1.0,
23947,420389,1,1,6,0,45,1,99,99,42,0,high,1.0,
23948,420390,1,2,6,0,25,3,1,1,42,0,low,0.5,
23949,420391,1,5,6,0,35,2,1,1,42,0,low,0.2,
23950,420392,1,1,6,0,35,3,1,1,42,0,high,1.0,
23951,420393,1,2,6,0,40,1,1,1,42,0,low,0.5,
23952,420394,1,1,4,0,20,1,1,1,42,0,high,1.0,
23953,420395,1,3,6,6,40,5,1,1,42,0,low,0.3333333333333333,
23954,420396,1,2,6,6,0,1,1,0,42,0,low,0.5,
23955,420397,1,3,6,0,35,2,1,1,42,0,low,0.3333333333333333,
23956,420398,1,2,6,0,25,1,1,1,42,1,low,0.5,
23957,420399,1,2,6,2,55,1,1,2,42,0,low,0.5,
23958,420400,1,3,6,0,35,4,1,1,42,1,low,0.3333333333333333,
23959,420401,1,1,6,0,40,1,1,1,42,0,high,1.0,
23960,420402,1,2,6,0,35,1,1,1,42,0,low,0.5,
23961,420403,1,1,6,0,40,1,1,1,42,0,high,1.0,
23962,420404,2,2,6,0,55,1,1,1,42,1,high,1.0,
23963,420405,1,1,6,0,55,1,1,1,42,0,high,1.0,
23964,420406,2,3,6,0,55,1,1,1,42,0,high,0.6666666666666666,
23965,420407,1,2,6,6,35,1,1,1,42,0,low,0.5,
23966,420408,1,2,6,1,35,3,1,1,42,1,low,0.5,
23967,420409,1,4,6,0,45,2,2,2,42,0,low,0.25,
23968,420410,1,1,6,0,55,1,1,1,42,0,high,1.0,
23969,420411,1,4,6,2,45,1,1,1,42,0,low,0.25,
23970,420412,1,2,6,2,35,1,1,1,42,0,low,0.5,
23971,420413,1,2,6,6,35,1,1,1,42,0,low,0.5,
23972,420414,1,2,6,6,35,1,1,1,42,0,low,0.5,
23973,420415,1,1,6,0,55,2,1,1,42,1,high,1.0,
23974,420416,2,2,6,0,40,1,2,2,42,1,high,1.0,
23975,420417,1,2,6,1,40,1,1,1,42,1,low,0.5,
23976,420418,1,1,6,0,55,1,1,1,42,0,high,1.0,
23977,420419,2,3,6,2,40,3,2,2,42,0,high,0.6666666666666666,
23978,420420,1,2,6,0,40,1,1,1,42,1,low,0.5,
23979,420421,1,3,6,6,45,1,1,1,42,0,low,0.3333333333333333,
23980,420422,1,2,6,2,55,1,2,2,42,0,low,0.5,
23981,420423,1,2,6,1,65,1,1,1,42,0,low,0.5,
23982,420424,1,2,6,9,40,2,1,1,42,0,low,0.5,
23983,420425,1,2,6,6,55,1,2,2,42,0,low,0.5,
23984,420426,1,1,6,0,55,1,1,1,42,0,high,1.0,
23985,420427,1,2,4,6,55,2,2,2,42,0,low,0.5,
23986,420428,1,2,6,8,35,1,1,1,42,0,low,0.5,
23987,420429,1,1,6,0,25,1,1,1,42,1,high,1.0,
23988,420430,1,3,6,0,55,1,1,1,42,0,low,0.3333333333333333,
23989,420431,1,1,6,0,55,3,1,1,42,1,high,1.0,
23990,420432,1,3,6,2,35,3,1,1,42,1,low,0.3333333333333333,
23991,420433,1,1,6,0,55,1,1,7,42,0,high,1.0,
23992,420434,1,2,6,0,65,2,2,6,42,1,low,0.5,
23993,420435,1,1,6,0,55,1,5,1,42,0,high,1.0,
23994,420436,1,1,6,0,35,1,1,1,42,0,high,1.0,
23995,420437,1,4,6,1,45,1,1,1,42,0,low,0.25,
23996,420438,2,2,6,2,35,3,1,1,42,1,high,1.0,
23997,420439,1,1,6,0,45,1,1,1,42,0,high,1.0,
23998,420440,1,2,6,0,45,1,1,1,42,0,low,0.5,
23999,420441,3,18,6,6,65,1,1,1,42,0,low,0.16666666666666666,
24000,420442,1,1,6,0,55,5,1,1,42,1,high,1.0,
24001,420443,1,2,6,0,55,1,2,6,42,0,low,0.5,
24002,420444,1,1,6,0,25,2,2,2,42,1,high,1.0,
24003,420445,1,3,6,0,35,3,2,2,42,1,low,0.3333333333333333,
24004,420446,1,2,6,0,45,1,1,1,42,0,low,0.5,
24005,420447,1,1,6,0,35,1,1,1,42,0,high,1.0,
24006,420448,1,5,6,2,40,5,2,2,42,1,low,0.2,
24007,420449,1,1,6,0,30,3,1,1,42,0,high,1.0,
24008,420450,1,1,6,0,35,1,1,1,42,0,high,1.0,
24009,420451,1,5,6,0,55,1,1,1,42,0,low,0.2,
24010,420452,1,1,6,0,35,2,1,1,42,0,high,1.0,
24011,420453,1,1,6,0,25,3,2,2,42,1,high,1.0,
24012,420454,2,3,6,0,55,2,2,2,42,2,high,0.6666666666666666,
24013,420455,1,4,6,1,45,1,1,1,42,0,low,0.25,
24014,420456,2,3,6,6,45,1,1,1,42,0,high,0.6666666666666666,
24015,420457,1,1,6,0,55,1,1,2,42,0,high,1.0,
24016,420458,1,1,6,0,35,1,1,11,42,0,high,1.0,
24017,420459,1,1,6,0,45,2,1,1,42,1,high,1.0,
24018,420460,1,1,6,0,35,1,1,1,42,1,high,1.0,
24019,420461,1,1,6,0,35,2,1,1,42,0,high,1.0,
24020,420462,1,1,6,0,35,1,1,1,42,0,high,1.0,
24021,420463,1,2,6,0,55,1,1,1,42,0,low,0.5,
24022,420464,1,7,6,2,55,3,1,1,42,1,low,0.14285714285714285,
24023,420465,1,1,5,0,45,3,1,1,42,0,high,1.0,
24024,420466,1,2,7,2,40,4,1,2,42,0,low,0.5,
24025,420467,1,3,7,6,35,1,1,1,42,0,low,0.3333333333333333,
24026,420468,1,2,7,2,55,1,1,1,42,0,low,0.5,
24027,420469,1,2,7,6,35,3,5,1,42,0,low,0.5,
24028,420470,1,2,7,0,40,3,1,1,42,1,low,0.5,
24029,420471,1,1,7,0,45,2,1,1,42,0,high,1.0,
24030,420472,1,1,7,0,45,1,1,1,42,0,high,1.0,
24031,420473,1,2,7,0,35,1,1,2,42,0,low,0.5,
24032,420474,1,2,7,0,45,1,1,1,42,1,low,0.5,
24033,420475,1,1,8,0,35,2,1,1,42,1,high,1.0,
24034,420476,1,1,8,0,55,2,1,1,42,1,high,1.0,
24035,420477,1,1,8,0,30,4,1,2,42,0,high,1.0,
24036,420478,1,3,7,2,35,1,2,2,42,0,low,0.3333333333333333,
24037,420479,1,3,7,2,35,2,1,1,42,1,low,0.3333333333333333,
24038,420480,1,2,7,6,25,1,1,1,42,0,low,0.5,
24039,420481,1,2,7,0,35,2,1,1,42,1,low,0.5,
24040,420482,1,2,7,6,45,1,2,2,42,0,low,0.5,
24041,420483,1,2,6,0,40,1,1,1,42,0,low,0.5,
24042,420484,1,2,7,8,40,1,1,1,42,0,low,0.5,
24043,420485,1,2,7,0,40,1,1,1,42,0,low,0.5,
24044,420486,1,3,7,6,55,1,1,1,42,1,low,0.3333333333333333,
24045,420487,1,3,7,6,55,1,1,1,42,0,low,0.3333333333333333,
24046,420488,1,2,6,6,35,3,1,1,42,0,low,0.5,
24047,420489,1,2,7,6,65,1,1,1,42,0,low,0.5,
24048,420490,1,2,7,2,55,1,1,1,42,1,low,0.5,
24049,420491,1,2,7,1,55,3,1,1,42,1,low,0.5,
24050,420492,1,1,7,0,55,2,1,1,42,1,high,1.0,
24051,420493,1,2,7,2,45,1,1,2,42,0,low,0.5,
24052,420494,1,1,7,0,35,1,2,2,42,0,high,1.0,
24053,420495,1,1,10,0,55,3,1,2,42,0,high,1.0,
24054,420496,1,2,10,0,55,1,2,2,42,0,low,0.5,
24055,420497,1,1,12,0,35,3,1,1,42,0,high,1.0,
24056,420498,1,1,12,0,45,2,1,1,42,0,high,1.0,
24057,420499,1,1,12,0,35,1,1,1,42,0,high,1.0,
24058,420500,1,2,7,6,25,1,1,1,42,0,low,0.5,
24059,420501,1,3,12,0,45,1,1,1,42,0,low,0.3333333333333333,
24060,420502,1,1,11,0,35,2,1,1,42,1,high,1.0,
24061,420503,1,1,10,0,55,5,1,2,42,0,high,1.0,
24062,420504,1,2,11,0,55,2,2,2,42,0,low,0.5,
24063,420505,1,2,12,0,70,1,5,1,42,0,low,0.5,
24064,420506,1,1,7,0,30,6,1,1,42,1,high,1.0,
24065,420507,1,1,7,0,35,5,1,1,42,1,high,1.0,
24066,420508,1,1,7,0,55,2,1,1,42,0,high,1.0,
24067,420509,1,1,7,0,35,2,1,1,42,0,high,1.0,
24068,420510,1,1,7,0,55,1,1,1,42,1,high,1.0,
24069,420511,1,2,7,0,35,1,1,1,42,0,low,0.5,
24070,420512,1,1,7,0,25,1,1,1,42,0,high,1.0,
24071,420513,3,5,7,0,99,3,1,1,42,0,high,0.6,
24072,420514,1,1,7,0,35,1,1,1,42,0,high,1.0,
24073,420515,1,3,7,1,65,1,1,1,42,0,low,0.3333333333333333,
24074,420516,2,2,7,0,55,2,1,1,42,1,high,1.0,
24075,420517,1,1,7,0,55,1,1,1,42,0,high,1.0,
24076,420518,1,3,7,0,55,1,1,1,42,0,low,0.3333333333333333,
24077,420519,1,6,7,0,55,1,1,1,42,0,low,0.16666666666666666,
24078,420520,3,4,7,0,50,3,2,2,42,0,high,0.75,
24079,420521,2,1,7,0,40,1,1,1,42,0,high,2.0,
24080,420522,1,2,7,0,55,2,1,1,42,0,low,0.5,
24081,420523,1,1,7,0,35,3,1,1,42,1,high,1.0,
24082,420524,1,1,7,0,15,1,1,1,42,0,high,1.0,
24083,420525,1,1,7,0,45,1,1,1,42,0,high,1.0,
24084,420526,2,4,11,0,25,1,1,1,42,0,low,0.5,
24085,420527,1,1,7,0,55,2,1,1,42,1,high,1.0,
24086,420528,1,1,7,0,65,1,1,1,42,0,high,1.0,
24087,420529,1,1,7,0,40,2,1,1,42,1,high,1.0,
24088,420530,1,1,8,0,40,2,1,1,42,1,high,1.0,
24089,420531,1,2,8,0,40,2,1,1,42,1,low,0.5,
24090,420532,2,2,8,0,40,3,1,1,42,1,high,1.0,
24091,420533,1,1,12,0,40,3,1,1,42,0,high,1.0,
24092,420534,1,3,8,0,35,2,1,1,42,1,low,0.3333333333333333,
24093,420535,1,1,8,0,35,3,1,1,42,1,high,1.0,
24094,420536,1,2,8,0,35,3,1,1,42,0,low,0.5,
24095,420537,1,4,8,0,25,3,1,1,42,1,low,0.25,
24096,420538,1,1,8,0,25,1,99,98,42,0,high,1.0,
24097,420539,1,1,12,0,45,2,1,1,42,1,high,1.0,
24098,420540,1,1,12,0,35,3,1,1,42,1,high,1.0,
24099,420541,2,2,12,0,65,3,1,1,42,0,high,1.0,
24100,420542,1,1,12,0,65,2,1,1,42,0,high,1.0,
24101,420543,1,1,12,0,35,3,2,2,42,0,high,1.0,
24102,420544,1,4,6,0,55,2,1,1,42,0,low,0.25,
24103,420545,1,1,7,0,25,1,1,1,42,0,high,1.0,
24104,420546,1,1,7,0,35,4,5,2,42,0,high,1.0,
24105,420547,1,1,7,0,40,1,1,1,42,0,high,1.0,
24106,420548,1,1,7,0,40,1,1,1,42,1,high,1.0,
24107,420549,1,3,7,6,55,1,1,1,42,0,low,0.3333333333333333,
24108,420550,1,3,7,6,40,1,1,1,42,0,low,0.3333333333333333,
24109,420551,1,1,7,0,5,2,1,5,42,1,high,1.0,
24110,420552,1,2,7,1,55,2,1,1,42,0,low,0.5,
24111,420553,1,1,7,0,25,1,1,1,42,0,high,1.0,
24112,420554,1,1,7,0,35,1,1,1,42,0,high,1.0,
24113,420555,1,5,7,6,55,1,1,1,42,0,low,0.2,
24114,420556,1,3,3,6,0,2,1,0,42,1,low,0.3333333333333333,
24115,420557,1,2,5,2,45,2,1,1,42,0,low,0.5,
24116,420558,1,3,6,6,40,1,1,1,42,1,low,0.3333333333333333,
24117,420559,1,1,7,0,55,2,1,1,42,0,high,1.0,
24118,420560,1,1,7,0,35,1,1,1,42,0,high,1.0,
24119,420561,1,1,7,0,35,2,1,11,42,1,high,1.0,
24120,420562,1,1,7,0,50,1,2,2,42,0,high,1.0,
24121,420563,1,5,4,6,35,1,1,1,42,0,low,0.2,
24122,420564,1,1,7,0,40,1,1,1,42,0,high,1.0,
24123,420565,1,1,7,0,35,1,1,1,42,1,high,1.0,
24124,420566,1,1,7,0,55,4,2,2,42,0,high,1.0,
24125,420567,1,1,7,0,55,1,1,1,42,0,high,1.0,
24126,420568,1,5,7,8,45,1,1,1,42,0,low,0.2,
24127,420569,1,1,7,0,45,2,1,1,42,0,high,1.0,
24128,420570,1,2,7,0,15,1,1,1,42,0,low,0.5,
24129,420571,1,1,7,0,35,5,1,1,42,1,high,1.0,
24130,420572,1,2,7,2,45,1,1,1,42,0,low,0.5,
24131,420573,1,3,7,1,50,1,1,1,42,1,low,0.3333333333333333,
24132,420574,1,1,8,0,25,2,8,6,42,1,high,1.0,
24133,420575,1,1,9,0,25,3,1,1,42,0,high,1.0,
24134,420576,1,1,10,0,40,2,1,1,42,1,high,1.0,
24135,420577,1,0,12,0,40,2,1,2,42,0,high,inf,
24136,420578,1,1,12,0,25,3,1,1,42,0,high,1.0,
24137,420579,1,1,12,0,25,6,1,1,42,0,high,1.0,
24138,420580,1,1,12,0,40,2,1,1,42,1,high,1.0,
24139,420581,1,1,12,0,35,1,1,1,42,0,high,1.0,
24140,420582,1,1,12,0,35,1,1,2,42,0,high,1.0,
24141,420583,1,2,12,0,55,2,2,2,42,1,low,0.5,
24142,420584,1,1,12,0,55,2,1,1,42,1,high,1.0,
24143,420585,1,1,9,0,45,1,2,2,42,1,high,1.0,
24144,420586,1,2,7,0,45,1,1,1,42,1,low,0.5,
24145,420587,1,1,7,0,35,1,1,1,42,0,high,1.0,
24146,420588,1,1,7,0,45,1,1,1,42,1,high,1.0,
24147,420589,1,1,7,0,45,3,2,2,42,1,high,1.0,
24148,420590,1,1,7,0,45,2,1,1,42,1,high,1.0,
24149,420591,1,1,7,0,35,4,2,2,42,0,high,1.0,
24150,420592,1,2,7,0,35,1,2,2,42,0,low,0.5,
24151,420593,1,1,7,0,25,3,1,1,42,1,high,1.0,
24152,420594,1,3,7,0,65,1,1,1,42,0,low,0.3333333333333333,
24153,420595,1,6,8,1,55,1,1,1,42,0,low,0.16666666666666666,
24154,420596,1,1,7,0,30,1,1,1,42,1,high,1.0,
24155,420597,1,2,12,6,55,2,4,3,42,0,low,0.5,
24156,420598,1,2,8,2,45,1,1,1,42,0,low,0.5,
24157,420599,2,3,12,2,50,2,1,1,42,0,high,0.6666666666666666,
24158,420600,1,1,7,0,25,1,1,1,42,0,high,1.0,
24159,420601,1,2,12,7,55,2,5,1,42,0,low,0.5,
24160,420602,1,4,7,0,55,2,1,1,42,1,low,0.25,
24161,420603,1,1,9,0,55,1,1,1,42,0,high,1.0,
24162,420604,3,4,8,2,55,2,1,1,42,1,high,0.75,
24163,420605,1,2,8,2,40,1,1,1,42,0,low,0.5,
24164,420606,1,1,7,0,25,1,1,1,42,1,high,1.0,
24165,420607,1,2,8,6,35,3,1,1,42,0,low,0.5,
24166,420608,1,2,7,6,45,1,1,1,42,0,low,0.5,
24167,420609,1,2,11,0,35,2,1,1,42,1,low,0.5,
24168,420610,1,2,9,6,45,2,1,1,42,0,low,0.5,
24169,420611,1,3,12,6,45,3,5,2,42,1,low,0.3333333333333333,
24170,420612,1,3,12,6,45,3,2,2,42,1,low,0.3333333333333333,
24171,420613,1,6,8,0,55,1,1,1,42,0,low,0.16666666666666666,
24172,420614,1,1,8,0,55,2,5,2,42,0,high,1.0,
24173,420615,1,1,8,0,40,2,1,1,42,1,high,1.0,
24174,420616,1,1,8,0,40,1,1,1,42,0,high,1.0,
24175,420617,1,1,8,0,65,2,1,1,42,0,high,1.0,
24176,420618,1,1,8,0,25,3,1,1,42,0,high,1.0,
24177,420619,1,1,8,0,35,1,2,2,42,0,high,1.0,
24178,420620,1,3,12,6,45,2,1,1,42,0,low,0.3333333333333333,
24179,420621,1,2,9,6,45,1,2,2,42,0,low,0.5,
24180,420622,1,2,9,0,50,1,1,1,42,0,low,0.5,
24181,420623,1,2,9,2,40,1,1,1,42,1,low,0.5,
24182,420624,1,2,9,6,40,1,1,1,42,0,low,0.5,
24183,420625,2,7,9,2,45,1,1,1,42,0,low,0.2857142857142857,
24184,420626,1,3,9,1,65,1,1,1,42,0,low,0.3333333333333333,
24185,420627,2,4,9,2,55,5,1,1,42,0,low,0.5,
24186,420628,1,1,9,0,45,3,1,1,42,0,high,1.0,
24187,420629,2,3,8,6,55,2,1,1,42,1,high,0.6666666666666666,
24188,420630,1,2,7,6,35,1,1,1,42,1,low,0.5,
24189,420631,1,1,8,0,55,2,1,1,42,1,high,1.0,
24190,420632,1,2,8,6,55,1,1,1,42,0,low,0.5,
24191,420633,1,1,11,0,45,2,1,1,42,0,high,1.0,
24192,420634,2,2,8,0,35,2,1,1,42,0,high,1.0,
24193,420635,1,6,7,6,55,1,1,1,42,0,low,0.16666666666666666,
24194,420636,1,1,8,0,55,2,1,1,42,1,high,1.0,
24195,420637,1,3,7,6,35,1,1,1,42,0,low,0.3333333333333333,
24196,420638,1,1,8,0,40,1,1,1,42,1,high,1.0,
24197,420639,1,1,8,0,35,2,1,1,42,1,high,1.0,
24198,420640,2,3,9,0,25,3,1,1,42,0,high,0.6666666666666666,
24199,420641,2,4,12,8,55,2,2,2,42,1,low,0.5,
24200,420642,1,2,11,0,55,2,1,1,42,1,low,0.5,
24201,420643,1,1,11,0,55,1,1,1,42,0,high,1.0,
24202,420644,1,2,12,2,45,2,1,1,42,0,low,0.5,
24203,420645,1,1,8,0,25,2,1,1,42,0,high,1.0,
24204,420646,1,1,12,0,35,2,1,1,42,0,high,1.0,
24205,420647,2,2,10,0,25,1,2,2,42,1,high,1.0,
24206,420648,1,5,9,1,55,1,1,2,42,0,low,0.2,
24207,420649,1,1,7,0,55,2,1,1,42,0,high,1.0,
24208,420650,2,4,8,0,40,1,1,1,42,0,low,0.5,
24209,420651,1,4,8,6,65,1,1,1,42,0,low,0.25,
24210,420652,1,3,11,2,45,1,1,1,42,0,low,0.3333333333333333,
24211,420653,1,8,11,6,35,2,1,1,42,1,low,0.125,
24212,420654,1,5,12,2,35,1,1,1,42,0,low,0.2,
24213,420655,2,2,8,0,55,1,1,1,42,0,high,1.0,
24214,420656,1,1,8,0,35,2,1,1,42,1,high,1.0,
24215,420657,1,1,8,0,50,2,1,1,42,1,high,1.0,
24216,420658,1,1,8,0,40,3,1,1,42,1,high,1.0,
24217,420659,1,1,8,0,55,2,1,1,42,1,high,1.0,
24218,420660,1,5,7,0,55,1,1,1,42,0,low,0.2,
24219,420661,1,2,7,6,55,1,1,1,42,1,low,0.5,
24220,420662,1,1,8,0,25,3,1,1,42,1,high,1.0,
24221,420663,1,1,8,0,35,2,1,1,42,1,high,1.0,
24222,420664,1,1,8,0,45,7,1,1,42,1,high,1.0,
24223,420665,1,1,8,0,40,5,1,1,42,1,high,1.0,
24224,420666,1,1,8,0,55,1,1,1,42,0,high,1.0,
24225,420667,1,1,8,0,35,1,1,1,42,1,high,1.0,
24226,420668,2,2,8,0,30,2,1,1,42,1,high,1.0,
24227,420669,1,2,8,0,50,1,1,1,42,0,low,0.5,
24228,420670,1,1,7,0,35,1,1,1,42,1,high,1.0,
24229,420671,1,1,7,0,45,1,1,1,42,1,high,1.0,
24230,420672,1,1,3,0,45,1,1,1,42,0,high,1.0,
24231,420673,1,4,8,6,40,1,1,1,42,0,low,0.25,
24232,420674,1,1,4,0,40,2,1,1,42,1,high,1.0,
24233,420675,1,1,1,0,55,2,1,1,42,0,high,1.0,
24234,420676,1,2,7,8,55,2,1,1,42,1,low,0.5,
24235,420677,1,2,7,6,40,1,1,1,42,1,low,0.5,
24236,420678,1,3,7,6,25,3,1,1,42,0,low,0.3333333333333333,
24237,420679,1,1,9,0,25,3,1,1,42,1,high,1.0,
24238,420680,1,2,9,2,45,1,1,1,42,0,low,0.5,
24239,420681,1,3,12,6,40,2,1,1,42,2,low,0.3333333333333333,
24240,420682,1,2,7,2,45,1,1,1,42,0,low,0.5,
24241,420683,1,4,9,6,45,3,1,1,42,0,low,0.25,
24242,420684,1,1,9,0,55,2,1,1,42,0,high,1.0,
24243,420685,1,1,9,0,55,2,1,1,42,0,high,1.0,