,ST_CASE,FATALS,PERSONS,MONTH,MAN_COLL,VSPD_LIM,LGT_COND,WEATHER,VSURCOND,STATE,DRUNK_DR,rate,rate_numerical,arrival_time
25435,450735,1,3,10,2,98,1,1,1,45,0,low,0.3333333333333333,
25436,450736,1,1,8,0,55,1,1,1,45,0,high,1.0,
25437,450737,1,2,9,0,70,1,1,1,45,0,low,0.5,
25438,450738,1,3,10,1,35,1,2,2,45,0,low,0.3333333333333333,
25439,450739,1,1,11,0,45,2,1,1,45,1,high,1.0,
25440,450740,1,1,11,0,55,2,10,2,45,1,high,1.0,
25441,450741,2,4,11,6,55,1,2,2,45,0,low,0.5,
25442,450742,1,3,10,7,40,1,1,1,45,0,low,0.3333333333333333,
25443,450743,1,1,10,0,40,4,1,1,45,0,high,1.0,
25444,450744,1,2,5,6,40,1,1,1,45,0,low,0.5,
25445,450745,1,1,9,0,98,2,98,98,45,0,high,1.0,
25446,450746,1,1,9,0,35,3,2,2,45,1,high,1.0,
25447,450747,1,3,10,1,70,1,1,1,45,0,low,0.3333333333333333,
25448,450748,1,4,10,0,45,2,1,1,45,0,low,0.25,
25449,450749,1,2,10,6,55,4,1,1,45,0,low,0.5,
25450,450750,1,3,10,6,40,1,1,1,45,0,low,0.3333333333333333,
25451,450751,1,1,10,0,25,3,1,1,45,0,high,1.0,
25452,450752,1,4,10,6,45,4,1,1,45,0,low,0.25,
25453,450753,1,7,11,1,45,1,2,2,45,0,low,0.14285714285714285,
25454,450754,1,3,11,1,70,1,5,2,45,0,low,0.3333333333333333,
25455,450755,1,3,11,2,55,1,2,2,45,0,low,0.3333333333333333,
25456,450756,1,1,11,0,70,2,2,2,45,1,high,1.0,
25457,450757,1,1,11,0,55,2,2,2,45,1,high,1.0,
25458,450758,1,3,11,1,55,2,1,1,45,0,low,0.3333333333333333,
25459,450759,1,1,11,0,45,5,10,2,45,0,high,1.0,
25460,450760,1,1,11,0,60,6,1,1,45,0,high,1.0,
25461,450761,1,4,11,2,45,3,2,2,45,0,low,0.25,
25462,450762,1,8,11,2,55,1,2,2,45,0,low,0.125,
25463,450763,1,3,11,6,55,1,1,1,45,0,low,0.3333333333333333,
25464,450764,1,3,11,0,55,1,2,2,45,0,low,0.3333333333333333,
25465,450765,1,2,11,1,35,1,1,1,45,0,low,0.5,
25466,450766,1,3,11,6,30,1,1,2,45,0,low,0.3333333333333333,
25467,450767,1,2,11,2,55,2,10,1,45,1,low,0.5,
25468,450768,1,1,11,0,55,2,2,2,45,1,high,1.0,
25469,450769,1,2,11,6,30,3,1,1,45,0,low,0.5,
25470,450770,2,3,11,1,55,2,1,1,45,1,high,0.6666666666666666,
25471,450771,1,3,11,2,45,1,2,2,45,0,low,0.3333333333333333,
25472,450772,1,5,11,6,55,1,2,2,45,0,low,0.2,
25473,450773,1,1,11,0,55,1,1,1,45,0,high,1.0,
25474,450774,1,1,11,0,55,2,1,1,45,0,high,1.0,
25475,450775,1,1,11,0,45,2,1,1,45,0,high,1.0,
25476,450776,2,3,11,2,45,2,1,1,45,0,high,0.6666666666666666,
25477,450777,1,1,11,0,55,2,1,1,45,0,high,1.0,
25478,450778,1,2,11,0,45,2,1,1,45,0,low,0.5,
25479,450779,1,1,11,0,55,2,1,1,45,1,high,1.0,
25480,450780,1,1,11,0,35,2,1,1,45,0,high,1.0,
25481,450781,1,2,11,1,55,5,1,1,45,0,low,0.5,
25482,450782,1,3,11,0,40,6,10,1,45,0,low,0.3333333333333333,
25483,450783,1,2,11,7,70,2,10,1,45,0,low,0.5,
25484,450784,1,1,11,0,45,6,1,2,45,0,high,1.0,
25485,450785,1,2,11,6,35,1,1,1,45,0,low,0.5,
25486,450786,1,1,11,0,45,3,1,1,45,0,high,1.0,
25487,450787,1,2,11,6,45,1,1,1,45,0,low,0.5,
25488,450788,1,1,11,0,45,2,1,1,45,0,high,1.0,
25489,450789,1,4,10,0,35,4,1,1,45,0,low,0.25,
25490,450790,1,9,11,2,35,1,2,2,45,0,low,0.1111111111111111,
25491,450791,4,6,11,8,55,1,1,1,45,0,high,0.6666666666666666,
25492,450792,1,1,11,0,30,2,1,2,45,1,high,1.0,
25493,450793,3,6,11,0,70,1,1,1,45,0,low,0.5,
25494,450794,1,2,11,0,45,1,1,1,45,0,low,0.5,
25495,450795,1,1,11,0,55,2,1,1,45,1,high,1.0,
25496,450796,1,2,11,1,55,1,1,1,45,0,low,0.5,
25497,450797,1,1,11,0,45,1,1,1,45,0,high,1.0,
25498,450798,1,2,11,6,35,1,10,1,45,0,low,0.5,
25499,450799,1,3,11,2,55,1,1,1,45,0,low,0.3333333333333333,
25500,450800,1,1,11,0,45,2,1,1,45,1,high,1.0,
25501,450801,1,1,11,0,45,1,1,1,45,1,high,1.0,
25502,450802,1,4,11,0,45,2,1,1,45,0,low,0.25,
25503,450803,1,1,11,0,35,2,1,1,45,1,high,1.0,
25504,450804,1,2,11,0,55,1,2,2,45,0,low,0.5,
25505,450805,2,2,11,0,45,2,1,1,45,1,high,1.0,
25506,450806,1,2,3,2,40,1,2,2,45,1,low,0.5,
25507,450807,1,1,11,0,45,3,5,1,45,0,high,1.0,
25508,450808,1,1,11,0,45,3,1,1,45,0,high,1.0,
25509,450809,1,3,11,0,45,6,10,1,45,0,low,0.3333333333333333,
25510,450810,1,2,4,0,70,1,1,1,45,0,low,0.5,
25511,450811,1,4,10,6,45,1,1,1,45,0,low,0.25,
25512,450812,1,2,11,0,70,4,1,1,45,1,low,0.5,
25513,450813,1,1,2,0,98,6,98,98,45,0,high,1.0,
25514,450814,1,2,11,2,35,5,1,1,45,0,low,0.5,
25515,450815,1,4,12,6,45,2,2,2,45,0,low,0.25,
25516,450816,1,1,12,0,25,2,5,2,45,1,high,1.0,
25517,450817,1,1,12,1,70,2,1,1,45,0,high,1.0,
25518,450818,1,4,10,6,45,1,1,1,45,0,low,0.25,
25519,450819,1,2,11,0,40,5,1,1,45,0,low,0.5,
25520,450820,1,4,11,6,55,4,1,1,45,0,low,0.25,
25521,450821,1,2,11,6,45,1,1,1,45,0,low,0.5,
25522,450822,1,4,11,2,45,1,1,1,45,0,low,0.25,
25523,450823,1,2,11,1,55,5,1,1,45,0,low,0.5,
25524,450824,1,2,12,2,55,4,1,1,45,0,low,0.5,
25525,450825,1,5,12,6,55,1,1,1,45,0,low,0.2,
25526,450826,1,3,12,1,70,1,1,1,45,0,low,0.3333333333333333,
25527,450827,1,2,12,2,55,1,1,1,45,0,low,0.5,
25528,450828,1,2,12,0,55,2,1,1,45,0,low,0.5,
25529,450829,1,2,12,0,40,5,1,1,45,0,low,0.5,
25530,450830,1,1,12,0,35,3,1,1,45,1,high,1.0,
25531,450831,1,1,12,0,35,1,1,1,45,1,high,1.0,
25532,450832,1,6,12,6,55,1,1,1,45,0,low,0.16666666666666666,
25533,450833,1,1,12,0,55,2,1,1,45,0,high,1.0,
25534,450834,1,5,12,8,60,6,1,1,45,1,low,0.2,
25535,450835,1,1,6,0,35,3,1,1,45,1,high,1.0,
25536,450836,1,2,7,1,40,3,1,1,45,0,low,0.5,
25537,450837,1,2,9,0,55,1,10,1,45,1,low,0.5,
25538,450838,1,1,9,0,60,2,1,1,45,0,high,1.0,
25539,450839,1,2,9,6,45,3,1,1,45,0,low,0.5,
25540,450840,1,1,9,0,55,1,99,99,45,0,high,1.0,
25541,450841,1,3,10,1,45,3,1,1,45,0,low,0.3333333333333333,
25542,450842,1,2,10,6,30,1,1,1,45,0,low,0.5,
25543,450843,1,2,10,6,40,1,1,1,45,0,low,0.5,
25544,450845,1,11,10,2,30,1,1,1,45,0,low,0.09090909090909091,
25545,450846,1,2,10,1,55,2,1,1,45,0,low,0.5,
25546,450847,1,1,10,0,35,2,1,2,45,1,high,1.0,
25547,450848,1,6,11,6,40,1,1,1,45,0,low,0.16666666666666666,
25548,450849,1,2,11,0,50,1,1,1,45,0,low,0.5,
25549,450850,1,4,11,6,45,1,1,1,45,0,low,0.25,
25550,450851,1,1,11,0,45,2,2,2,45,0,high,1.0,
25551,450852,1,2,11,0,55,3,1,1,45,1,low,0.5,
25552,450853,2,4,12,6,98,3,1,1,45,1,low,0.5,
25553,450854,1,0,12,0,45,1,1,1,45,0,high,inf,
25554,450855,1,3,12,2,45,1,1,1,45,0,low,0.3333333333333333,
25555,450856,1,1,12,0,35,1,1,1,45,0,high,1.0,
25556,450857,1,3,12,2,40,1,1,1,45,0,low,0.3333333333333333,
25557,450858,1,2,12,6,35,1,1,1,45,0,low,0.5,
25558,450859,1,1,12,0,55,2,1,1,45,0,high,1.0,
25559,450860,1,1,12,0,35,2,1,1,45,0,high,1.0,
25560,450861,1,1,12,0,55,2,1,1,45,1,high,1.0,
25561,450862,1,2,12,0,55,2,1,1,45,0,low,0.5,
25562,450863,1,1,12,0,45,2,1,1,45,1,high,1.0,
25563,450864,1,3,12,6,55,3,1,1,45,0,low,0.3333333333333333,
25564,450865,1,1,12,0,30,2,1,1,45,1,high,1.0,
25565,450866,1,5,12,7,50,5,1,1,45,0,low,0.2,
25566,450867,1,1,12,0,55,2,1,1,45,1,high,1.0,
25567,450868,1,3,12,2,45,1,1,1,45,0,low,0.3333333333333333,
25568,450869,1,6,12,8,35,5,1,1,45,0,low,0.16666666666666666,
25569,450870,1,1,12,0,45,2,1,1,45,1,high,1.0,
25570,450871,1,2,12,2,55,1,1,1,45,0,low,0.5,
25571,450872,1,2,12,1,70,4,1,1,45,0,low,0.5,
25572,450873,1,1,12,0,55,2,10,2,45,0,high,1.0,
25573,450874,1,3,12,0,60,2,1,2,45,0,low,0.3333333333333333,
25574,450875,1,3,12,6,35,1,1,1,45,0,low,0.3333333333333333,
25575,450876,1,6,12,0,55,2,1,1,45,1,low,0.16666666666666666,
25576,450877,1,9,12,0,70,1,1,1,45,0,low,0.1111111111111111,
25577,450878,1,2,12,6,45,4,1,1,45,0,low,0.5,
25578,450879,1,1,12,0,45,2,1,1,45,0,high,1.0,
25579,450880,1,2,12,0,55,2,1,1,45,1,low,0.5,
25580,450881,1,3,12,6,45,3,1,1,45,1,low,0.3333333333333333,
25581,450882,1,1,12,0,45,2,5,1,45,0,high,1.0,
25582,450883,1,2,12,6,35,1,1,1,45,0,low,0.5,
25583,450884,1,2,12,6,55,3,1,1,45,0,low,0.5,
25584,450885,1,1,12,0,55,2,10,2,45,0,high,1.0,
25585,450886,1,4,12,0,55,2,2,2,45,0,low,0.25,
25586,450887,1,2,12,6,45,1,2,2,45,0,low,0.5,
25587,450888,1,1,12,0,98,2,2,2,45,0,high,1.0,
25588,450889,1,3,12,2,55,2,2,2,45,0,low,0.3333333333333333,
25589,450890,1,2,12,0,35,3,2,2,45,0,low,0.5,
25590,450891,2,4,12,6,45,3,2,2,45,0,low,0.5,
25591,450892,1,2,12,0,35,3,2,2,45,1,low,0.5,
25592,450893,1,1,12,0,35,6,2,2,45,1,high,1.0,
25593,450894,1,7,12,1,60,1,1,1,45,0,low,0.14285714285714285,
25594,450895,1,1,12,0,55,2,5,2,45,1,high,1.0,
25595,450896,1,6,12,6,45,1,10,2,45,0,low,0.16666666666666666,
25596,450897,2,3,12,0,45,2,1,1,45,1,high,0.6666666666666666,
25597,450898,1,5,12,2,55,3,1,1,45,1,low,0.2,
25598,450899,1,1,12,0,70,1,10,1,45,1,high,1.0,
25599,450900,1,2,12,6,55,3,1,1,45,1,low,0.5,
25600,450901,1,2,12,1,55,2,5,1,45,0,low,0.5,
25601,450902,1,1,12,0,45,1,10,1,45,0,high,1.0,
25602,450903,1,3,12,0,45,2,5,1,45,0,low,0.3333333333333333,
25603,450904,1,1,12,0,45,2,10,1,45,0,high,1.0,
25604,450905,1,4,12,6,60,2,2,2,45,0,low,0.25,
25605,450906,1,1,6,0,55,2,1,1,45,0,high,1.0,
25606,450907,1,3,11,1,45,6,1,1,45,1,low,0.3333333333333333,
25607,450908,1,1,12,0,20,3,1,1,45,1,high,1.0,
25608,450909,1,3,12,0,35,2,5,1,45,0,low,0.3333333333333333,
25609,450910,1,4,12,0,55,2,1,1,45,1,low,0.25,
25610,450911,1,8,11,6,45,1,1,1,45,0,low,0.125,
25611,450912,1,2,9,6,60,1,1,1,45,0,low,0.5,
25612,460001,1,1,1,0,55,2,4,3,46,0,high,1.0,
25613,460002,1,1,1,0,55,2,1,1,46,1,high,1.0,
25614,460003,1,2,1,6,75,2,1,4,46,0,low,0.5,
25615,460004,1,4,1,0,65,2,10,4,46,0,low,0.25,
25616,460005,1,1,1,0,55,4,1,1,46,1,high,1.0,
25617,460006,1,2,1,0,65,1,12,4,46,0,low,0.5,
25618,460007,1,1,1,0,65,1,1,1,46,1,high,1.0,
25619,460008,1,6,2,6,65,3,10,2,46,0,low,0.16666666666666666,
25620,460009,1,1,2,0,0,1,1,0,46,0,high,1.0,
25621,460010,1,3,3,6,65,4,1,1,46,0,low,0.3333333333333333,
25622,460011,1,1,3,0,25,3,1,1,46,1,high,1.0,
25623,460012,1,1,3,0,55,2,10,1,46,1,high,1.0,
25624,460013,1,1,3,0,65,2,10,1,46,1,high,1.0,
25625,460014,1,2,3,0,45,5,10,11,46,0,low,0.5,
25626,460015,1,1,3,0,55,1,1,1,46,1,high,1.0,
25627,460016,1,1,3,0,55,5,1,11,46,0,high,1.0,
25628,460017,1,2,3,6,30,1,1,1,46,0,low,0.5,
25629,460018,1,3,4,6,65,1,1,1,46,0,low,0.3333333333333333,
25630,460019,1,7,4,0,45,3,1,1,46,0,low,0.14285714285714285,
25631,460020,1,1,4,0,65,2,1,1,46,1,high,1.0,
25632,460021,1,3,4,0,65,5,2,2,46,0,low,0.3333333333333333,
25633,460022,1,4,4,6,55,1,1,1,46,0,low,0.25,
25634,460023,1,3,5,6,75,2,1,1,46,1,low,0.3333333333333333,
25635,460024,2,3,5,0,55,1,1,1,46,1,high,0.6666666666666666,
25636,460025,1,2,5,8,35,1,1,1,46,0,low,0.5,
25637,460026,1,2,2,0,55,4,1,1,46,1,low,0.5,
25638,460027,1,6,5,2,65,1,2,2,46,0,low,0.16666666666666666,
25639,460028,1,1,5,0,35,1,10,1,46,1,high,1.0,
25640,460029,1,2,5,0,55,1,2,2,46,1,low,0.5,
25641,460030,1,2,5,0,65,1,10,1,46,0,low,0.5,
25642,460031,2,3,5,2,65,1,2,2,46,1,high,0.6666666666666666,
25643,460032,1,2,5,6,65,1,10,1,46,0,low,0.5,
25644,460033,1,1,6,0,50,1,10,2,46,0,high,1.0,
25645,460034,1,3,6,1,80,1,1,1,46,0,low,0.3333333333333333,
25646,460035,1,1,4,0,55,2,1,1,46,1,high,1.0,
25647,460036,1,2,4,7,80,1,1,1,46,0,low,0.5,
25648,460037,1,3,6,0,80,1,1,1,46,0,low,0.3333333333333333,
25649,460038,1,5,6,0,55,1,1,1,46,1,low,0.2,
25650,460040,1,2,6,1,80,2,2,2,46,0,low,0.5,
25651,460041,1,2,6,1,35,1,1,1,46,0,low,0.5,
25652,460042,1,1,6,0,55,2,1,1,46,1,high,1.0,
25653,460043,1,6,7,1,80,1,1,1,46,0,low,0.16666666666666666,
25654,460044,1,2,7,0,40,1,1,1,46,1,low,0.5,
25655,460045,1,2,7,0,65,1,1,1,46,0,low,0.5,
25656,460046,1,3,7,8,65,1,1,2,46,0,low,0.3333333333333333,
25657,460047,2,4,7,2,50,1,1,1,46,0,low,0.5,
25658,460048,3,6,7,6,55,1,1,1,46,0,low,0.5,
25659,460049,1,1,7,0,55,1,1,1,46,0,high,1.0,
25660,460050,1,3,7,6,30,1,1,1,46,0,low,0.3333333333333333,
25661,460051,1,1,7,0,35,1,1,1,46,0,high,1.0,
25662,460052,1,4,7,0,55,2,1,1,46,1,low,0.25,
25663,460053,1,4,7,2,65,1,1,1,46,0,low,0.25,
25664,460054,1,2,7,0,55,1,1,1,46,1,low,0.5,
25665,460055,1,2,7,6,65,1,1,1,46,0,low,0.5,
25666,460056,1,1,7,0,40,1,1,1,46,0,high,1.0,
25667,460057,1,1,8,0,35,1,1,1,46,0,high,1.0,
25668,460058,1,7,8,1,65,1,1,1,46,0,low,0.14285714285714285,
25669,460059,1,2,8,0,80,1,1,1,46,0,low,0.5,
25670,460060,1,6,8,6,55,1,1,1,46,0,low,0.16666666666666666,
25671,460061,1,1,8,0,25,2,1,1,46,1,high,1.0,
25672,460062,1,3,8,1,75,1,1,1,46,1,low,0.3333333333333333,
25673,460063,1,1,8,0,35,1,1,1,46,0,high,1.0,
25674,460064,1,6,8,0,55,1,1,1,46,0,low,0.16666666666666666,
25675,460065,1,2,8,6,45,1,1,1,46,0,low,0.5,
25676,460066,1,4,8,0,80,1,1,1,46,0,low,0.25,
25677,460067,1,2,8,2,65,1,10,1,46,0,low,0.5,
25678,460068,1,3,8,1,65,1,1,1,46,0,low,0.3333333333333333,
25679,460069,1,1,8,0,40,2,1,1,46,1,high,1.0,
25680,460070,1,1,8,0,55,1,1,1,46,0,high,1.0,
25681,460071,1,1,8,0,30,1,1,1,46,1,high,1.0,
25682,460072,1,2,8,0,55,2,1,1,46,0,low,0.5,
25683,460073,1,2,8,1,65,1,1,1,46,0,low,0.5,
25684,460074,4,7,8,2,80,1,1,1,46,0,high,0.5714285714285714,
25685,460075,1,2,8,6,25,1,1,1,46,0,low,0.5,
25686,460076,2,2,8,2,65,1,1,1,46,1,high,1.0,
25687,460077,2,2,9,0,50,1,1,1,46,0,high,1.0,
25688,460078,1,2,9,0,75,2,1,1,46,0,low,0.5,
25689,460079,1,1,9,0,35,1,1,1,46,0,high,1.0,
25690,460080,1,1,8,0,80,2,1,1,46,0,high,1.0,
25691,460081,1,3,9,8,65,1,1,1,46,1,low,0.3333333333333333,
25692,460082,1,1,9,0,65,2,1,1,46,1,high,1.0,
25693,460083,1,3,9,0,25,5,1,1,46,0,low,0.3333333333333333,
25694,460084,1,2,9,6,65,1,1,1,46,1,low,0.5,
25695,460085,1,1,9,0,45,5,1,1,46,1,high,1.0,
25696,460086,1,1,9,0,55,2,1,1,46,1,high,1.0,
25697,460087,3,4,9,2,65,1,1,1,46,0,high,0.75,
25698,460088,1,2,9,0,75,1,1,1,46,0,low,0.5,
25699,460089,1,2,10,7,65,1,1,1,46,0,low,0.5,
25700,460090,1,4,7,6,65,1,1,1,46,0,low,0.25,
25701,460091,1,2,10,8,65,1,10,1,46,0,low,0.5,
25702,460092,1,1,10,0,35,2,1,1,46,1,high,1.0,
25703,460093,1,6,10,2,70,2,1,1,46,1,low,0.16666666666666666,
25704,460094,1,1,10,6,65,2,1,1,46,0,high,1.0,
25705,460095,1,2,10,0,0,1,10,0,46,0,low,0.5,
25706,460096,1,3,10,0,65,2,10,1,46,1,low,0.3333333333333333,
25707,460097,1,5,11,0,80,1,1,1,46,0,low,0.2,
25708,460098,2,2,11,0,35,2,1,1,46,1,high,1.0,
25709,460099,1,1,11,0,55,2,10,1,46,1,high,1.0,
25710,460100,1,1,11,0,80,2,1,1,46,1,high,1.0,
25711,460101,1,1,11,0,55,2,1,1,46,1,high,1.0,
25712,460102,3,3,11,2,65,1,1,1,46,0,high,1.0,
25713,460103,1,3,11,0,65,1,1,1,46,0,low,0.3333333333333333,
25714,460104,1,2,11,2,65,2,10,1,46,1,low,0.5,
25715,460105,1,1,11,0,70,2,1,1,46,0,high,1.0,
25716,460106,2,5,11,2,70,2,3,2,46,1,low,0.4,
25717,460107,1,1,11,0,60,2,10,1,46,0,high,1.0,
25718,460108,1,4,12,6,65,2,10,3,46,0,low,0.25,
25719,460109,3,6,12,2,65,1,1,1,46,0,low,0.5,
25720,460110,1,3,12,0,80,1,1,4,46,0,low,0.3333333333333333,
25721,460111,1,5,12,0,65,1,1,1,46,0,low,0.2,
25722,460112,1,1,11,0,30,1,1,1,46,0,high,1.0,
25723,460113,1,0,12,0,80,2,10,2,46,0,high,inf,
25724,460114,1,1,12,0,75,1,11,3,46,0,high,1.0,
25725,460115,1,1,6,0,55,4,1,1,46,0,high,1.0,
25726,460116,1,1,12,0,55,1,1,1,46,1,high,1.0,
25727,470001,1,3,1,6,55,1,10,1,47,0,low,0.3333333333333333,
25728,470002,2,2,1,0,65,2,2,2,47,0,high,1.0,
25729,470003,1,1,1,0,55,1,2,2,47,0,high,1.0,
25730,470004,1,6,1,2,40,1,2,2,47,0,low,0.16666666666666666,
25731,470005,1,2,1,2,55,1,1,1,47,0,low,0.5,
25732,470006,1,1,1,0,45,3,1,1,47,0,high,1.0,
25733,470007,1,2,1,2,45,1,1,1,47,0,low,0.5,
25734,470008,2,2,1,2,55,1,1,1,47,0,high,1.0,
25735,470009,2,2,1,0,45,2,1,1,47,1,high,1.0,
25736,470010,1,1,1,0,35,2,1,1,47,0,high,1.0,
25737,470011,1,1,1,0,40,3,1,1,47,0,high,1.0,
25738,470012,1,2,1,0,35,2,1,1,47,0,low,0.5,
25739,470013,2,5,1,6,55,1,1,1,47,0,low,0.4,
25740,470014,1,3,1,6,65,1,1,1,47,1,low,0.3333333333333333,
25741,470015,1,1,1,0,65,2,1,1,47,0,high,1.0,
25742,470016,1,1,1,0,70,1,1,1,47,0,high,1.0,
25743,470017,1,3,1,6,45,2,1,1,47,1,low,0.3333333333333333,
25744,470018,1,1,1,0,40,3,10,1,47,1,high,1.0,
25745,470019,1,2,1,2,65,2,2,2,47,1,low,0.5,
25746,470020,1,3,1,0,50,2,1,1,47,0,low,0.3333333333333333,
25747,470021,1,2,1,0,45,1,1,1,47,0,low,0.5,
25748,470022,1,2,1,2,40,1,1,1,47,0,low,0.5,
25749,470023,1,4,1,0,35,3,2,2,47,0,low,0.25,
25750,470024,1,2,1,0,45,2,1,1,47,1,low,0.5,
25751,470025,1,5,1,1,70,2,1,1,47,0,low,0.2,
25752,470026,1,3,1,2,40,3,10,2,47,1,low,0.3333333333333333,
25753,470027,1,2,1,2,55,1,4,3,47,0,low,0.5,
25754,470028,1,3,1,0,35,2,1,1,47,1,low,0.3333333333333333,
25755,470029,1,2,1,2,45,2,1,1,47,1,low,0.5,
25756,470030,1,1,1,0,30,2,1,2,47,1,high,1.0,
25757,470031,1,3,1,0,55,2,3,2,47,0,low,0.3333333333333333,
25758,470032,1,4,1,7,55,1,10,2,47,0,low,0.25,
25759,470033,1,1,1,0,25,3,1,1,47,0,high,1.0,
25760,470034,1,2,1,1,55,2,2,2,47,0,low,0.5,
25761,470035,1,1,1,0,40,2,1,1,47,0,high,1.0,
25762,470036,2,2,1,0,35,1,1,1,47,0,high,1.0,
25763,470037,1,1,1,0,55,2,2,2,47,1,high,1.0,
25764,470038,1,2,1,0,55,2,10,1,47,1,low,0.5,
25765,470039,1,1,1,0,45,2,2,2,47,0,high,1.0,
25766,470040,1,1,1,0,55,1,10,1,47,0,high,1.0,
25767,470041,1,3,1,1,70,1,1,1,47,0,low,0.3333333333333333,
25768,470043,2,3,1,0,45,1,2,2,47,0,high,0.6666666666666666,
25769,470044,1,2,1,2,30,2,1,1,47,1,low,0.5,
25770,470045,1,1,1,0,35,1,1,1,47,1,high,1.0,
25771,470047,1,2,1,6,55,4,1,4,47,1,low,0.5,
25772,470049,2,3,2,0,70,2,10,1,47,1,high,0.6666666666666666,
25773,470051,1,3,2,6,40,2,2,2,47,1,low,0.3333333333333333,
25774,470052,1,2,2,0,30,2,1,1,47,1,low,0.5,
25775,470053,1,2,2,0,30,3,1,1,47,0,low,0.5,
25776,470054,1,3,1,0,35,2,1,1,47,0,low,0.3333333333333333,
25777,470055,1,2,1,2,45,1,1,1,47,0,low,0.5,
25778,470056,1,5,2,2,45,2,1,1,47,1,low,0.2,
25779,470057,1,1,2,0,30,1,1,1,47,0,high,1.0,
25780,470058,1,5,1,6,55,1,1,1,47,0,low,0.2,
25781,470059,1,2,2,6,50,1,10,1,47,0,low,0.5,
25782,470060,1,1,1,0,45,3,2,2,47,0,high,1.0,
25783,470062,1,4,2,2,45,1,1,1,47,0,low,0.25,
25784,470063,1,2,2,6,30,1,1,1,47,0,low,0.5,
25785,470064,1,5,2,1,65,1,1,1,47,0,low,0.2,
25786,470065,1,2,1,0,30,3,1,1,47,1,low,0.5,
25787,470066,1,3,1,2,65,3,1,1,47,1,low,0.3333333333333333,
25788,470067,1,1,1,0,45,2,1,1,47,1,high,1.0,
25789,470068,2,6,2,1,70,2,1,1,47,0,low,0.3333333333333333,
25790,470069,1,4,2,6,55,1,1,1,47,0,low,0.25,
25791,470070,1,3,2,0,45,2,2,2,47,1,low,0.3333333333333333,
25792,470071,1,3,2,2,35,1,10,1,47,0,low,0.3333333333333333,
25793,470072,3,4,2,0,35,1,1,1,47,0,high,0.75,
25794,470073,1,1,1,0,40,1,1,1,47,0,high,1.0,
25795,470074,1,3,2,2,55,1,1,1,47,0,low,0.3333333333333333,
25796,470075,1,1,2,0,70,2,1,1,47,0,high,1.0,
25797,470076,1,3,2,2,45,3,1,1,47,0,low,0.3333333333333333,
25798,470077,1,1,2,0,55,2,1,1,47,0,high,1.0,
25799,470078,1,1,2,0,45,1,1,1,47,0,high,1.0,
25800,470079,1,2,2,0,40,3,1,1,47,0,low,0.5,
25801,470080,1,2,2,1,60,5,1,1,47,1,low,0.5,
25802,470081,1,2,1,6,45,2,1,1,47,0,low,0.5,
25803,470083,1,2,2,6,40,1,10,1,47,0,low,0.5,
25804,470084,2,5,2,6,55,1,10,1,47,0,low,0.4,
25805,470085,1,6,2,2,45,1,1,1,47,0,low,0.16666666666666666,
25806,470086,1,2,2,0,40,3,1,1,47,0,low,0.5,
25807,470087,2,2,2,2,55,1,10,1,47,0,high,1.0,
25808,470088,1,2,2,0,45,1,1,1,47,1,low,0.5,
25809,470089,1,3,2,2,55,1,1,1,47,1,low,0.3333333333333333,
25810,470090,1,1,2,0,45,1,1,1,47,0,high,1.0,
25811,470091,1,1,2,0,40,2,1,8,47,1,high,1.0,
25812,470092,1,1,2,0,40,1,1,3,47,0,high,1.0,
25813,470093,1,1,1,0,40,2,1,1,47,1,high,1.0,
25814,470094,1,1,2,0,55,2,1,1,47,1,high,1.0,
25815,470095,1,3,2,6,55,1,3,4,47,0,low,0.3333333333333333,
25816,470096,1,1,2,0,40,2,1,1,47,0,high,1.0,
25817,470097,2,2,2,0,45,2,1,1,47,1,high,1.0,
25818,470098,1,2,1,7,55,1,1,1,47,0,low,0.5,
25819,470099,1,1,1,0,45,2,1,1,47,1,high,1.0,
25820,470100,1,1,1,0,40,1,1,1,47,0,high,1.0,
25821,470101,1,3,2,7,70,2,1,1,47,0,low,0.3333333333333333,
25822,470102,1,2,3,0,30,3,10,1,47,1,low,0.5,
25823,470103,2,2,2,0,70,2,1,4,47,0,high,1.0,
25824,470104,2,8,1,1,35,1,1,1,47,0,low,0.25,
25825,470106,1,1,2,0,45,2,4,3,47,0,high,1.0,