,ST_CASE,FATALS,PERSONS,MONTH,MAN_COLL,VSPD_LIM,LGT_COND,WEATHER,VSURCOND,STATE,DRUNK_DR,rate,rate_numerical,arrival_time
25826,470107,1,3,2,1,70,1,1,1,47,0,low,0.3333333333333333,
25827,470108,1,3,2,0,70,2,1,1,47,1,low,0.3333333333333333,
25828,470109,1,5,3,1,40,1,1,1,47,0,low,0.2,
25829,470110,1,3,2,0,40,3,1,1,47,0,low,0.3333333333333333,
25830,470112,1,1,3,0,45,2,2,2,47,0,high,1.0,
25831,470113,2,3,3,2,45,3,2,2,47,0,high,0.6666666666666666,
25832,470114,1,3,3,2,40,1,10,4,47,0,low,0.3333333333333333,
25833,470115,1,1,3,0,40,2,1,4,47,1,high,1.0,
25834,470116,1,1,3,0,55,2,1,1,47,0,high,1.0,
25835,470117,1,6,1,1,25,1,2,2,47,0,low,0.16666666666666666,
25836,470118,1,2,2,0,70,2,1,1,47,0,low,0.5,
25837,470119,1,8,2,6,30,1,10,1,47,0,low,0.125,
25838,470120,1,2,2,0,70,8,3,4,47,0,low,0.5,
25839,470121,1,2,3,0,55,2,2,2,47,1,low,0.5,
25840,470122,1,4,2,1,45,5,10,1,47,1,low,0.25,
25841,470123,1,3,3,2,35,1,1,1,47,0,low,0.3333333333333333,
25842,470125,1,2,3,0,45,3,2,2,47,0,low,0.5,
25843,470126,1,1,3,0,45,2,1,1,47,1,high,1.0,
25844,470127,1,5,1,6,35,3,1,1,47,1,low,0.2,
25845,470128,1,4,3,0,70,1,4,3,47,0,low,0.25,
25846,470129,1,1,2,0,45,3,10,1,47,1,high,1.0,
25847,470130,1,2,3,6,55,1,1,2,47,0,low,0.5,
25848,470131,1,3,3,8,55,1,2,2,47,0,low,0.3333333333333333,
25849,470132,1,1,3,0,65,3,1,1,47,0,high,1.0,
25850,470133,1,1,3,0,55,1,2,2,47,0,high,1.0,
25851,470134,1,2,3,6,0,1,4,0,47,0,low,0.5,
25852,470135,1,1,3,0,55,1,2,2,47,1,high,1.0,
25853,470136,1,4,3,0,55,2,4,3,47,0,low,0.25,
25854,470137,1,1,3,0,40,3,1,1,47,0,high,1.0,
25855,470139,1,1,3,0,55,2,2,2,47,1,high,1.0,
25856,470140,1,2,3,0,45,5,1,1,47,0,low,0.5,
25857,470141,1,1,3,0,30,2,10,1,47,1,high,1.0,
25858,470142,2,2,3,2,55,1,1,1,47,0,high,1.0,
25859,470143,1,1,2,0,55,1,1,1,47,0,high,1.0,
25860,470144,1,2,2,0,45,1,4,4,47,0,low,0.5,
25861,470145,1,1,3,0,55,2,2,2,47,0,high,1.0,
25862,470146,1,1,3,0,55,4,1,4,47,0,high,1.0,
25863,470147,1,3,3,2,55,1,1,1,47,1,low,0.3333333333333333,
25864,470148,1,2,3,0,35,4,2,2,47,0,low,0.5,
25865,470149,1,3,3,6,45,2,5,2,47,1,low,0.3333333333333333,
25866,470150,1,2,3,0,45,2,2,2,47,0,low,0.5,
25867,470151,1,3,3,2,35,1,1,1,47,1,low,0.3333333333333333,
25868,470152,1,1,3,0,45,2,1,1,47,1,high,1.0,
25869,470153,1,1,3,0,40,9,1,1,47,0,high,1.0,
25870,470154,1,2,3,0,35,2,1,1,47,0,low,0.5,
25871,470155,1,1,3,0,30,2,1,1,47,1,high,1.0,
25872,470156,1,3,3,6,55,1,1,1,47,0,low,0.3333333333333333,
25873,470157,1,2,3,6,30,1,1,1,47,0,low,0.5,
25874,470158,1,2,3,0,40,1,1,1,47,1,low,0.5,
25875,470159,1,4,3,2,70,2,1,1,47,0,low,0.25,
25876,470160,1,1,3,0,30,2,10,1,47,1,high,1.0,
25877,470161,1,1,3,0,25,1,10,1,47,0,high,1.0,
25878,470162,1,1,3,0,30,5,1,1,47,0,high,1.0,
25879,470163,1,1,3,0,45,2,1,1,47,0,high,1.0,
25880,470164,1,1,3,0,40,1,1,1,47,0,high,1.0,
25881,470165,1,1,3,0,40,2,1,1,47,0,high,1.0,
25882,470166,1,1,3,0,45,2,1,1,47,1,high,1.0,
25883,470167,1,6,3,7,55,1,1,1,47,0,low,0.16666666666666666,
25884,470169,1,3,3,6,30,2,1,1,47,0,low,0.3333333333333333,
25885,470170,1,3,3,1,45,1,1,1,47,0,low,0.3333333333333333,
25886,470171,1,4,3,6,55,5,1,1,47,1,low,0.25,
25887,470172,1,3,3,1,45,3,1,1,47,0,low,0.3333333333333333,
25888,470173,1,2,4,0,55,2,1,1,47,0,low,0.5,
25889,470174,1,1,3,0,70,1,10,1,47,0,high,1.0,
25890,470175,2,8,4,1,70,2,1,1,47,1,low,0.25,
25891,470176,1,2,4,0,35,3,10,1,47,1,low,0.5,
25892,470177,1,7,3,1,70,1,1,1,47,1,low,0.14285714285714285,
25893,470178,1,1,3,0,55,1,1,1,47,1,high,1.0,
25894,470179,1,1,3,0,50,9,1,1,47,1,high,1.0,
25895,470180,1,1,3,0,55,2,1,1,47,0,high,1.0,
25896,470181,2,3,4,0,35,3,1,1,47,1,high,0.6666666666666666,
25897,470182,1,3,3,0,30,1,10,1,47,0,low,0.3333333333333333,
25898,470183,1,2,4,2,45,2,1,1,47,2,low,0.5,
25899,470184,1,2,4,6,45,1,2,2,47,0,low,0.5,
25900,470185,1,3,4,6,50,1,1,1,47,0,low,0.3333333333333333,
25901,470186,1,1,4,0,55,2,1,1,47,1,high,1.0,
25902,470187,1,1,4,0,50,4,1,1,47,0,high,1.0,
25903,470188,1,2,4,0,55,2,1,1,47,1,low,0.5,
25904,470189,1,1,4,0,70,2,10,2,47,0,high,1.0,
25905,470190,1,4,4,6,35,1,1,1,47,0,low,0.25,
25906,470191,1,1,4,0,35,1,1,1,47,0,high,1.0,
25907,470192,1,6,4,1,55,1,10,1,47,0,low,0.16666666666666666,
25908,470193,1,1,3,0,55,2,10,1,47,0,high,1.0,
25909,470194,1,2,3,0,55,1,1,1,47,1,low,0.5,
25910,470195,1,2,4,6,30,1,10,1,47,0,low,0.5,
25911,470196,1,1,1,0,35,2,5,4,47,0,high,1.0,
25912,470197,1,4,4,2,50,1,1,1,47,0,low,0.25,
25913,470198,1,1,3,0,55,2,1,1,47,0,high,1.0,
25914,470200,1,2,4,6,55,1,10,1,47,0,low,0.5,
25915,470201,1,1,4,0,45,2,1,1,47,0,high,1.0,
25916,470202,1,2,4,6,35,1,2,2,47,0,low,0.5,
25917,470203,1,7,4,1,65,2,1,1,47,0,low,0.14285714285714285,
25918,470204,1,1,4,0,45,1,10,1,47,0,high,1.0,
25919,470205,1,1,4,0,55,1,1,1,47,0,high,1.0,
25920,470206,1,2,4,8,70,1,10,1,47,0,low,0.5,
25921,470207,1,2,4,6,40,1,1,1,47,0,low,0.5,
25922,470208,1,5,4,2,45,1,1,1,47,0,low,0.2,
25923,470209,1,1,4,0,55,3,10,1,47,0,high,1.0,
25924,470210,1,1,4,0,70,1,2,2,47,0,high,1.0,
25925,470211,1,3,4,2,55,1,2,2,47,0,low,0.3333333333333333,
25926,470212,1,2,4,2,50,1,10,1,47,0,low,0.5,
25927,470213,1,2,4,2,45,1,1,1,47,1,low,0.5,
25928,470214,1,1,4,0,55,2,1,1,47,1,high,1.0,
25929,470215,2,2,4,0,45,3,1,1,47,1,high,1.0,
25930,470216,1,3,4,9,45,3,2,2,47,0,low,0.3333333333333333,
25931,470217,1,3,4,6,55,2,1,1,47,2,low,0.3333333333333333,
25932,470218,1,1,4,0,55,2,1,1,47,0,high,1.0,
25933,470219,1,1,4,0,35,1,1,1,47,0,high,1.0,
25934,470220,1,2,4,0,50,2,1,1,47,0,low,0.5,
25935,470221,1,1,4,0,40,2,1,1,47,0,high,1.0,
25936,470222,1,1,4,0,55,1,2,2,47,0,high,1.0,
25937,470223,1,1,4,0,45,2,10,1,47,1,high,1.0,
25938,470224,1,6,4,6,45,1,1,1,47,0,low,0.16666666666666666,
25939,470225,1,1,4,0,35,3,1,1,47,0,high,1.0,
25940,470226,1,3,4,2,30,1,1,1,47,0,low,0.3333333333333333,
25941,470227,1,4,4,2,55,1,1,1,47,0,low,0.25,
25942,470228,1,2,4,2,55,1,1,1,47,0,low,0.5,
25943,470229,1,1,4,0,45,3,1,1,47,0,high,1.0,
25944,470230,1,2,4,0,40,1,1,1,47,0,low,0.5,
25945,470231,1,2,4,2,40,1,1,1,47,0,low,0.5,
25946,470232,1,2,5,2,45,1,10,1,47,0,low,0.5,
25947,470233,1,2,4,6,55,2,1,1,47,0,low,0.5,
25948,470234,1,2,4,1,65,1,1,1,47,1,low,0.5,
25949,470235,1,3,4,6,30,1,1,1,47,0,low,0.3333333333333333,
25950,470236,1,4,4,6,45,2,2,2,47,1,low,0.25,
25951,470237,1,1,4,0,45,1,1,1,47,0,high,1.0,
25952,470238,1,4,5,2,35,1,1,1,47,0,low,0.25,
25953,470239,1,1,3,0,35,3,1,1,47,0,high,1.0,
25954,470240,1,1,5,0,50,1,1,1,47,0,high,1.0,
25955,470241,1,5,5,6,40,3,1,1,47,0,low,0.2,
25956,470242,1,3,4,6,45,1,1,1,47,0,low,0.3333333333333333,
25957,470243,1,2,5,2,45,2,5,2,47,0,low,0.5,
25958,470244,2,7,3,1,70,6,1,1,47,0,low,0.2857142857142857,
25959,470245,1,3,5,6,35,1,1,1,47,0,low,0.3333333333333333,
25960,470246,1,2,5,6,30,2,1,1,47,1,low,0.5,
25961,470247,1,2,4,0,55,1,1,1,47,0,low,0.5,
25962,470248,1,4,5,2,55,2,1,1,47,1,low,0.25,
25963,470249,1,2,4,6,30,1,1,1,47,0,low,0.5,
25964,470250,1,1,5,0,40,3,1,1,47,0,high,1.0,
25965,470251,1,2,5,0,55,1,1,1,47,0,low,0.5,
25966,470252,1,2,4,6,55,1,1,1,47,0,low,0.5,
25967,470253,1,1,5,0,30,2,1,1,47,1,high,1.0,
25968,470254,1,1,5,0,30,3,1,1,47,0,high,1.0,
25969,470255,1,4,5,6,35,1,1,1,47,0,low,0.25,
25970,470256,1,3,5,0,35,1,1,1,47,0,low,0.3333333333333333,
25971,470257,1,3,5,6,40,1,1,1,47,0,low,0.3333333333333333,
25972,470258,1,1,5,0,45,9,99,1,47,0,high,1.0,
25973,470259,1,4,5,6,70,2,1,1,47,0,low,0.25,
25974,470260,1,2,5,6,45,1,1,1,47,1,low,0.5,
25975,470261,1,8,5,0,65,1,1,1,47,0,low,0.125,
25976,470262,1,1,5,0,45,1,1,1,47,1,high,1.0,
25977,470263,6,9,5,2,55,2,1,1,47,1,high,0.6666666666666666,
25978,470264,1,3,5,7,40,1,1,1,47,0,low,0.3333333333333333,
25979,470265,1,3,5,1,40,3,1,1,47,0,low,0.3333333333333333,
25980,470266,1,1,5,0,50,2,1,1,47,0,high,1.0,
25981,470267,1,1,4,0,65,1,1,1,47,0,high,1.0,
25982,470268,1,1,3,0,45,3,10,1,47,0,high,1.0,
25983,470269,1,1,5,0,55,2,1,1,47,1,high,1.0,
25984,470270,1,1,5,0,55,1,1,1,47,0,high,1.0,
25985,470271,1,11,5,1,45,1,1,1,47,0,low,0.09090909090909091,
25986,470272,1,5,5,1,55,1,1,1,47,0,low,0.2,
25987,470273,2,3,5,2,70,3,1,1,47,2,high,0.6666666666666666,
25988,470274,1,1,5,0,35,1,1,1,47,1,high,1.0,
25989,470276,1,2,5,6,0,1,1,0,47,0,low,0.5,
25990,470278,1,1,5,0,30,1,1,1,47,0,high,1.0,
25991,470279,1,1,5,0,45,2,2,2,47,1,high,1.0,
25992,470280,1,1,5,0,65,3,1,1,47,0,high,1.0,
25993,470281,1,3,5,0,70,1,1,1,47,0,low,0.3333333333333333,
25994,470282,1,2,5,6,45,1,1,1,47,0,low,0.5,
25995,470283,1,5,5,6,45,1,1,1,47,0,low,0.2,
25996,470284,1,1,4,0,40,3,2,2,47,0,high,1.0,
25997,470285,1,3,5,1,55,2,1,1,47,0,low,0.3333333333333333,
25998,470286,1,4,5,0,65,3,1,1,47,0,low,0.25,
25999,470287,1,2,5,0,35,2,2,2,47,1,low,0.5,
26000,470288,1,1,5,0,70,1,2,2,47,0,high,1.0,
26001,470289,1,3,5,6,45,5,10,1,47,0,low,0.3333333333333333,
26002,470290,1,1,5,0,30,1,1,1,47,0,high,1.0,
26003,470291,1,2,5,6,55,1,10,1,47,0,low,0.5,
26004,470293,1,5,5,2,55,2,1,1,47,1,low,0.2,
26005,470294,1,3,5,6,55,1,1,1,47,0,low,0.3333333333333333,
26006,470295,1,1,5,1,70,2,1,1,47,0,high,1.0,
26007,470296,1,4,5,0,30,1,1,1,47,0,low,0.25,
26008,470297,1,4,5,6,30,1,1,1,47,0,low,0.25,
26009,470298,1,2,5,6,30,1,1,1,47,0,low,0.5,
26010,470299,1,1,5,0,40,1,1,1,47,0,high,1.0,
26011,470300,1,1,5,0,55,2,1,1,47,1,high,1.0,
26012,470301,1,2,5,6,45,1,1,1,47,0,low,0.5,
26013,470302,1,1,5,0,55,1,1,1,47,0,high,1.0,
26014,470303,1,1,5,0,45,1,1,1,47,1,high,1.0,
26015,470304,1,1,5,0,55,1,10,1,47,1,high,1.0,
26016,470305,1,1,5,0,70,1,1,2,47,0,high,1.0,
26017,470306,1,1,5,0,70,1,1,1,47,0,high,1.0,
26018,470307,1,5,5,2,35,1,1,1,47,0,low,0.2,
26019,470308,2,3,5,6,55,1,1,1,47,0,high,0.6666666666666666,
26020,470309,1,1,5,0,55,2,1,1,47,1,high,1.0,
26021,470310,1,1,5,0,55,1,1,1,47,0,high,1.0,
26022,470311,1,1,5,0,45,1,1,1,47,0,high,1.0,
26023,470312,1,2,5,0,30,2,5,1,47,1,low,0.5,
26024,470313,1,1,5,0,50,9,1,1,47,1,high,1.0,
26025,470314,1,1,5,0,70,2,1,1,47,0,high,1.0,
26026,470315,1,6,6,0,40,1,1,1,47,0,low,0.16666666666666666,
26027,470316,2,8,5,2,50,1,1,1,47,0,low,0.25,
26028,470317,1,1,5,0,45,2,1,1,47,0,high,1.0,
26029,470318,1,4,5,2,35,3,1,1,47,0,low,0.25,
26030,470319,1,6,6,2,45,1,1,1,47,1,low,0.16666666666666666,
26031,470320,1,1,4,0,40,1,1,1,47,0,high,1.0,
26032,470321,1,4,6,2,55,1,1,1,47,0,low,0.25,
26033,470322,1,2,6,2,40,1,1,1,47,0,low,0.5,
26034,470323,1,1,6,0,55,1,1,1,47,0,high,1.0,
26035,470324,1,1,6,0,40,9,99,99,47,1,high,1.0,
26036,470325,1,1,3,0,55,3,2,2,47,0,high,1.0,
26037,470326,1,1,5,0,55,2,2,2,47,0,high,1.0,
26038,470327,1,3,6,6,45,1,1,1,47,0,low,0.3333333333333333,
26039,470328,1,1,5,0,55,9,99,99,47,1,high,1.0,
26040,470329,1,1,6,0,45,1,1,1,47,0,high,1.0,
26041,470330,1,2,6,0,45,1,2,2,47,0,low,0.5,
26042,470331,1,1,6,0,45,9,99,99,47,0,high,1.0,
26043,470332,1,1,6,0,55,1,1,1,47,0,high,1.0,
26044,470333,1,3,6,9,70,1,1,1,47,0,low,0.3333333333333333,
26045,470334,1,2,6,0,20,1,1,1,47,0,low,0.5,
26046,470335,1,2,6,0,60,2,1,1,47,0,low,0.5,
26047,470336,1,5,6,6,45,1,1,1,47,0,low,0.2,
26048,470337,1,1,6,0,65,1,1,1,47,0,high,1.0,
26049,470338,1,1,6,0,45,2,1,1,47,1,high,1.0,
26050,470339,1,1,6,0,50,2,10,1,47,0,high,1.0,
26051,470340,1,1,6,0,30,1,1,1,47,0,high,1.0,
26052,470341,2,3,5,0,65,1,1,1,47,0,high,0.6666666666666666,
26053,470342,1,1,5,0,55,2,1,1,47,1,high,1.0,
26054,470343,1,2,6,2,45,3,1,1,47,1,low,0.5,
26055,470344,2,5,6,2,55,1,1,1,47,0,low,0.4,
26056,470345,1,4,6,1,55,1,1,1,47,0,low,0.25,
26057,470346,1,1,6,0,55,1,1,1,47,0,high,1.0,
26058,470347,1,3,6,0,35,2,1,1,47,1,low,0.3333333333333333,
26059,470348,1,1,6,0,70,2,1,1,47,0,high,1.0,
26060,470349,1,2,6,1,50,3,1,1,47,0,low,0.5,
26061,470350,2,3,6,2,55,1,1,1,47,0,high,0.6666666666666666,
26062,470351,1,1,6,0,55,2,2,2,47,1,high,1.0,
26063,470352,1,2,6,1,45,3,1,1,47,0,low,0.5,
26064,470353,1,1,6,0,40,9,99,1,47,1,high,1.0,
26065,470354,1,2,4,1,70,2,1,1,47,0,low,0.5,
26066,470355,1,2,6,0,60,1,10,1,47,0,low,0.5,
26067,470356,1,2,6,6,55,2,1,1,47,1,low,0.5,
26068,470357,1,2,6,0,40,3,1,1,47,0,low,0.5,
26069,470358,1,1,6,0,55,2,1,1,47,1,high,1.0,
26070,470359,1,1,6,0,40,1,10,1,47,0,high,1.0,
26071,470360,1,1,6,0,70,2,1,1,47,0,high,1.0,
26072,470361,1,1,6,0,30,1,1,1,47,0,high,1.0,
26073,470362,1,2,6,0,55,1,1,1,47,0,low,0.5,
26074,470363,1,1,6,0,30,1,1,1,47,0,high,1.0,
26075,470364,1,4,6,6,55,1,1,1,47,0,low,0.25,
26076,470365,1,1,6,0,35,1,1,1,47,0,high,1.0,
26077,470366,1,1,6,0,45,3,1,1,47,0,high,1.0,
26078,470368,1,1,6,0,30,1,10,1,47,0,high,1.0,
26079,470369,1,1,6,0,50,1,1,1,47,1,high,1.0,
26080,470370,1,1,6,0,40,1,10,1,47,1,high,1.0,
26081,470371,1,1,6,0,70,9,10,1,47,0,high,1.0,
26082,470372,1,1,6,0,50,9,99,1,47,0,high,1.0,
26083,470373,1,2,6,6,0,1,10,0,47,0,low,0.5,
26084,470374,1,2,6,2,40,1,1,1,47,1,low,0.5,
26085,470375,1,1,6,0,40,3,10,1,47,0,high,1.0,
26086,470376,1,3,5,6,50,2,10,2,47,0,low,0.3333333333333333,
26087,470377,1,2,6,2,55,1,1,1,47,0,low,0.5,
26088,470378,1,5,6,1,55,3,1,1,47,0,low,0.2,
26089,470379,1,3,6,6,35,1,1,1,47,0,low,0.3333333333333333,
26090,470380,1,1,6,0,45,3,1,1,47,1,high,1.0,
26091,470382,1,1,6,0,45,2,1,1,47,0,high,1.0,
26092,470383,1,2,6,2,45,1,1,1,47,0,low,0.5,
26093,470384,1,1,6,0,50,1,1,1,47,0,high,1.0,
26094,470385,1,2,6,7,30,1,1,1,47,0,low,0.5,
26095,470386,1,1,6,0,55,1,1,1,47,0,high,1.0,
26096,470387,1,2,6,1,55,1,1,1,47,0,low,0.5,
26097,470388,1,3,7,7,45,3,1,1,47,0,low,0.3333333333333333,
26098,470389,6,18,6,1,60,1,1,1,47,0,low,0.3333333333333333,
26099,470390,1,1,6,0,30,2,1,1,47,1,high,1.0,
26100,470391,2,4,7,7,45,1,10,1,47,1,low,0.5,
26101,470392,1,1,7,0,55,1,1,1,47,1,high,1.0,
26102,470393,1,2,7,6,45,3,1,1,47,0,low,0.5,
26103,470394,1,2,6,0,35,2,10,1,47,1,low,0.5,
26104,470395,1,3,7,2,55,2,2,2,47,2,low,0.3333333333333333,
26105,470396,1,1,6,0,30,1,1,1,47,0,high,1.0,
26106,470397,1,3,4,0,30,1,99,99,47,0,low,0.3333333333333333,
26107,470398,1,3,7,0,30,2,2,2,47,0,low,0.3333333333333333,
26108,470399,1,2,6,0,45,3,10,2,47,1,low,0.5,
26109,470400,1,2,6,0,55,1,1,1,47,0,low,0.5,
26110,470401,1,2,7,0,35,2,1,1,47,1,low,0.5,
26111,470402,1,2,7,0,45,1,10,1,47,1,low,0.5,
26112,470403,1,2,1,0,55,1,1,1,47,0,low,0.5,
26113,470404,1,2,7,0,45,3,10,1,47,1,low,0.5,
26114,470405,1,5,7,0,65,1,1,1,47,0,low,0.2,
26115,470406,1,1,7,0,45,1,1,1,47,1,high,1.0,
26116,470407,1,1,7,0,45,1,1,1,47,0,high,1.0,
26117,470408,1,1,7,0,45,3,1,1,47,0,high,1.0,
26118,470409,1,4,7,6,45,3,1,1,47,0,low,0.25,
26119,470410,1,1,7,0,40,1,2,2,47,0,high,1.0,
26120,470411,1,3,7,6,65,1,1,1,47,0,low,0.3333333333333333,
26121,470412,1,1,7,0,35,1,10,1,47,1,high,1.0,
26122,470413,1,1,7,0,55,2,10,1,47,1,high,1.0,
26123,470414,2,3,7,7,55,2,1,1,47,1,high,0.6666666666666666,
26124,470415,1,3,7,2,55,2,1,1,47,1,low,0.3333333333333333,
26125,470416,1,10,7,0,70,1,1,1,47,0,low,0.1,
26126,470417,1,1,7,0,20,1,10,1,47,0,high,1.0,
26127,470418,1,2,7,0,70,2,1,1,47,0,low,0.5,
26128,470421,1,2,7,0,40,1,1,1,47,0,low,0.5,
26129,470422,1,2,7,2,70,2,1,1,47,1,low,0.5,
26130,470423,1,2,6,0,45,1,1,1,47,0,low,0.5,
26131,470424,1,1,7,0,70,1,1,1,47,1,high,1.0,
26132,470425,1,2,6,6,55,1,1,1,47,1,low,0.5,
26133,470426,1,2,7,1,45,1,1,1,47,0,low,0.5,
26134,470427,1,2,7,0,50,1,1,1,47,0,low,0.5,
26135,470428,1,1,7,0,55,2,1,1,47,1,high,1.0,
26136,470429,1,1,7,0,45,2,1,1,47,0,high,1.0,
26137,470430,1,1,7,0,35,3,1,1,47,0,high,1.0,
26138,470431,1,2,7,6,0,3,1,0,47,0,low,0.5,
26139,470432,1,4,6,6,70,1,1,1,47,0,low,0.25,
26140,470433,1,2,7,1,55,3,1,1,47,0,low,0.5,
26141,470434,1,1,7,0,55,2,1,1,47,0,high,1.0,
26142,470435,1,4,7,2,45,1,1,1,47,0,low,0.25,
26143,470437,1,2,5,6,45,3,1,1,47,0,low,0.5,
26144,470438,1,2,7,0,35,1,1,1,47,0,low,0.5,
26145,470439,1,2,7,6,45,1,10,1,47,0,low,0.5,
26146,470440,1,1,5,0,35,1,1,1,47,0,high,1.0,
26147,470441,1,1,7,0,40,3,1,1,47,0,high,1.0,
26148,470442,1,3,7,1,70,1,5,1,47,0,low,0.3333333333333333,
26149,470443,1,2,7,2,55,1,1,1,47,0,low,0.5,
26150,470445,1,1,7,0,40,1,10,1,47,0,high,1.0,
26151,470447,1,1,7,0,35,2,1,1,47,1,high,1.0,
26152,470448,2,2,7,2,55,1,5,1,47,0,high,1.0,
26153,470450,1,2,7,1,50,1,1,1,47,0,low,0.5,
26154,470451,1,1,7,0,55,1,2,2,47,0,high,1.0,
26155,470453,1,1,7,0,45,1,1,1,47,1,high,1.0,
26156,470454,1,1,7,0,45,2,1,1,47,1,high,1.0,
26157,470455,1,4,7,7,70,1,1,1,47,0,low,0.25,
26158,470456,1,1,7,0,30,1,1,1,47,0,high,1.0,
26159,470457,2,3,7,6,40,3,1,1,47,0,high,0.6666666666666666,
26160,470458,1,3,7,0,65,1,10,1,47,0,low,0.3333333333333333,
26161,470459,2,2,7,0,55,1,1,1,47,1,high,1.0,
26162,470461,1,1,7,0,70,1,1,1,47,0,high,1.0,
26163,470462,1,3,7,0,25,1,1,1,47,0,low,0.3333333333333333,
26164,470463,1,2,7,1,65,4,1,1,47,0,low,0.5,
26165,470464,1,6,8,0,55,1,1,1,47,0,low,0.16666666666666666,
26166,470465,1,1,8,0,55,2,1,1,47,1,high,1.0,
26167,470466,1,1,6,0,65,2,10,1,47,1,high,1.0,
26168,470467,1,1,7,0,40,1,10,1,47,0,high,1.0,
26169,470468,1,3,7,2,45,1,1,1,47,1,low,0.3333333333333333,
26170,470469,1,11,7,1,55,1,1,1,47,0,low,0.09090909090909091,
26171,470470,1,1,7,0,30,1,1,1,47,0,high,1.0,
26172,470471,1,2,8,0,45,2,1,1,47,1,low,0.5,
26173,470472,1,2,8,0,40,1,1,1,47,0,low,0.5,
26174,470473,1,3,7,6,45,1,1,1,47,0,low,0.3333333333333333,
26175,470474,1,8,7,6,45,1,10,1,47,0,low,0.125,
26176,470475,1,1,8,0,40,3,1,1,47,0,high,1.0,
26177,470476,1,2,7,1,60,2,1,1,47,1,low,0.5,
26178,470477,1,2,7,2,55,1,1,1,47,0,low,0.5,
26179,470478,1,2,7,2,35,1,1,1,47,0,low,0.5,
26180,470479,1,1,7,0,70,1,1,1,47,0,high,1.0,
26181,470480,2,11,8,1,65,2,1,1,47,0,low,0.18181818181818182,
26182,470481,2,2,8,0,40,3,1,1,47,0,high,1.0,
26183,470482,1,2,8,0,30,3,1,1,47,0,low,0.5,
26184,470483,1,1,8,0,55,2,1,1,47,1,high,1.0,
26185,470484,1,2,8,0,45,1,1,1,47,1,low,0.5,
26186,470485,1,3,5,6,30,1,1,1,47,0,low,0.3333333333333333,
26187,470486,1,2,7,0,30,3,1,1,47,0,low,0.5,
26188,470487,1,2,8,0,55,1,1,1,47,1,low,0.5,
26189,470488,1,5,8,6,45,1,1,1,47,0,low,0.2,
26190,470489,1,2,6,0,55,1,1,1,47,1,low,0.5,
26191,470490,1,1,8,0,45,2,1,1,47,0,high,1.0,
26192,470491,1,1,5,0,45,2,1,1,47,1,high,1.0,
26193,470492,1,1,8,0,55,2,1,1,47,1,high,1.0,
26194,470493,1,1,8,0,40,2,1,2,47,1,high,1.0,
26195,470494,1,2,7,2,45,1,1,1,47,0,low,0.5,
26196,470495,1,3,8,0,45,1,1,1,47,0,low,0.3333333333333333,
26197,470496,1,4,8,2,70,1,1,1,47,0,low,0.25,
26198,470497,1,1,8,0,40,3,1,1,47,0,high,1.0,
26199,470498,1,1,8,0,50,1,10,1,47,0,high,1.0,
26200,470499,1,2,8,2,40,1,2,2,47,1,low,0.5,
26201,470500,1,3,8,2,40,1,1,1,47,0,low,0.3333333333333333,
26202,470501,1,4,8,2,55,2,1,1,47,1,low,0.25,
26203,470502,1,1,8,0,45,2,1,1,47,0,high,1.0,
26204,470503,1,1,8,0,45,3,1,1,47,0,high,1.0,
26205,470504,1,1,8,0,45,2,1,1,47,0,high,1.0,
26206,470505,1,1,8,0,45,2,1,1,47,1,high,1.0,
26207,470506,1,2,8,6,35,1,1,1,47,0,low,0.5,
26208,470507,1,3,8,6,55,2,1,1,47,0,low,0.3333333333333333,
26209,470508,1,1,5,0,30,1,10,1,47,0,high,1.0,
26210,470509,1,1,8,0,55,5,2,2,47,1,high,1.0,
26211,470510,1,4,8,2,45,1,1,1,47,0,low,0.25,
26212,470511,1,4,8,2,40,1,1,1,47,0,low,0.25,
26213,470512,1,1,8,0,45,1,1,1,47,1,high,1.0,
26214,470513,1,1,8,0,45,1,1,1,47,1,high,1.0,
26215,470514,1,2,8,6,65,1,10,1,47,0,low,0.5,
26216,470515,1,1,8,0,40,3,1,1,47,1,high,1.0,
26217,470516,1,4,8,0,0,1,1,0,47,1,low,0.25,
26218,470517,1,3,8,1,70,1,1,1,47,0,low,0.3333333333333333,
26219,470518,1,2,8,0,70,2,2,2,47,0,low,0.5,
26220,470519,1,2,8,6,55,1,2,2,47,0,low,0.5,
26221,470520,1,1,8,0,45,2,5,2,47,0,high,1.0,
26222,470521,2,3,8,2,45,2,10,2,47,0,high,0.6666666666666666,
26223,470522,1,1,8,0,55,2,1,1,47,0,high,1.0,
26224,470524,1,2,8,0,45,1,2,2,47,0,low,0.5,