,ST_CASE,FATALS,PERSONS,MONTH,MAN_COLL,VSPD_LIM,LGT_COND,WEATHER,VSURCOND,STATE,DRUNK_DR,rate,rate_numerical,arrival_time
27021,480419,1,3,1,6,98,2,1,98,48,0,low,0.3333333333333333,
27022,480420,1,2,2,0,45,3,1,1,48,0,low,0.5,
27023,480421,1,1,2,0,75,1,10,4,48,0,high,1.0,
27024,480422,1,3,2,0,70,1,4,2,48,0,low,0.3333333333333333,
27025,480423,2,2,3,2,60,1,2,2,48,1,high,1.0,
27026,480424,1,1,3,0,75,2,2,2,48,0,high,1.0,
27027,480425,1,2,3,0,40,2,10,2,48,0,low,0.5,
27028,480426,1,2,3,1,35,3,2,2,48,1,low,0.5,
27029,480427,2,6,3,6,70,1,10,2,48,0,low,0.3333333333333333,
27030,480428,1,7,3,0,65,2,5,2,48,0,low,0.14285714285714285,
27031,480429,1,1,3,0,50,3,2,2,48,0,high,1.0,
27032,480430,1,1,3,0,60,1,2,2,48,0,high,1.0,
27033,480431,1,2,3,6,45,1,10,2,48,0,low,0.5,
27034,480432,1,6,3,0,80,1,1,1,48,0,low,0.16666666666666666,
27035,480433,1,2,3,1,65,4,5,2,48,0,low,0.5,
27036,480434,1,4,3,0,75,2,1,2,48,0,low,0.25,
27037,480435,1,1,3,0,40,3,10,2,48,1,high,1.0,
27038,480436,2,5,3,6,70,1,10,1,48,0,low,0.4,
27039,480437,1,2,3,6,0,1,2,0,48,0,low,0.5,
27040,480438,2,3,3,0,75,2,1,1,48,1,high,0.6666666666666666,
27041,480439,1,2,3,1,75,1,3,4,48,0,low,0.5,
27042,480440,2,7,3,2,55,2,2,2,48,1,low,0.2857142857142857,
27043,480441,1,3,3,6,60,1,2,2,48,0,low,0.3333333333333333,
27044,480442,1,1,3,0,55,2,1,1,48,0,high,1.0,
27045,480443,2,4,3,6,99,3,2,2,48,0,low,0.5,
27046,480444,1,3,3,2,65,1,1,1,48,0,low,0.3333333333333333,
27047,480445,1,2,3,2,50,3,1,1,48,1,low,0.5,
27048,480446,1,6,3,6,40,1,1,1,48,0,low,0.16666666666666666,
27049,480447,1,1,3,0,35,2,1,1,48,0,high,1.0,
27050,480448,2,8,3,6,75,1,1,1,48,0,low,0.25,
27051,480449,1,3,3,2,80,2,1,1,48,1,low,0.3333333333333333,
27052,480450,1,2,3,6,99,1,1,1,48,0,low,0.5,
27053,480451,1,2,3,2,70,2,1,1,48,1,low,0.5,
27054,480452,1,2,3,0,30,1,1,1,48,1,low,0.5,
27055,480453,2,6,3,8,65,5,1,1,48,0,low,0.3333333333333333,
27056,480454,1,2,3,2,35,1,10,1,48,1,low,0.5,
27057,480455,1,2,3,0,60,2,1,6,48,1,low,0.5,
27058,480456,1,2,3,0,75,1,1,1,48,0,low,0.5,
27059,480457,2,5,3,2,55,2,1,1,48,0,low,0.4,
27060,480458,1,1,3,0,60,2,2,2,48,1,high,1.0,
27061,480459,1,5,3,0,50,2,10,2,48,0,low,0.2,
27062,480460,2,2,3,0,75,2,2,2,48,1,high,1.0,
27063,480461,1,4,3,6,65,1,2,2,48,0,low,0.25,
27064,480462,1,2,3,6,60,1,2,2,48,0,low,0.5,
27065,480463,1,2,3,0,75,4,5,2,48,0,low,0.5,
27066,480464,1,1,3,0,35,2,2,2,48,0,high,1.0,
27067,480465,1,7,3,0,50,2,2,2,48,0,low,0.14285714285714285,
27068,480466,1,1,3,0,45,3,10,2,48,0,high,1.0,
27069,480467,1,2,3,8,70,1,2,2,48,0,low,0.5,
27070,480468,1,2,3,6,55,2,2,2,48,0,low,0.5,
27071,480469,1,1,3,0,30,1,10,1,48,1,high,1.0,
27072,480470,2,7,3,6,40,3,10,1,48,0,low,0.2857142857142857,
27073,480471,1,2,3,0,35,3,1,1,48,0,low,0.5,
27074,480472,1,2,3,6,70,2,2,2,48,0,low,0.5,
27075,480473,1,1,3,0,35,1,10,1,48,0,high,1.0,
27076,480474,2,4,3,6,70,1,10,1,48,0,low,0.5,
27077,480475,1,2,3,6,65,1,2,2,48,0,low,0.5,
27078,480476,1,2,3,2,55,1,1,1,48,0,low,0.5,
27079,480477,1,3,3,0,65,2,8,6,48,0,low,0.3333333333333333,
27080,480478,1,2,3,2,65,1,1,1,48,0,low,0.5,
27081,480480,1,3,3,1,65,3,1,1,48,1,low,0.3333333333333333,
27082,480481,1,4,3,2,40,3,1,1,48,1,low,0.25,
27083,480482,1,2,3,0,40,3,1,1,48,0,low,0.5,
27084,480483,1,3,3,6,70,1,10,2,48,0,low,0.3333333333333333,
27085,480484,1,1,3,0,55,2,1,1,48,0,high,1.0,
27086,480485,1,1,3,0,50,2,1,1,48,0,high,1.0,
27087,480486,2,2,3,0,35,1,10,1,48,1,high,1.0,
27088,480487,1,3,3,0,75,1,2,2,48,1,low,0.3333333333333333,
27089,480488,1,1,3,0,60,2,10,1,48,0,high,1.0,
27090,480489,1,2,3,0,50,2,10,1,48,0,low,0.5,
27091,480490,1,1,3,0,45,2,1,1,48,0,high,1.0,
27092,480491,1,2,2,0,75,2,1,1,48,1,low,0.5,
27093,480492,1,4,2,1,75,2,10,1,48,1,low,0.25,
27094,480493,1,2,2,0,98,2,10,1,48,1,low,0.5,
27095,480494,1,3,2,6,50,3,1,1,48,1,low,0.3333333333333333,
27096,480495,1,1,2,0,65,1,1,1,48,1,high,1.0,
27097,480496,1,3,2,1,35,2,10,1,48,0,low,0.3333333333333333,
27098,480497,1,3,2,7,80,1,3,4,48,0,low,0.3333333333333333,
27099,480498,1,1,2,0,60,3,2,2,48,1,high,1.0,
27100,480499,5,7,2,2,75,1,10,1,48,0,high,0.7142857142857143,
27101,480500,1,1,2,0,45,2,10,2,48,0,high,1.0,
27102,480501,1,3,3,2,50,1,10,1,48,0,low,0.3333333333333333,
27103,480502,1,2,3,1,75,2,5,2,48,1,low,0.5,
27104,480503,1,1,3,0,35,1,5,2,48,0,high,1.0,
27105,480504,1,1,3,0,75,2,10,4,48,1,high,1.0,
27106,480505,1,3,3,1,75,2,2,2,48,0,low,0.3333333333333333,
27107,480506,1,1,3,0,45,3,1,1,48,0,high,1.0,
27108,480507,1,1,3,0,60,1,1,1,48,0,high,1.0,
27109,480508,2,2,3,0,75,2,1,1,48,0,high,1.0,
27110,480509,1,3,3,6,70,1,1,1,48,0,low,0.3333333333333333,
27111,480510,3,5,3,2,60,2,1,1,48,1,high,0.6,
27112,480511,1,1,3,0,30,2,1,1,48,0,high,1.0,
27113,480512,1,1,3,0,40,3,2,2,48,0,high,1.0,
27114,480513,1,1,3,0,45,3,1,1,48,0,high,1.0,
27115,480514,1,1,3,0,60,3,1,1,48,1,high,1.0,
27116,480515,1,7,3,0,60,1,1,1,48,1,low,0.14285714285714285,
27117,480516,1,2,3,2,55,1,1,1,48,0,low,0.5,
27118,480517,1,3,3,0,45,1,1,1,48,0,low,0.3333333333333333,
27119,480518,1,3,3,0,5,3,1,1,48,0,low,0.3333333333333333,
27120,480519,1,5,3,6,65,2,1,1,48,0,low,0.2,
27121,480520,1,1,3,0,60,1,1,1,48,0,high,1.0,
27122,480521,1,3,3,0,60,3,10,1,48,1,low,0.3333333333333333,
27123,480522,1,1,3,0,50,1,1,1,48,0,high,1.0,
27124,480523,1,8,3,0,30,2,1,2,48,0,low,0.125,
27125,480524,1,4,3,0,75,3,10,1,48,0,low,0.25,
27126,480525,1,3,3,6,55,1,1,1,48,0,low,0.3333333333333333,
27127,480526,1,1,3,0,35,1,1,1,48,0,high,1.0,
27128,480527,1,2,3,2,75,2,1,1,48,1,low,0.5,
27129,480529,2,2,3,6,50,3,1,1,48,1,high,1.0,
27130,480530,3,4,3,2,55,1,1,1,48,0,high,0.75,
27131,480531,1,3,3,6,65,5,1,1,48,0,low,0.3333333333333333,
27132,480532,1,1,3,0,45,3,1,1,48,1,high,1.0,
27133,480533,1,2,3,6,55,1,1,1,48,0,low,0.5,
27134,480534,1,2,3,0,60,3,1,1,48,1,low,0.5,
27135,480535,1,1,3,0,45,1,10,1,48,0,high,1.0,
27136,480536,1,2,3,0,35,2,1,1,48,1,low,0.5,
27137,480537,1,6,3,1,35,3,1,1,48,1,low,0.16666666666666666,
27138,480538,1,1,3,0,70,2,1,1,48,0,high,1.0,
27139,480539,1,1,3,0,40,3,10,1,48,0,high,1.0,
27140,480540,1,2,3,1,65,2,1,1,48,0,low,0.5,
27141,480541,1,3,3,0,75,2,5,1,48,0,low,0.3333333333333333,
27142,480542,4,5,3,6,80,5,1,1,48,0,high,0.8,
27143,480543,2,4,3,6,75,1,10,1,48,1,low,0.5,
27144,480544,1,3,3,6,55,1,1,1,48,0,low,0.3333333333333333,
27145,480545,1,2,3,2,50,1,10,1,48,0,low,0.5,
27146,480546,1,1,3,0,0,1,1,0,48,0,high,1.0,
27147,480547,1,2,3,6,45,2,10,1,48,0,low,0.5,
27148,480548,1,2,3,1,55,2,1,1,48,0,low,0.5,
27149,480549,1,2,3,6,98,1,10,98,48,0,low,0.5,
27150,480550,1,1,3,0,65,3,1,1,48,0,high,1.0,
27151,480551,1,3,3,2,75,2,2,2,48,0,low,0.3333333333333333,
27152,480552,1,2,3,0,40,2,10,1,48,0,low,0.5,
27153,480553,1,2,3,0,70,1,2,2,48,0,low,0.5,
27154,480554,1,1,3,0,75,1,2,2,48,0,high,1.0,
27155,480555,1,1,3,0,45,1,1,2,48,1,high,1.0,
27156,480556,1,1,3,0,60,2,10,1,48,0,high,1.0,
27157,480557,1,1,3,0,98,3,1,1,48,0,high,1.0,
27158,480558,1,1,3,0,50,2,10,1,48,0,high,1.0,
27159,480559,1,2,3,2,55,1,10,1,48,0,low,0.5,
27160,480560,1,2,3,0,30,3,10,2,48,0,low,0.5,
27161,480561,1,4,3,6,70,1,2,2,48,0,low,0.25,
27162,480562,1,4,3,1,75,1,10,1,48,0,low,0.25,
27163,480563,1,3,3,6,30,3,2,2,48,1,low,0.3333333333333333,
27164,480564,1,1,3,0,75,1,2,2,48,0,high,1.0,
27165,480566,4,5,3,2,75,1,10,2,48,0,high,0.8,
27166,480567,1,1,3,0,75,2,5,2,48,0,high,1.0,
27167,480568,1,3,3,2,55,3,2,2,48,0,low,0.3333333333333333,
27168,480569,1,2,3,6,99,2,2,2,48,0,low,0.5,
27169,480570,1,1,3,0,50,2,2,2,48,1,high,1.0,
27170,480571,1,3,3,0,55,2,10,1,48,1,low,0.3333333333333333,
27171,480572,1,1,3,0,70,1,2,2,48,0,high,1.0,
27172,480573,3,3,3,0,70,2,10,2,48,0,high,1.0,
27173,480574,1,3,3,6,65,3,2,2,48,0,low,0.3333333333333333,
27174,480575,2,2,3,0,60,3,2,2,48,1,high,1.0,
27175,480576,1,4,3,1,65,1,1,1,48,0,low,0.25,
27176,480577,2,2,3,0,75,2,1,1,48,0,high,1.0,
27177,480578,1,3,3,6,45,5,1,1,48,0,low,0.3333333333333333,
27178,480579,1,1,3,0,50,2,1,1,48,0,high,1.0,
27179,480580,1,1,3,0,45,3,1,1,48,0,high,1.0,
27180,480581,2,6,3,6,60,3,10,1,48,0,low,0.3333333333333333,
27181,480582,1,1,3,0,75,2,1,1,48,0,high,1.0,
27182,480583,1,3,3,2,35,1,1,1,48,0,low,0.3333333333333333,
27183,480584,1,3,3,6,40,3,1,1,48,2,low,0.3333333333333333,
27184,480585,1,2,3,6,98,1,1,98,48,0,low,0.5,
27185,480586,1,2,3,1,60,1,1,1,48,0,low,0.5,
27186,480587,1,1,3,0,55,2,1,1,48,0,high,1.0,
27187,480588,1,1,3,0,60,2,10,1,48,0,high,1.0,
27188,480589,1,2,3,1,65,1,1,1,48,1,low,0.5,
27189,480590,1,2,3,0,75,1,1,1,48,0,low,0.5,
27190,480591,1,1,3,0,35,3,10,1,48,1,high,1.0,
27191,480592,1,6,3,2,70,1,1,1,48,0,low,0.16666666666666666,
27192,480593,1,1,3,0,75,1,1,1,48,0,high,1.0,
27193,480595,1,2,3,6,55,2,1,1,48,1,low,0.5,
27194,480596,1,3,3,1,55,3,1,1,48,1,low,0.3333333333333333,
27195,480597,1,1,3,0,35,1,1,1,48,0,high,1.0,
27196,480598,1,3,3,0,55,1,1,1,48,1,low,0.3333333333333333,
27197,480599,1,2,3,0,60,3,10,1,48,0,low,0.5,
27198,480600,1,3,3,6,40,1,1,1,48,1,low,0.3333333333333333,
27199,480601,1,2,3,2,55,1,1,1,48,0,low,0.5,
27200,480602,1,3,3,1,55,3,1,1,48,1,low,0.3333333333333333,
27201,480603,1,2,3,7,40,2,1,1,48,1,low,0.5,
27202,480604,1,2,3,2,45,2,1,1,48,0,low,0.5,
27203,480605,1,2,3,6,99,2,1,1,48,0,low,0.5,
27204,480606,1,2,3,6,55,2,10,1,48,0,low,0.5,
27205,480607,1,2,3,0,55,1,1,1,48,0,low,0.5,
27206,480608,1,2,3,0,60,2,1,1,48,1,low,0.5,
27207,480609,1,1,3,0,50,2,1,1,48,0,high,1.0,
27208,480610,1,2,3,0,99,1,1,1,48,0,low,0.5,
27209,480611,2,2,2,0,45,1,10,1,48,1,high,1.0,
27210,480612,1,3,3,1,60,2,3,4,48,0,low,0.3333333333333333,
27211,480613,1,1,3,0,65,3,2,2,48,1,high,1.0,
27212,480614,1,2,3,0,30,3,10,1,48,0,low,0.5,
27213,480615,2,3,3,0,75,1,1,1,48,1,high,0.6666666666666666,
27214,480616,1,3,3,2,65,2,1,1,48,1,low,0.3333333333333333,
27215,480617,1,6,3,1,60,5,10,1,48,1,low,0.16666666666666666,
27216,480618,1,7,3,1,75,1,1,1,48,0,low,0.14285714285714285,
27217,480619,1,3,3,0,30,2,2,2,48,1,low,0.3333333333333333,
27218,480620,1,5,3,1,70,1,1,1,48,0,low,0.2,
27219,480621,1,4,3,6,98,1,1,98,48,0,low,0.25,
27220,480622,1,1,3,0,45,3,2,2,48,1,high,1.0,
27221,480623,1,1,3,0,60,1,10,2,48,1,high,1.0,
27222,480624,1,3,3,2,55,2,10,1,48,1,low,0.3333333333333333,
27223,480625,3,5,3,2,98,2,10,2,48,0,high,0.6,
27224,480626,2,3,3,6,70,2,2,2,48,0,high,0.6666666666666666,
27225,480627,1,3,3,0,80,1,2,6,48,0,low,0.3333333333333333,
27226,480628,1,5,3,6,75,2,1,1,48,0,low,0.2,
27227,480629,1,2,3,6,45,1,1,1,48,0,low,0.5,
27228,480630,1,4,3,2,98,1,1,1,48,0,low,0.25,
27229,480631,2,3,3,6,45,3,10,1,48,1,high,0.6666666666666666,
27230,480632,1,1,3,0,75,1,1,1,48,0,high,1.0,
27231,480634,1,4,3,6,98,1,10,98,48,0,low,0.25,
27232,480635,1,1,3,0,35,1,1,1,48,0,high,1.0,
27233,480636,1,2,3,0,55,1,1,1,48,0,low,0.5,
27234,480637,1,1,3,0,50,3,1,1,48,0,high,1.0,
27235,480638,1,2,3,1,60,3,1,1,48,0,low,0.5,
27236,480639,1,3,3,6,50,2,10,1,48,1,low,0.3333333333333333,
27237,480640,1,1,3,0,45,2,1,1,48,0,high,1.0,
27238,480641,1,1,3,0,55,3,1,1,48,0,high,1.0,
27239,480642,1,6,3,0,55,1,1,1,48,0,low,0.16666666666666666,
27240,480643,1,2,3,0,45,2,1,1,48,0,low,0.5,
27241,480644,1,1,3,0,35,3,1,1,48,0,high,1.0,
27242,480645,1,2,3,0,30,1,1,1,48,0,low,0.5,
27243,480646,1,2,3,2,55,2,1,1,48,1,low,0.5,
27244,480647,1,1,3,0,55,1,1,1,48,1,high,1.0,
27245,480648,1,1,3,0,45,1,1,5,48,0,high,1.0,
27246,480649,1,5,3,0,80,2,1,1,48,0,low,0.2,
27247,480650,1,1,3,0,98,3,1,98,48,0,high,1.0,
27248,480651,1,2,3,6,99,2,1,1,48,1,low,0.5,
27249,480652,1,2,3,2,55,2,1,1,48,0,low,0.5,
27250,480653,1,3,3,8,60,1,1,1,48,0,low,0.3333333333333333,
27251,480654,1,2,3,6,75,1,1,1,48,0,low,0.5,
27252,480655,1,1,3,0,55,1,1,1,48,0,high,1.0,
27253,480656,1,1,3,0,30,1,1,1,48,0,high,1.0,
27254,480657,1,1,3,0,75,2,2,2,48,0,high,1.0,
27255,480658,1,1,3,0,65,3,1,1,48,0,high,1.0,
27256,480659,1,2,3,0,65,3,1,1,48,0,low,0.5,
27257,480660,1,5,3,6,50,3,10,1,48,0,low,0.2,
27258,480661,1,1,3,0,55,2,10,1,48,0,high,1.0,
27259,480662,1,5,3,0,80,2,1,1,48,0,low,0.2,
27260,480664,1,3,3,0,70,1,1,1,48,1,low,0.3333333333333333,
27261,480665,1,5,3,0,35,3,1,1,48,0,low,0.2,
27262,480666,1,1,3,0,70,3,1,1,48,1,high,1.0,
27263,480667,1,2,3,6,70,1,10,1,48,0,low,0.5,
27264,480668,1,1,3,0,50,2,1,1,48,0,high,1.0,
27265,480669,1,2,3,0,40,3,1,1,48,0,low,0.5,
27266,480670,1,2,3,1,65,3,1,1,48,0,low,0.5,
27267,480671,1,3,1,1,75,2,10,1,48,0,low,0.3333333333333333,
27268,480674,1,1,3,0,50,2,10,1,48,1,high,1.0,
27269,480675,1,2,3,8,60,2,1,1,48,1,low,0.5,
27270,480676,2,2,3,0,45,2,1,1,48,1,high,1.0,
27271,480677,1,1,3,0,50,2,1,1,48,0,high,1.0,
27272,480678,1,1,4,0,65,3,10,1,48,0,high,1.0,
27273,480679,1,2,4,0,98,3,1,98,48,0,low,0.5,
27274,480680,1,1,4,0,60,3,1,1,48,1,high,1.0,
27275,480681,1,1,4,0,40,2,10,1,48,1,high,1.0,
27276,480683,1,1,4,0,70,1,10,1,48,0,high,1.0,
27277,480684,1,1,4,0,40,1,1,1,48,0,high,1.0,
27278,480685,1,1,4,0,50,1,1,1,48,0,high,1.0,
27279,480686,1,1,4,0,70,2,10,1,48,0,high,1.0,
27280,480687,1,2,4,2,55,1,1,2,48,0,low,0.5,
27281,480688,1,0,4,0,30,2,1,1,48,0,high,inf,
27282,480689,1,1,4,0,20,2,1,1,48,0,high,1.0,
27283,480690,1,2,4,6,70,1,1,1,48,1,low,0.5,
27284,480691,1,2,4,0,75,1,1,1,48,1,low,0.5,
27285,480692,1,1,4,0,65,3,1,1,48,1,high,1.0,
27286,480693,1,2,4,0,99,1,10,1,48,0,low,0.5,
27287,480694,1,2,4,0,50,1,1,1,48,0,low,0.5,
27288,480695,1,1,4,0,60,2,10,1,48,0,high,1.0,
27289,480696,1,1,4,0,30,3,1,1,48,1,high,1.0,
27290,480697,1,3,4,0,60,1,1,1,48,0,low,0.3333333333333333,
27291,480698,1,1,4,0,35,1,1,1,48,0,high,1.0,
27292,480699,1,1,4,0,75,2,10,2,48,1,high,1.0,
27293,480700,1,2,4,0,55,2,10,1,48,0,low,0.5,
27294,480701,1,4,4,1,70,1,1,1,48,0,low,0.25,
27295,480702,1,1,4,0,70,2,10,1,48,0,high,1.0,
27296,480703,1,2,4,0,60,1,10,2,48,0,low,0.5,
27297,480704,1,1,4,0,30,3,10,1,48,1,high,1.0,
27298,480705,1,3,4,0,75,1,2,2,48,0,low,0.3333333333333333,
27299,480706,1,4,4,6,99,3,2,2,48,1,low,0.25,
27300,480707,1,2,4,0,55,2,10,1,48,0,low,0.5,
27301,480708,1,1,4,0,60,2,2,2,48,1,high,1.0,
27302,480709,1,6,4,8,75,1,1,1,48,0,low,0.16666666666666666,
27303,480710,1,2,4,6,40,1,1,1,48,0,low,0.5,
27304,480711,1,2,4,0,0,1,1,0,48,0,low,0.5,
27305,480712,1,2,4,2,60,1,10,1,48,0,low,0.5,
27306,480713,1,1,4,0,55,1,10,1,48,0,high,1.0,
27307,480714,3,5,4,1,75,1,1,1,48,0,high,0.6,
27308,480715,1,2,4,2,55,1,1,1,48,0,low,0.5,
27309,480716,1,1,4,0,50,1,1,1,48,0,high,1.0,
27310,480717,1,1,4,0,30,5,1,1,48,0,high,1.0,
27311,480718,1,5,4,6,98,1,1,98,48,0,low,0.2,
27312,480719,1,3,4,2,35,5,1,1,48,1,low,0.3333333333333333,
27313,480720,1,3,4,1,75,2,1,1,48,1,low,0.3333333333333333,
27314,480721,1,2,4,6,98,1,1,98,48,0,low,0.5,
27315,480722,1,5,4,98,65,1,1,1,48,0,low,0.2,
27316,480723,1,2,4,0,75,1,1,1,48,0,low,0.5,
27317,480724,1,3,4,0,60,2,1,1,48,0,low,0.3333333333333333,
27318,480725,1,1,4,0,65,1,1,1,48,0,high,1.0,
27319,480726,1,1,4,0,55,2,1,11,48,1,high,1.0,
27320,480727,1,1,4,0,70,1,10,1,48,0,high,1.0,
27321,480728,1,3,4,1,75,2,1,1,48,0,low,0.3333333333333333,
27322,480729,1,1,4,0,40,3,10,1,48,0,high,1.0,
27323,480732,1,2,4,0,65,2,10,1,48,0,low,0.5,
27324,480733,1,2,4,1,65,3,10,1,48,1,low,0.5,
27325,480734,1,5,4,1,65,1,10,1,48,0,low,0.2,
27326,480735,1,1,4,0,70,1,1,1,48,1,high,1.0,
27327,480736,1,1,4,0,35,2,1,1,48,0,high,1.0,
27328,480737,1,1,4,0,75,2,1,1,48,0,high,1.0,
27329,480738,1,9,4,2,40,3,1,1,48,1,low,0.1111111111111111,
27330,480739,1,1,4,0,45,1,1,1,48,1,high,1.0,
27331,480740,1,2,4,0,70,1,1,1,48,0,low,0.5,
27332,480741,1,1,4,0,60,1,1,1,48,1,high,1.0,
27333,480742,2,2,4,2,70,1,1,1,48,1,high,1.0,
27334,480743,1,3,4,8,35,1,1,11,48,1,low,0.3333333333333333,
27335,480744,1,3,4,6,40,3,1,1,48,1,low,0.3333333333333333,
27336,480745,1,3,4,2,60,1,1,1,48,0,low,0.3333333333333333,
27337,480746,1,1,4,0,45,3,10,1,48,0,high,1.0,
27338,480747,1,1,4,0,35,1,10,1,48,1,high,1.0,
27339,480748,1,2,4,0,30,3,2,2,48,1,low,0.5,
27340,480749,1,1,4,0,55,2,10,2,48,0,high,1.0,
27341,480750,1,3,4,6,55,1,1,1,48,0,low,0.3333333333333333,
27342,480751,5,9,4,7,60,3,1,1,48,0,high,0.5555555555555556,
27343,480752,2,3,4,6,60,1,1,1,48,0,high,0.6666666666666666,
27344,480753,1,1,4,0,60,1,10,1,48,0,high,1.0,
27345,480754,1,5,4,7,65,1,1,1,48,1,low,0.2,
27346,480755,1,2,4,0,75,1,2,2,48,0,low,0.5,
27347,480756,1,2,4,2,60,2,1,1,48,1,low,0.5,
27348,480757,1,5,4,6,65,1,2,2,48,0,low,0.2,
27349,480758,1,1,4,0,75,1,10,1,48,0,high,1.0,
27350,480759,2,2,4,8,75,4,1,1,48,0,high,1.0,
27351,480760,1,2,4,6,65,1,1,1,48,0,low,0.5,
27352,480761,1,1,4,0,35,3,10,1,48,0,high,1.0,
27353,480762,1,1,4,0,55,1,1,1,48,0,high,1.0,
27354,480763,1,3,4,6,40,1,10,2,48,0,low,0.3333333333333333,
27355,480764,2,3,4,6,70,1,1,1,48,0,high,0.6666666666666666,
27356,480765,1,2,4,0,50,2,10,1,48,1,low,0.5,
27357,480766,1,3,4,6,35,1,1,1,48,1,low,0.3333333333333333,
27358,480767,1,7,4,0,75,1,1,1,48,1,low,0.14285714285714285,
27359,480768,1,1,4,0,45,1,10,1,48,0,high,1.0,
27360,480769,1,2,4,6,98,3,1,98,48,0,low,0.5,
27361,480770,1,1,4,0,40,1,10,1,48,1,high,1.0,
27362,480771,1,1,4,0,35,1,1,1,48,1,high,1.0,
27363,480772,1,8,4,0,65,2,1,1,48,1,low,0.125,
27364,480774,1,1,4,0,40,3,10,1,48,0,high,1.0,
27365,480775,1,2,4,6,98,1,1,98,48,0,low,0.5,
27366,480776,1,1,4,0,35,3,1,1,48,1,high,1.0,
27367,480777,1,6,4,0,60,3,1,1,48,0,low,0.16666666666666666,
27368,480778,1,6,1,6,75,1,1,1,48,0,low,0.16666666666666666,
27369,480779,1,3,2,6,45,3,1,1,48,0,low,0.3333333333333333,
27370,480780,1,1,3,0,0,1,1,0,48,0,high,1.0,
27371,480781,3,4,3,2,75,1,1,1,48,0,high,0.75,
27372,480782,1,3,4,7,80,1,1,1,48,0,low,0.3333333333333333,
27373,480783,1,3,4,6,99,1,1,1,48,0,low,0.3333333333333333,
27374,480784,1,1,4,0,55,2,10,1,48,1,high,1.0,
27375,480785,1,2,4,0,50,2,1,1,48,0,low,0.5,
27376,480786,1,2,4,0,70,2,2,2,48,0,low,0.5,
27377,480787,1,4,4,6,99,1,1,1,48,0,low,0.25,
27378,480788,1,1,4,0,35,3,2,2,48,1,high,1.0,
27379,480789,1,4,4,7,75,1,10,1,48,0,low,0.25,
27380,480790,1,2,4,6,40,1,10,1,48,1,low,0.5,
27381,480791,1,1,4,6,65,3,10,1,48,0,high,1.0,
27382,480792,1,2,4,6,70,2,10,1,48,0,low,0.5,
27383,480793,1,1,4,0,35,1,1,1,48,0,high,1.0,
27384,480794,1,1,4,0,55,1,1,1,48,0,high,1.0,
27385,480795,1,2,4,2,60,1,1,1,48,0,low,0.5,
27386,480796,1,1,4,0,55,2,10,1,48,0,high,1.0,
27387,480797,1,3,4,2,70,1,1,1,48,0,low,0.3333333333333333,
27388,480798,1,1,4,0,35,3,1,1,48,1,high,1.0,
27389,480799,1,4,4,6,40,1,10,1,48,0,low,0.25,
27390,480800,1,4,4,6,99,1,10,1,48,0,low,0.25,
27391,480801,2,3,4,7,45,1,1,1,48,0,high,0.6666666666666666,
27392,480802,1,1,4,0,75,2,2,2,48,0,high,1.0,
27393,480803,1,2,4,1,60,1,1,1,48,1,low,0.5,
27394,480804,1,2,4,0,75,1,1,1,48,0,low,0.5,
27395,480805,1,1,4,0,40,1,10,1,48,0,high,1.0,
27396,480806,1,4,4,0,35,3,2,2,48,0,low,0.25,
27397,480807,1,2,1,1,65,2,10,1,48,0,low,0.5,
27398,480808,1,1,2,0,60,2,1,1,48,0,high,1.0,
27399,480809,1,1,3,0,65,3,1,2,48,1,high,1.0,
27400,480810,1,2,3,0,55,2,1,1,48,0,low,0.5,
27401,480811,1,1,3,0,60,2,5,1,48,0,high,1.0,
27402,480812,1,1,3,0,65,1,1,1,48,0,high,1.0,
27403,480813,1,2,3,0,65,1,1,1,48,0,low,0.5,
27404,480814,1,2,4,0,30,1,10,1,48,0,low,0.5,
27405,480815,1,1,4,0,40,1,1,1,48,0,high,1.0,
27406,480816,1,1,4,0,80,1,1,1,48,0,high,1.0,
27407,480817,1,2,4,6,75,1,5,2,48,0,low,0.5,
27408,480819,1,3,4,0,60,3,10,1,48,0,low,0.3333333333333333,
27409,480820,1,1,4,0,35,2,10,1,48,1,high,1.0,
27410,480821,1,2,4,6,40,3,10,1,48,0,low,0.5,
27411,480822,1,3,4,6,35,1,1,1,48,0,low,0.3333333333333333,
27412,480823,1,3,4,6,45,3,10,1,48,1,low,0.3333333333333333,
27413,480824,1,6,4,6,45,1,1,1,48,1,low,0.16666666666666666,