,ST_CASE,FATALS,PERSONS,MONTH,MAN_COLL,VSPD_LIM,LGT_COND,WEATHER,VSURCOND,STATE,DRUNK_DR,rate,rate_numerical,arrival_time
28603,482044,1,1,9,0,35,3,1,1,48,0,high,1.0,
28604,482045,1,5,9,2,75,2,1,1,48,1,low,0.2,
28605,482046,1,2,9,2,45,3,1,1,48,1,low,0.5,
28606,482047,1,1,9,0,30,3,1,1,48,1,high,1.0,
28607,482048,1,2,9,98,70,2,1,1,48,0,low,0.5,
28608,482049,1,1,9,0,70,1,10,1,48,0,high,1.0,
28609,482050,1,2,9,1,98,2,1,98,48,1,low,0.5,
28610,482051,3,4,9,6,75,2,1,1,48,0,high,0.75,
28611,482052,1,2,9,0,30,2,1,1,48,1,low,0.5,
28612,482053,1,2,9,0,60,2,1,11,48,0,low,0.5,
28613,482054,4,8,9,6,35,3,1,1,48,0,low,0.5,
28614,482055,1,3,9,1,45,2,1,1,48,0,low,0.3333333333333333,
28615,482056,2,1,9,0,99,2,1,1,48,0,high,2.0,
28616,482057,1,1,9,0,75,2,1,1,48,0,high,1.0,
28617,482058,1,2,9,0,70,2,1,1,48,0,low,0.5,
28618,482059,1,2,9,0,70,2,1,1,48,0,low,0.5,
28619,482060,1,2,9,0,45,1,1,1,48,0,low,0.5,
28620,482061,3,3,9,2,75,1,5,1,48,1,high,1.0,
28621,482062,1,13,9,8,55,2,1,1,48,1,low,0.07692307692307693,
28622,482063,1,2,9,0,55,1,2,2,48,0,low,0.5,
28623,482064,1,2,9,2,99,3,1,1,48,0,low,0.5,
28624,482065,1,2,9,1,75,2,5,1,48,0,low,0.5,
28625,482066,1,1,9,0,60,2,5,1,48,0,high,1.0,
28626,482067,1,2,9,6,99,2,1,1,48,0,low,0.5,
28627,482068,1,2,9,1,45,2,1,1,48,1,low,0.5,
28628,482069,1,2,9,0,45,3,1,1,48,0,low,0.5,
28629,482070,2,2,9,0,30,2,10,1,48,0,high,1.0,
28630,482071,1,1,9,0,60,1,1,1,48,0,high,1.0,
28631,482072,1,1,9,0,65,1,1,1,48,0,high,1.0,
28632,482073,1,2,9,0,65,1,10,1,48,0,low,0.5,
28633,482074,1,1,9,0,30,1,1,1,48,0,high,1.0,
28634,482075,1,1,9,0,45,1,1,1,48,0,high,1.0,
28635,482076,1,4,9,0,45,1,10,2,48,1,low,0.25,
28636,482077,3,3,9,2,75,3,1,1,48,0,high,1.0,
28637,482078,1,1,9,0,35,3,1,1,48,0,high,1.0,
28638,482079,1,1,9,0,30,1,2,2,48,0,high,1.0,
28639,482080,1,3,9,0,35,2,1,1,48,0,low,0.3333333333333333,
28640,482081,1,3,9,6,75,1,1,1,48,0,low,0.3333333333333333,
28641,482082,1,1,9,0,40,3,1,1,48,0,high,1.0,
28642,482083,1,1,9,0,55,2,1,1,48,0,high,1.0,
28643,482084,1,1,9,0,65,1,1,1,48,0,high,1.0,
28644,482085,1,1,9,0,45,2,1,1,48,0,high,1.0,
28645,482086,1,1,9,0,70,1,1,1,48,0,high,1.0,
28646,482087,1,1,9,0,35,1,1,1,48,0,high,1.0,
28647,482088,1,2,9,0,60,1,2,2,48,0,low,0.5,
28648,482089,1,3,9,1,70,1,1,1,48,0,low,0.3333333333333333,
28649,482090,1,2,9,0,30,1,1,1,48,0,low,0.5,
28650,482091,1,1,9,0,45,3,1,1,48,0,high,1.0,
28651,482092,1,1,9,0,35,2,1,1,48,1,high,1.0,
28652,482093,1,1,5,0,35,3,1,1,48,0,high,1.0,
28653,482094,1,3,6,6,60,3,1,1,48,0,low,0.3333333333333333,
28654,482095,2,10,7,1,35,1,1,1,48,0,low,0.2,
28655,482096,1,1,8,0,70,2,1,1,48,1,high,1.0,
28656,482097,1,6,8,6,75,2,1,1,48,0,low,0.16666666666666666,
28657,482099,1,1,8,0,70,1,1,1,48,0,high,1.0,
28658,482100,1,1,8,0,45,1,1,1,48,1,high,1.0,
28659,482101,4,4,8,0,98,3,1,1,48,1,high,1.0,
28660,482102,1,1,8,0,35,1,1,1,48,0,high,1.0,
28661,482103,1,1,8,0,65,3,1,1,48,0,high,1.0,
28662,482104,1,2,9,2,55,1,1,1,48,0,low,0.5,
28663,482105,1,4,9,0,75,2,1,1,48,0,low,0.25,
28664,482106,1,5,9,6,70,2,10,2,48,0,low,0.2,
28665,482107,1,1,9,0,35,2,1,1,48,0,high,1.0,
28666,482108,1,1,9,0,25,6,1,1,48,0,high,1.0,
28667,482109,1,2,9,0,80,1,1,1,48,0,low,0.5,
28668,482110,1,2,9,6,98,1,10,98,48,0,low,0.5,
28669,482111,1,1,9,0,40,2,1,1,48,0,high,1.0,
28670,482112,1,3,9,6,98,3,1,98,48,0,low,0.3333333333333333,
28671,482113,1,2,9,0,60,1,2,2,48,0,low,0.5,
28672,482114,1,1,9,0,70,2,1,1,48,0,high,1.0,
28673,482115,1,7,9,6,75,1,1,1,48,0,low,0.14285714285714285,
28674,482116,1,3,9,1,70,1,1,1,48,0,low,0.3333333333333333,
28675,482117,1,2,9,6,45,2,1,1,48,0,low,0.5,
28676,482118,1,1,9,0,30,3,10,1,48,1,high,1.0,
28677,482119,1,2,9,0,70,2,10,1,48,1,low,0.5,
28678,482120,1,1,9,0,75,2,1,1,48,0,high,1.0,
28679,482122,1,4,9,0,65,2,10,1,48,0,low,0.25,
28680,482123,1,1,9,0,75,2,1,1,48,0,high,1.0,
28681,482124,1,1,9,0,65,4,10,1,48,0,high,1.0,
28682,482125,2,6,9,7,60,1,1,1,48,0,low,0.3333333333333333,
28683,482126,1,2,9,0,70,1,1,1,48,0,low,0.5,
28684,482127,1,2,9,2,65,2,1,1,48,0,low,0.5,
28685,482128,1,1,9,0,35,3,1,1,48,0,high,1.0,
28686,482129,1,2,9,0,65,4,5,2,48,0,low,0.5,
28687,482130,1,1,9,0,45,2,1,1,48,0,high,1.0,
28688,482131,1,2,9,1,60,3,1,1,48,1,low,0.5,
28689,482132,1,1,9,0,40,5,1,1,48,1,high,1.0,
28690,482133,1,2,9,6,35,1,1,1,48,0,low,0.5,
28691,482134,1,4,9,1,75,2,1,1,48,0,low,0.25,
28692,482135,1,3,9,6,99,1,1,1,48,0,low,0.3333333333333333,
28693,482136,1,2,9,0,40,1,1,1,48,0,low,0.5,
28694,482137,1,5,9,6,99,1,1,1,48,0,low,0.2,
28695,482138,1,4,9,2,55,1,2,2,48,0,low,0.25,
28696,482139,1,1,9,0,45,2,1,1,48,1,high,1.0,
28697,482140,1,3,9,1,70,1,10,1,48,0,low,0.3333333333333333,
28698,482141,1,1,9,0,45,2,1,1,48,0,high,1.0,
28699,482142,1,1,9,0,45,2,1,1,48,0,high,1.0,
28700,482143,2,2,9,2,45,3,1,1,48,2,high,1.0,
28701,482144,4,7,9,1,55,1,1,1,48,0,high,0.5714285714285714,
28702,482145,1,10,9,6,45,3,1,1,48,0,low,0.1,
28703,482146,1,2,9,2,65,3,1,1,48,1,low,0.5,
28704,482147,1,2,9,0,75,2,1,1,48,0,low,0.5,
28705,482148,1,2,9,6,70,1,1,1,48,0,low,0.5,
28706,482149,1,2,8,7,55,2,1,1,48,1,low,0.5,
28707,482150,1,1,9,0,55,2,10,1,48,0,high,1.0,
28708,482151,1,4,9,0,75,1,1,1,48,0,low,0.25,
28709,482152,1,1,9,0,30,1,1,1,48,0,high,1.0,
28710,482153,1,1,9,0,60,1,1,1,48,0,high,1.0,
28711,482154,1,2,9,6,98,1,1,98,48,0,low,0.5,
28712,482155,1,1,9,0,70,1,5,1,48,0,high,1.0,
28713,482156,1,2,9,0,60,5,1,1,48,1,low,0.5,
28714,482157,1,1,9,0,45,1,1,1,48,0,high,1.0,
28715,482158,1,2,9,1,55,3,1,1,48,0,low,0.5,
28716,482159,1,1,9,0,98,2,1,98,48,0,high,1.0,
28717,482160,1,2,9,6,98,1,1,98,48,0,low,0.5,
28718,482161,1,3,9,1,70,1,1,1,48,0,low,0.3333333333333333,
28719,482162,1,6,9,1,70,1,1,1,48,0,low,0.16666666666666666,
28720,482163,1,4,9,6,65,2,1,1,48,0,low,0.25,
28721,482164,1,1,9,0,45,6,10,1,48,0,high,1.0,
28722,482165,1,8,9,1,60,1,1,1,48,0,low,0.125,
28723,482166,1,2,9,0,70,2,1,1,48,1,low,0.5,
28724,482167,1,1,9,0,55,2,1,1,48,0,high,1.0,
28725,482168,1,2,9,8,70,1,1,1,48,0,low,0.5,
28726,482169,1,5,9,1,65,2,1,1,48,0,low,0.2,
28727,482170,4,7,9,2,75,2,1,1,48,0,high,0.5714285714285714,
28728,482171,1,2,9,6,40,1,1,1,48,1,low,0.5,
28729,482172,1,1,9,0,55,2,1,1,48,1,high,1.0,
28730,482173,1,2,9,0,45,2,1,1,48,0,low,0.5,
28731,482174,1,2,9,2,75,2,1,1,48,0,low,0.5,
28732,482176,1,2,9,0,60,3,10,1,48,1,low,0.5,
28733,482177,1,3,9,6,30,1,1,1,48,0,low,0.3333333333333333,
28734,482178,1,1,9,0,50,3,1,1,48,0,high,1.0,
28735,482179,3,4,9,6,65,2,1,1,48,0,high,0.75,
28736,482180,1,1,9,0,55,2,1,1,48,0,high,1.0,
28737,482181,1,1,9,0,70,1,1,1,48,0,high,1.0,
28738,482182,1,2,9,6,40,1,1,1,48,0,low,0.5,
28739,482183,1,3,9,1,75,1,1,1,48,0,low,0.3333333333333333,
28740,482184,1,1,9,0,60,1,10,1,48,0,high,1.0,
28741,482185,1,1,9,0,60,3,1,1,48,0,high,1.0,
28742,482186,4,4,9,6,98,3,1,1,48,0,high,1.0,
28743,482187,1,1,9,0,65,2,1,1,48,0,high,1.0,
28744,482188,1,7,9,2,65,1,1,1,48,1,low,0.14285714285714285,
28745,482189,1,3,9,6,30,1,1,1,48,0,low,0.3333333333333333,
28746,482190,1,1,9,0,40,2,1,1,48,1,high,1.0,
28747,482191,1,2,9,1,70,3,1,1,48,1,low,0.5,
28748,482192,1,1,9,0,55,1,1,1,48,0,high,1.0,
28749,482193,1,3,9,8,50,1,1,1,48,0,low,0.3333333333333333,
28750,482194,1,1,9,0,70,2,10,1,48,0,high,1.0,
28751,482195,1,1,9,0,98,2,1,1,48,1,high,1.0,
28752,482196,1,3,9,0,75,1,1,1,48,0,low,0.3333333333333333,
28753,482197,2,2,9,0,65,2,1,1,48,1,high,1.0,
28754,482198,1,1,9,0,98,3,1,1,48,0,high,1.0,
28755,482199,1,4,9,6,40,3,1,1,48,1,low,0.25,
28756,482200,1,1,9,0,45,2,1,1,48,1,high,1.0,
28757,482201,1,4,9,0,55,1,1,1,48,0,low,0.25,
28758,482202,1,4,9,1,70,1,1,1,48,1,low,0.25,
28759,482203,1,3,9,0,35,3,1,1,48,0,low,0.3333333333333333,
28760,482204,1,2,9,2,75,1,1,1,48,0,low,0.5,
28761,482205,1,5,1,6,55,1,10,1,48,0,low,0.2,
28762,482206,1,5,4,6,98,1,1,98,48,0,low,0.2,
28763,482207,1,5,7,1,98,1,1,1,48,0,low,0.2,
28764,482208,1,1,8,0,60,2,1,1,48,1,high,1.0,
28765,482209,1,4,8,7,80,2,1,1,48,1,low,0.25,
28766,482210,1,1,9,0,75,2,1,1,48,1,high,1.0,
28767,482211,1,5,9,0,75,2,1,1,48,0,low,0.2,
28768,482212,1,2,9,1,75,3,10,1,48,1,low,0.5,
28769,482213,1,1,9,0,70,1,1,1,48,0,high,1.0,
28770,482214,1,4,9,6,35,1,1,1,48,0,low,0.25,
28771,482215,1,6,9,6,98,2,1,98,48,1,low,0.16666666666666666,
28772,482216,2,4,9,2,80,2,1,1,48,1,low,0.5,
28773,482217,1,3,9,6,55,2,1,1,48,0,low,0.3333333333333333,
28774,482218,1,1,9,0,70,1,1,1,48,0,high,1.0,
28775,482219,1,3,9,0,65,1,1,1,48,0,low,0.3333333333333333,
28776,482220,1,2,9,0,55,3,1,1,48,1,low,0.5,
28777,482221,1,2,9,2,70,1,1,1,48,0,low,0.5,
28778,482223,1,2,9,2,50,3,1,1,48,1,low,0.5,
28779,482224,1,1,9,0,35,2,10,1,48,1,high,1.0,
28780,482225,1,2,9,0,60,1,1,1,48,1,low,0.5,
28781,482226,1,1,6,1,30,3,10,1,48,0,high,1.0,
28782,482227,1,1,9,0,98,2,10,98,48,1,high,1.0,
28783,482228,1,1,9,0,30,3,1,1,48,0,high,1.0,
28784,482229,4,5,9,1,50,1,1,1,48,0,high,0.8,
28785,482230,1,2,9,2,70,1,1,1,48,0,low,0.5,
28786,482231,1,2,9,6,0,1,1,0,48,0,low,0.5,
28787,482232,1,3,9,6,70,1,1,1,48,0,low,0.3333333333333333,
28788,482233,1,2,9,0,70,1,1,1,48,0,low,0.5,
28789,482234,1,3,9,1,70,1,1,1,48,0,low,0.3333333333333333,
28790,482235,1,4,9,0,75,4,1,1,48,0,low,0.25,
28791,482236,1,6,9,6,70,1,10,1,48,0,low,0.16666666666666666,
28792,482237,1,1,9,0,65,2,99,99,48,1,high,1.0,
28793,482238,1,1,9,0,45,3,1,1,48,0,high,1.0,
28794,482239,1,1,9,0,50,2,1,1,48,0,high,1.0,
28795,482240,1,2,9,2,75,2,1,1,48,0,low,0.5,
28796,482241,1,4,9,0,30,4,1,1,48,0,low,0.25,
28797,482242,2,3,9,2,55,1,1,1,48,1,high,0.6666666666666666,
28798,482243,1,8,9,1,75,1,1,1,48,0,low,0.125,
28799,482244,1,1,9,0,35,3,1,1,48,1,high,1.0,
28800,482245,1,3,9,6,60,3,1,1,48,1,low,0.3333333333333333,
28801,482246,1,2,9,0,70,2,1,1,48,1,low,0.5,
28802,482247,1,1,9,0,40,3,1,1,48,0,high,1.0,
28803,482248,1,3,9,0,75,2,1,1,48,0,low,0.3333333333333333,
28804,482249,1,1,9,0,55,2,1,1,48,0,high,1.0,
28805,482250,1,1,9,0,50,3,1,1,48,0,high,1.0,
28806,482251,1,1,9,0,75,2,1,1,48,0,high,1.0,
28807,482252,1,2,9,0,55,2,1,1,48,1,low,0.5,
28808,482253,2,2,9,2,75,2,1,1,48,0,high,1.0,
28809,482254,1,5,9,1,65,1,1,1,48,0,low,0.2,
28810,482255,1,1,9,0,60,2,1,1,48,0,high,1.0,
28811,482256,1,2,8,6,40,1,1,1,48,0,low,0.5,
28812,482257,1,3,8,0,98,3,1,1,48,1,low,0.3333333333333333,
28813,482258,1,2,8,0,30,1,1,1,48,0,low,0.5,
28814,482259,1,1,9,0,60,2,10,1,48,1,high,1.0,
28815,482260,1,1,9,0,30,1,1,1,48,0,high,1.0,
28816,482261,1,2,9,0,40,2,1,1,48,0,low,0.5,
28817,482262,1,1,9,0,35,2,1,1,48,1,high,1.0,
28818,482263,2,5,9,6,60,3,1,1,48,0,low,0.4,
28819,482264,1,1,9,0,70,9,99,1,48,1,high,1.0,
28820,482265,1,4,9,2,65,2,1,1,48,0,low,0.25,
28821,482266,6,16,9,0,75,3,1,1,48,0,low,0.375,
28822,482267,1,1,9,0,70,1,1,1,48,0,high,1.0,
28823,482268,1,2,9,1,60,3,1,1,48,1,low,0.5,
28824,482269,1,1,9,0,60,1,1,1,48,1,high,1.0,
28825,482270,1,2,9,1,60,3,1,1,48,2,low,0.5,
28826,482271,1,2,9,6,98,1,10,98,48,0,low,0.5,
28827,482272,1,6,9,0,60,1,1,1,48,1,low,0.16666666666666666,
28828,482273,1,1,9,0,30,3,1,1,48,0,high,1.0,
28829,482274,1,2,9,2,60,2,1,1,48,0,low,0.5,
28830,482275,1,1,9,0,75,2,1,1,48,0,high,1.0,
28831,482276,1,2,9,0,40,1,1,1,48,0,low,0.5,
28832,482277,1,1,9,0,55,1,1,1,48,0,high,1.0,
28833,482278,1,1,10,0,55,1,1,1,48,0,high,1.0,
28834,482279,1,1,10,0,30,3,1,1,48,0,high,1.0,
28835,482280,1,1,10,0,70,2,1,1,48,0,high,1.0,
28836,482281,1,1,10,0,70,1,1,2,48,1,high,1.0,
28837,482282,1,1,10,0,50,1,1,1,48,0,high,1.0,
28838,482283,1,1,10,0,55,1,1,1,48,1,high,1.0,
28839,482284,1,2,10,0,35,3,1,1,48,0,low,0.5,
28840,482285,1,2,10,11,50,1,1,1,48,0,low,0.5,
28841,482286,1,1,10,0,35,1,1,1,48,0,high,1.0,
28842,482287,1,2,10,6,75,4,1,1,48,0,low,0.5,
28843,482288,1,4,10,98,45,3,1,1,48,0,low,0.25,
28844,482289,1,1,10,0,30,3,1,1,48,1,high,1.0,
28845,482290,1,2,10,1,45,3,1,1,48,0,low,0.5,
28846,482291,1,1,10,0,45,1,1,1,48,0,high,1.0,
28847,482292,1,2,10,2,65,1,1,1,48,0,low,0.5,
28848,482293,3,6,10,2,75,1,1,1,48,0,low,0.5,
28849,482294,1,5,10,0,35,1,1,1,48,0,low,0.2,
28850,482295,1,2,10,1,70,2,1,1,48,1,low,0.5,
28851,482296,1,2,10,0,60,1,2,2,48,0,low,0.5,
28852,482297,1,1,10,0,50,3,10,1,48,0,high,1.0,
28853,482298,1,1,10,0,45,3,1,1,48,0,high,1.0,
28854,482299,1,3,10,6,55,1,1,1,48,0,low,0.3333333333333333,
28855,482300,1,1,10,0,65,2,1,1,48,1,high,1.0,
28856,482301,1,1,10,0,55,1,1,1,48,0,high,1.0,
28857,482302,1,1,10,0,70,2,1,1,48,1,high,1.0,
28858,482303,1,2,10,0,75,2,1,1,48,1,low,0.5,
28859,482304,1,2,10,0,65,1,1,1,48,0,low,0.5,
28860,482305,1,3,10,2,75,1,2,2,48,0,low,0.3333333333333333,
28861,482306,2,3,10,0,55,1,1,1,48,0,high,0.6666666666666666,
28862,482307,1,2,10,6,55,1,1,1,48,0,low,0.5,
28863,482308,1,1,10,0,30,1,1,1,48,0,high,1.0,
28864,482309,2,1,10,0,70,3,1,1,48,0,high,2.0,
28865,482310,1,1,10,0,60,1,1,1,48,0,high,1.0,
28866,482311,1,4,10,0,45,3,10,1,48,0,low,0.25,
28867,482312,1,2,10,0,75,1,10,1,48,0,low,0.5,
28868,482313,1,1,10,0,45,3,1,1,48,1,high,1.0,
28869,482314,2,2,10,0,70,3,1,1,48,0,high,1.0,
28870,482315,1,1,10,0,60,1,10,1,48,0,high,1.0,
28871,482317,1,3,10,6,45,3,1,1,48,0,low,0.3333333333333333,
28872,482318,1,1,10,0,60,3,1,1,48,0,high,1.0,
28873,482319,1,2,10,1,40,1,1,1,48,0,low,0.5,
28874,482320,1,1,10,0,75,2,1,1,48,0,high,1.0,
28875,482321,1,1,10,0,60,1,1,1,48,0,high,1.0,
28876,482322,1,1,10,0,40,3,1,1,48,1,high,1.0,
28877,482323,1,1,10,0,30,3,1,1,48,1,high,1.0,
28878,482324,1,2,10,6,55,1,1,1,48,0,low,0.5,
28879,482325,1,1,10,0,35,2,1,1,48,0,high,1.0,
28880,482326,1,2,10,6,35,1,1,1,48,0,low,0.5,
28881,482327,1,3,10,1,60,2,10,1,48,0,low,0.3333333333333333,
28882,482328,1,2,10,6,35,1,1,1,48,0,low,0.5,
28883,482329,1,6,10,0,60,2,1,1,48,1,low,0.16666666666666666,
28884,482330,2,3,10,0,60,3,1,1,48,1,high,0.6666666666666666,
28885,482331,1,1,10,0,45,3,1,1,48,0,high,1.0,
28886,482332,1,4,10,6,45,4,1,1,48,0,low,0.25,
28887,482333,1,5,10,0,98,3,1,98,48,0,low,0.2,
28888,482334,1,4,10,6,40,1,1,1,48,0,low,0.25,
28889,482335,1,2,10,0,35,2,1,1,48,1,low,0.5,
28890,482336,2,3,10,2,75,1,10,1,48,0,high,0.6666666666666666,
28891,482337,1,2,10,0,40,1,1,1,48,0,low,0.5,
28892,482338,1,1,10,0,75,2,1,1,48,0,high,1.0,
28893,482339,1,2,10,2,75,1,10,1,48,0,low,0.5,
28894,482340,1,1,10,0,65,2,1,1,48,0,high,1.0,
28895,482341,1,7,10,2,40,1,1,1,48,0,low,0.14285714285714285,
28896,482342,1,5,10,1,35,3,1,1,48,1,low,0.2,
28897,482343,2,2,10,0,35,3,1,1,48,0,high,1.0,
28898,482344,1,1,10,0,55,2,10,1,48,1,high,1.0,
28899,482345,1,1,10,0,60,2,1,1,48,0,high,1.0,
28900,482346,2,2,10,0,35,3,1,1,48,1,high,1.0,
28901,482347,1,1,10,0,55,2,1,1,48,1,high,1.0,
28902,482348,1,1,10,0,70,2,1,1,48,0,high,1.0,
28903,482349,1,1,10,0,30,1,1,1,48,0,high,1.0,
28904,482350,1,4,10,6,40,3,1,1,48,1,low,0.25,
28905,482351,1,2,10,0,80,2,1,1,48,0,low,0.5,
28906,482352,1,2,10,2,55,1,1,1,48,0,low,0.5,
28907,482353,1,2,9,6,35,1,1,1,48,0,low,0.5,
28908,482354,1,5,9,6,55,1,1,1,48,0,low,0.2,
28909,482355,1,3,9,2,55,5,1,1,48,0,low,0.3333333333333333,
28910,482356,1,3,9,1,45,1,1,1,48,0,low,0.3333333333333333,
28911,482357,1,2,9,0,40,3,1,1,48,0,low,0.5,
28912,482358,1,1,10,0,35,1,1,1,48,0,high,1.0,
28913,482359,1,3,10,6,70,1,1,1,48,1,low,0.3333333333333333,
28914,482360,1,1,10,0,30,3,1,1,48,1,high,1.0,
28915,482361,1,1,10,0,40,2,1,1,48,0,high,1.0,
28916,482362,1,1,10,0,60,1,1,1,48,0,high,1.0,
28917,482363,1,1,10,0,45,3,1,1,48,0,high,1.0,
28918,482364,4,5,10,1,70,4,1,1,48,0,high,0.8,
28919,482365,1,1,10,0,75,5,1,1,48,0,high,1.0,
28920,482366,1,1,10,0,35,2,10,1,48,0,high,1.0,
28921,482367,1,1,10,0,60,1,1,1,48,0,high,1.0,
28922,482368,1,3,10,2,65,1,1,1,48,0,low,0.3333333333333333,
28923,482369,1,9,10,1,75,5,1,1,48,0,low,0.1111111111111111,
28924,482370,1,2,10,1,75,1,1,1,48,0,low,0.5,
28925,482371,2,3,10,1,75,2,1,1,48,0,high,0.6666666666666666,
28926,482372,1,2,10,2,98,1,1,1,48,0,low,0.5,
28927,482373,1,6,10,1,35,1,10,1,48,1,low,0.16666666666666666,
28928,482374,1,1,10,0,98,3,1,1,48,0,high,1.0,
28929,482375,1,7,10,6,45,1,1,1,48,0,low,0.14285714285714285,
28930,482376,1,1,10,0,40,2,1,1,48,0,high,1.0,
28931,482377,1,1,10,0,40,2,1,1,48,0,high,1.0,
28932,482378,1,1,10,0,75,2,1,1,48,1,high,1.0,
28933,482379,1,3,10,6,98,2,1,1,48,0,low,0.3333333333333333,
28934,482380,1,1,10,0,98,3,1,1,48,1,high,1.0,
28935,482381,1,1,10,0,60,2,1,1,48,1,high,1.0,
28936,482382,1,4,10,0,70,3,1,1,48,0,low,0.25,
28937,482383,1,1,10,0,40,3,1,1,48,1,high,1.0,
28938,482384,1,1,10,0,40,3,1,1,48,1,high,1.0,
28939,482385,2,4,10,0,75,1,1,1,48,0,low,0.5,
28940,482386,2,3,10,6,75,2,10,1,48,0,high,0.6666666666666666,
28941,482387,1,1,10,0,75,1,1,1,48,0,high,1.0,
28942,482388,1,5,10,2,55,1,1,1,48,0,low,0.2,
28943,482389,1,7,10,6,45,1,1,1,48,0,low,0.14285714285714285,
28944,482390,1,3,10,11,75,2,1,1,48,0,low,0.3333333333333333,
28945,482391,1,2,10,0,55,1,1,1,48,0,low,0.5,
28946,482392,1,1,10,0,35,2,1,1,48,1,high,1.0,
28947,482393,1,5,10,6,99,1,1,1,48,1,low,0.2,
28948,482394,1,2,10,6,99,1,1,1,48,0,low,0.5,
28949,482395,1,2,10,0,45,2,1,1,48,1,low,0.5,
28950,482396,1,2,10,0,60,2,1,1,48,0,low,0.5,
28951,482397,1,2,10,0,50,2,1,1,48,0,low,0.5,
28952,482398,1,4,10,1,65,1,1,1,48,0,low,0.25,
28953,482399,1,3,10,6,99,1,1,1,48,0,low,0.3333333333333333,
28954,482400,1,2,10,2,70,4,1,1,48,0,low,0.5,
28955,482401,1,1,10,0,60,2,1,1,48,0,high,1.0,
28956,482402,1,1,10,0,35,3,1,1,48,0,high,1.0,
28957,482403,1,2,10,0,40,2,1,1,48,0,low,0.5,
28958,482404,1,4,10,0,60,1,1,1,48,0,low,0.25,
28959,482405,1,2,10,0,30,2,1,1,48,1,low,0.5,
28960,482406,1,2,10,1,60,2,1,1,48,0,low,0.5,
28961,482407,1,1,10,0,30,2,1,1,48,1,high,1.0,
28962,482408,1,1,10,0,30,3,1,1,48,1,high,1.0,
28963,482409,2,1,10,0,35,3,1,1,48,1,high,2.0,
28964,482410,1,4,10,6,40,3,1,1,48,0,low,0.25,
28965,482411,1,1,10,0,55,2,1,1,48,1,high,1.0,
28966,482412,1,1,10,0,70,2,1,1,48,1,high,1.0,
28967,482413,1,1,10,0,60,2,1,1,48,0,high,1.0,
28968,482414,1,3,10,6,60,1,1,1,48,0,low,0.3333333333333333,
28969,482415,1,1,10,0,40,1,10,1,48,1,high,1.0,
28970,482416,1,1,10,0,70,2,1,1,48,0,high,1.0,
28971,482417,1,2,9,0,50,3,1,1,48,1,low,0.5,
28972,482418,1,3,9,1,65,3,1,1,48,0,low,0.3333333333333333,
28973,482419,1,2,9,2,55,1,1,1,48,0,low,0.5,
28974,482420,1,1,10,0,35,2,1,1,48,0,high,1.0,
28975,482421,1,4,10,8,65,2,10,1,48,0,low,0.25,
28976,482422,1,3,10,1,75,2,1,1,48,0,low,0.3333333333333333,
28977,482423,1,1,10,0,35,2,10,1,48,0,high,1.0,
28978,482424,1,1,10,0,35,3,1,1,48,0,high,1.0,
28979,482425,1,2,10,0,50,3,1,1,48,0,low,0.5,
28980,482426,1,2,10,1,55,2,1,1,48,0,low,0.5,
28981,482427,1,1,10,0,40,1,1,1,48,0,high,1.0,
28982,482428,1,3,10,6,45,1,1,1,48,0,low,0.3333333333333333,
28983,482429,1,2,10,6,75,1,1,1,48,0,low,0.5,
28984,482430,1,1,10,0,60,2,1,1,48,1,high,1.0,
28985,482431,1,7,10,0,75,2,1,1,48,0,low,0.14285714285714285,
28986,482432,2,4,10,2,55,1,1,1,48,0,low,0.5,
28987,482433,1,1,10,0,60,2,10,1,48,1,high,1.0,
28988,482434,1,1,10,0,75,2,1,1,48,0,high,1.0,
28989,482435,3,3,10,2,70,1,1,1,48,0,high,1.0,
28990,482436,1,2,10,2,60,3,1,1,48,0,low,0.5,
28991,482437,3,3,10,6,75,1,1,1,48,0,high,1.0,
28992,482438,1,1,10,0,30,1,1,1,48,0,high,1.0,
28993,482439,1,3,10,0,45,2,1,11,48,1,low,0.3333333333333333,
28994,482440,2,3,10,2,75,2,1,1,48,1,high,0.6666666666666666,
28995,482441,1,1,10,0,45,1,1,1,48,0,high,1.0,
28996,482442,2,3,10,6,98,3,1,98,48,0,high,0.6666666666666666,
28997,482443,1,5,10,1,75,1,1,1,48,0,low,0.2,
28998,482444,1,1,10,0,75,3,1,1,48,1,high,1.0,
28999,482445,1,2,10,2,60,5,1,1,48,0,low,0.5,
29000,482446,1,1,10,0,30,2,2,2,48,0,high,1.0,
29001,482447,1,1,10,0,75,1,10,1,48,0,high,1.0,