,ST_CASE,FATALS,PERSONS,MONTH,MAN_COLL,VSPD_LIM,LGT_COND,WEATHER,VSURCOND,STATE,DRUNK_DR,rate,rate_numerical,arrival_time
29390,482844,1,3,11,0,40,3,10,2,48,0,low,0.3333333333333333,
29391,482845,1,2,11,1,45,1,1,1,48,0,low,0.5,
29392,482846,2,5,11,2,75,1,1,1,48,1,low,0.4,
29393,482847,1,1,11,0,65,1,1,1,48,0,high,1.0,
29394,482849,1,3,11,0,40,3,2,2,48,0,low,0.3333333333333333,
29395,482850,1,1,11,0,45,9,2,2,48,0,high,1.0,
29396,482851,1,3,11,6,60,9,2,2,48,0,low,0.3333333333333333,
29397,482852,1,1,11,0,70,2,2,2,48,0,high,1.0,
29398,482853,1,2,11,6,98,1,1,98,48,0,low,0.5,
29399,482854,1,1,4,0,55,3,1,1,48,0,high,1.0,
29400,482855,1,2,8,1,55,3,1,1,48,1,low,0.5,
29401,482856,1,3,9,2,45,5,1,1,48,1,low,0.3333333333333333,
29402,482857,1,4,10,2,98,3,1,1,48,1,low,0.25,
29403,482858,1,2,11,0,65,3,2,2,48,0,low,0.5,
29404,482859,1,3,11,1,75,1,1,1,48,0,low,0.3333333333333333,
29405,482860,1,2,11,6,60,1,10,1,48,0,low,0.5,
29406,482861,1,1,11,0,60,1,10,2,48,1,high,1.0,
29407,482862,1,2,11,6,0,2,1,0,48,0,low,0.5,
29408,482863,1,1,2,0,40,3,10,2,48,0,high,1.0,
29409,482864,1,7,11,6,99,1,1,1,48,0,low,0.14285714285714285,
29410,482865,1,3,11,6,30,1,1,1,48,0,low,0.3333333333333333,
29411,482866,1,4,11,0,45,2,1,1,48,1,low,0.25,
29412,482867,1,3,11,11,99,1,10,1,48,0,low,0.3333333333333333,
29413,482868,2,16,11,8,45,1,1,1,48,0,low,0.125,
29414,482869,1,3,11,7,70,1,10,2,48,0,low,0.3333333333333333,
29415,482870,1,6,11,2,70,1,2,2,48,0,low,0.16666666666666666,
29416,482871,2,3,12,6,99,2,1,1,48,0,high,0.6666666666666666,
29417,482872,1,6,12,1,60,1,1,1,48,0,low,0.16666666666666666,
29418,482873,1,1,12,0,45,3,10,1,48,0,high,1.0,
29419,482874,1,8,12,1,40,3,1,1,48,0,low,0.125,
29420,482875,1,2,12,6,70,1,1,1,48,0,low,0.5,
29421,482876,1,2,12,0,40,3,1,1,48,1,low,0.5,
29422,482877,1,2,12,6,40,1,10,1,48,0,low,0.5,
29423,482878,1,3,12,6,35,3,1,1,48,0,low,0.3333333333333333,
29424,482879,1,4,12,1,70,1,1,1,48,0,low,0.25,
29425,482880,1,3,12,6,40,3,1,1,48,0,low,0.3333333333333333,
29426,482881,1,2,12,6,40,1,10,1,48,0,low,0.5,
29427,482882,2,3,12,2,60,1,1,1,48,1,high,0.6666666666666666,
29428,482883,1,2,12,0,65,1,1,1,48,0,low,0.5,
29429,482884,1,2,12,2,75,1,1,1,48,0,low,0.5,
29430,482885,2,5,12,8,55,1,10,1,48,0,low,0.4,
29431,482886,1,3,12,6,40,2,1,1,48,1,low,0.3333333333333333,
29432,482887,1,2,12,6,55,1,1,1,48,0,low,0.5,
29433,482888,1,1,12,0,30,2,1,1,48,0,high,1.0,
29434,482889,1,2,12,6,40,1,1,1,48,1,low,0.5,
29435,482890,1,2,12,6,99,1,1,1,48,0,low,0.5,
29436,482891,1,2,12,0,70,3,1,1,48,0,low,0.5,
29437,482892,1,3,12,1,40,2,1,1,48,0,low,0.3333333333333333,
29438,482893,1,1,12,0,45,3,1,1,48,1,high,1.0,
29439,482894,1,1,12,0,50,5,1,1,48,0,high,1.0,
29440,482895,1,1,12,0,65,1,1,1,48,0,high,1.0,
29441,482896,1,3,12,6,70,1,1,1,48,0,low,0.3333333333333333,
29442,482897,1,1,12,0,70,1,1,1,48,0,high,1.0,
29443,482898,2,2,12,0,55,1,1,1,48,0,high,1.0,
29444,482900,1,1,12,0,75,2,1,1,48,1,high,1.0,
29445,482901,1,3,12,2,55,1,1,1,48,0,low,0.3333333333333333,
29446,482902,1,2,12,6,30,1,1,1,48,0,low,0.5,
29447,482903,1,1,12,0,60,2,1,1,48,0,high,1.0,
29448,482904,1,1,12,0,40,3,1,1,48,0,high,1.0,
29449,482905,1,1,12,0,55,2,1,1,48,1,high,1.0,
29450,482906,1,1,12,0,30,2,1,1,48,0,high,1.0,
29451,482907,1,2,12,2,50,4,1,1,48,0,low,0.5,
29452,482908,1,3,12,6,60,1,1,1,48,0,low,0.3333333333333333,
29453,482909,1,3,12,0,0,1,1,0,48,0,low,0.3333333333333333,
29454,482910,1,7,12,0,55,3,1,1,48,0,low,0.14285714285714285,
29455,482911,2,4,12,6,45,2,1,1,48,0,low,0.5,
29456,482912,1,1,12,0,40,2,1,1,48,1,high,1.0,
29457,482913,1,1,12,0,35,1,1,1,48,0,high,1.0,
29458,482914,1,1,12,0,60,3,1,1,48,0,high,1.0,
29459,482915,1,6,12,2,65,1,1,1,48,0,low,0.16666666666666666,
29460,482916,1,4,12,6,35,2,1,1,48,0,low,0.25,
29461,482917,2,5,12,0,60,2,10,1,48,1,low,0.4,
29462,482918,1,2,12,2,70,1,1,1,48,0,low,0.5,
29463,482919,1,1,12,0,70,1,1,1,48,0,high,1.0,
29464,482920,1,1,12,0,40,3,1,1,48,1,high,1.0,
29465,482922,1,1,12,0,60,2,1,1,48,1,high,1.0,
29466,482923,1,2,12,1,60,3,1,1,48,1,low,0.5,
29467,482924,1,1,12,0,35,3,1,1,48,0,high,1.0,
29468,482925,1,4,12,6,99,2,1,1,48,0,low,0.25,
29469,482926,1,4,12,0,65,3,1,1,48,0,low,0.25,
29470,482927,3,3,12,0,30,3,1,1,48,0,high,1.0,
29471,482928,1,1,12,0,40,3,1,1,48,1,high,1.0,
29472,482929,1,8,12,0,65,3,1,1,48,0,low,0.125,
29473,482930,1,3,12,6,70,1,1,1,48,0,low,0.3333333333333333,
29474,482931,1,2,12,7,60,1,1,1,48,0,low,0.5,
29475,482932,1,1,12,0,75,2,1,1,48,1,high,1.0,
29476,482933,1,1,12,0,50,1,1,1,48,0,high,1.0,
29477,482934,1,3,12,2,65,3,1,1,48,1,low,0.3333333333333333,
29478,482935,1,1,12,0,75,3,1,1,48,1,high,1.0,
29479,482936,1,5,12,6,75,2,1,1,48,0,low,0.2,
29480,482937,1,3,12,6,99,1,1,1,48,0,low,0.3333333333333333,
29481,482938,1,1,12,0,60,2,1,1,48,0,high,1.0,
29482,482939,1,2,12,0,35,3,5,1,48,1,low,0.5,
29483,482940,1,1,12,0,55,2,10,1,48,1,high,1.0,
29484,482941,1,1,12,0,45,1,1,1,48,0,high,1.0,
29485,482942,1,3,12,7,65,1,1,1,48,0,low,0.3333333333333333,
29486,482943,1,3,12,0,75,1,1,1,48,0,low,0.3333333333333333,
29487,482944,1,1,12,0,65,1,1,1,48,0,high,1.0,
29488,482945,1,1,12,0,35,2,5,1,48,0,high,1.0,
29489,482946,2,2,12,0,35,2,1,1,48,1,high,1.0,
29490,482947,1,2,12,2,60,1,1,1,48,0,low,0.5,
29491,482948,1,1,12,0,45,4,10,1,48,0,high,1.0,
29492,482949,1,1,12,0,40,3,1,1,48,0,high,1.0,
29493,482950,1,1,12,0,40,3,1,1,48,0,high,1.0,
29494,482951,1,1,12,0,75,2,1,1,48,0,high,1.0,
29495,482952,1,1,12,0,45,3,1,1,48,0,high,1.0,
29496,482953,1,3,12,6,98,1,1,98,48,0,low,0.3333333333333333,
29497,482954,1,1,12,0,60,4,5,1,48,1,high,1.0,
29498,482956,1,1,12,0,60,4,1,1,48,0,high,1.0,
29499,482957,1,3,12,0,65,2,1,1,48,0,low,0.3333333333333333,
29500,482958,1,1,12,0,45,2,1,1,48,0,high,1.0,
29501,482959,1,1,12,0,30,2,10,1,48,0,high,1.0,
29502,482960,2,3,12,1,75,2,5,1,48,1,high,0.6666666666666666,
29503,482961,1,1,12,0,60,2,10,1,48,0,high,1.0,
29504,482962,1,4,12,0,55,1,10,1,48,0,low,0.25,
29505,482963,1,2,12,6,0,2,10,0,48,1,low,0.5,
29506,482964,1,3,12,6,75,2,1,1,48,1,low,0.3333333333333333,
29507,482965,1,1,12,0,55,2,1,1,48,0,high,1.0,
29508,482966,1,1,12,0,60,1,1,1,48,0,high,1.0,
29509,482967,1,2,12,6,70,2,10,1,48,0,low,0.5,
29510,482968,1,2,12,6,98,2,1,98,48,1,low,0.5,
29511,482969,1,1,12,0,35,3,1,1,48,0,high,1.0,
29512,482970,1,6,12,6,60,1,2,2,48,0,low,0.16666666666666666,
29513,482971,1,1,12,0,30,3,10,1,48,1,high,1.0,
29514,482972,1,1,12,0,55,3,5,1,48,1,high,1.0,
29515,482973,1,1,12,0,55,3,1,1,48,1,high,1.0,
29516,482974,1,1,12,0,55,1,10,1,48,0,high,1.0,
29517,482975,1,1,12,0,45,2,10,1,48,0,high,1.0,
29518,482976,1,2,12,0,55,2,1,1,48,1,low,0.5,
29519,482977,1,2,12,0,60,2,10,2,48,1,low,0.5,
29520,482978,2,4,12,0,35,2,1,11,48,1,low,0.5,
29521,482979,1,6,12,2,75,2,1,1,48,0,low,0.16666666666666666,
29522,482980,1,1,12,0,98,1,10,1,48,0,high,1.0,
29523,482981,1,1,12,0,45,2,10,2,48,0,high,1.0,
29524,482982,1,4,12,8,60,1,10,2,48,0,low,0.25,
29525,482983,1,1,12,0,55,3,1,1,48,0,high,1.0,
29526,482984,1,2,12,0,45,3,10,2,48,1,low,0.5,
29527,482985,1,1,12,0,50,2,1,1,48,0,high,1.0,
29528,482986,1,1,12,0,70,2,10,1,48,0,high,1.0,
29529,482987,1,3,12,0,35,3,1,1,48,0,low,0.3333333333333333,
29530,482988,1,1,12,0,55,2,2,2,48,0,high,1.0,
29531,482989,2,13,12,0,60,2,1,1,48,0,low,0.15384615384615385,
29532,482990,1,1,12,0,60,2,2,2,48,0,high,1.0,
29533,482991,1,2,12,1,45,1,1,1,48,0,low,0.5,
29534,482992,1,3,12,6,45,2,10,2,48,0,low,0.3333333333333333,
29535,482993,1,1,12,0,35,1,1,1,48,0,high,1.0,
29536,482994,5,8,12,2,75,2,1,1,48,0,high,0.625,
29537,482995,1,4,12,6,0,1,1,0,48,0,low,0.25,
29538,482996,1,2,12,0,65,1,10,1,48,0,low,0.5,
29539,482997,1,1,12,0,75,1,10,1,48,0,high,1.0,
29540,482998,1,1,12,0,30,1,1,1,48,0,high,1.0,
29541,482999,1,2,12,6,75,2,1,1,48,0,low,0.5,
29542,483000,2,1,12,0,60,1,1,2,48,0,high,2.0,
29543,483001,1,4,12,6,98,2,2,2,48,0,low,0.25,
29544,483002,1,1,12,0,65,1,1,1,48,0,high,1.0,
29545,483003,1,3,12,0,45,2,1,1,48,0,low,0.3333333333333333,
29546,483004,1,1,12,0,55,3,1,1,48,1,high,1.0,
29547,483005,1,6,12,6,98,1,1,98,48,0,low,0.16666666666666666,
29548,483006,1,2,12,0,45,3,1,1,48,0,low,0.5,
29549,483007,1,2,12,6,70,2,1,1,48,0,low,0.5,
29550,483008,1,2,12,2,65,2,1,1,48,1,low,0.5,
29551,483009,1,2,12,0,30,3,1,1,48,1,low,0.5,
29552,483010,1,1,12,0,35,3,1,1,48,0,high,1.0,
29553,483011,1,3,12,6,35,3,1,1,48,1,low,0.3333333333333333,
29554,483012,1,1,12,0,45,3,1,1,48,0,high,1.0,
29555,483013,1,5,12,6,98,3,1,98,48,0,low,0.2,
29556,483014,1,1,12,0,80,2,1,1,48,0,high,1.0,
29557,483015,1,1,12,0,60,3,1,1,48,0,high,1.0,
29558,483016,1,1,12,0,65,2,1,1,48,1,high,1.0,
29559,483017,1,18,12,1,60,3,1,1,48,0,low,0.05555555555555555,
29560,483018,1,4,12,0,75,1,5,2,48,0,low,0.25,
29561,483019,1,3,12,6,45,3,1,1,48,1,low,0.3333333333333333,
29562,483020,1,3,12,6,45,1,10,2,48,0,low,0.3333333333333333,
29563,483021,1,2,12,0,55,2,5,1,48,0,low,0.5,
29564,483022,2,8,12,1,60,2,1,1,48,0,low,0.25,
29565,483023,1,1,12,0,30,3,1,1,48,0,high,1.0,
29566,483024,1,1,12,0,45,2,10,1,48,0,high,1.0,
29567,483025,1,1,12,0,30,1,1,1,48,0,high,1.0,
29568,483026,1,1,12,0,30,2,2,2,48,0,high,1.0,
29569,483027,1,1,12,0,50,1,1,1,48,1,high,1.0,
29570,483028,1,2,12,0,45,3,1,1,48,1,low,0.5,
29571,483029,1,3,12,0,30,3,1,1,48,0,low,0.3333333333333333,
29572,483030,1,1,12,0,45,2,10,1,48,1,high,1.0,
29573,483031,1,1,12,0,45,1,2,2,48,0,high,1.0,
29574,483033,1,1,12,0,40,2,10,1,48,1,high,1.0,
29575,483034,1,2,12,0,65,3,1,1,48,0,low,0.5,
29576,483035,1,6,12,0,70,2,1,1,48,0,low,0.16666666666666666,
29577,483036,1,3,12,2,60,2,1,1,48,0,low,0.3333333333333333,
29578,483037,1,2,12,0,65,3,1,1,48,0,low,0.5,
29579,483038,1,1,12,0,55,2,10,6,48,0,high,1.0,
29580,483039,1,3,12,8,40,1,1,1,48,0,low,0.3333333333333333,
29581,483040,1,5,12,6,65,2,5,2,48,0,low,0.2,
29582,483041,1,4,12,2,45,3,1,1,48,1,low,0.25,
29583,483042,1,1,12,1,55,2,1,1,48,0,high,1.0,
29584,483043,1,2,12,2,55,2,1,1,48,0,low,0.5,
29585,483044,2,2,12,0,30,2,1,1,48,1,high,1.0,
29586,483045,1,1,12,0,40,2,1,1,48,0,high,1.0,
29587,483046,1,4,12,6,75,2,1,1,48,0,low,0.25,
29588,483047,1,4,12,2,55,1,1,1,48,0,low,0.25,
29589,483048,1,1,12,0,55,2,5,1,48,0,high,1.0,
29590,483049,1,1,12,0,30,1,1,1,48,0,high,1.0,
29591,483050,2,2,12,0,30,2,1,1,48,1,high,1.0,
29592,483051,1,4,12,6,98,3,1,1,48,0,low,0.25,
29593,483052,1,3,12,2,75,2,1,1,48,0,low,0.3333333333333333,
29594,483053,2,2,12,2,75,2,1,1,48,0,high,1.0,
29595,483054,1,3,12,0,60,2,1,1,48,0,low,0.3333333333333333,
29596,483055,3,3,12,2,75,2,1,1,48,0,high,1.0,
29597,483056,1,1,12,0,55,1,1,1,48,0,high,1.0,
29598,483057,1,4,12,2,55,2,1,1,48,0,low,0.25,
29599,483058,1,1,12,0,45,2,1,1,48,1,high,1.0,
29600,483059,1,1,12,0,60,2,1,1,48,0,high,1.0,
29601,483060,1,1,12,0,98,2,10,1,48,0,high,1.0,
29602,483061,1,1,12,0,55,2,1,1,48,0,high,1.0,
29603,483062,1,2,12,0,70,2,2,2,48,1,low,0.5,
29604,483063,1,2,12,6,75,1,1,1,48,0,low,0.5,
29605,483064,2,6,12,1,70,1,1,1,48,0,low,0.3333333333333333,
29606,483065,1,1,12,0,40,1,10,1,48,0,high,1.0,
29607,483066,1,1,12,0,65,3,10,2,48,1,high,1.0,
29608,483067,2,3,12,2,65,1,5,1,48,1,high,0.6666666666666666,
29609,483068,1,2,12,0,55,1,1,1,48,0,low,0.5,
29610,483069,1,2,12,6,75,2,5,2,48,0,low,0.5,
29611,483070,1,1,12,0,40,3,10,1,48,1,high,1.0,
29612,483071,1,3,12,0,45,1,1,1,48,0,low,0.3333333333333333,
29613,483072,1,1,12,0,40,4,1,1,48,0,high,1.0,
29614,483073,1,3,12,6,98,2,10,98,48,0,low,0.3333333333333333,
29615,483074,1,1,12,0,55,1,10,1,48,0,high,1.0,
29616,483075,1,4,12,0,75,2,1,1,48,0,low,0.25,
29617,483076,1,1,12,0,75,1,1,1,48,0,high,1.0,
29618,483077,1,2,12,0,35,1,1,1,48,0,low,0.5,
29619,483078,1,2,12,0,75,1,10,1,48,0,low,0.5,
29620,483079,1,1,12,0,55,2,1,1,48,0,high,1.0,
29621,483080,1,3,12,2,50,2,1,1,48,1,low,0.3333333333333333,
29622,483081,1,1,12,0,75,1,10,1,48,0,high,1.0,
29623,483082,1,7,12,0,70,1,1,1,48,0,low,0.14285714285714285,
29624,483083,1,1,12,0,45,2,10,1,48,0,high,1.0,
29625,483084,1,2,12,0,40,2,1,1,48,0,low,0.5,
29626,483085,1,3,12,7,75,1,10,1,48,0,low,0.3333333333333333,
29627,483086,3,3,12,0,65,1,1,1,48,0,high,1.0,
29628,483087,1,1,12,0,35,2,1,1,48,1,high,1.0,
29629,483088,1,1,12,0,70,1,10,1,48,0,high,1.0,
29630,483089,1,1,12,0,50,2,2,2,48,0,high,1.0,
29631,483090,1,5,12,0,65,3,10,1,48,0,low,0.2,
29632,483091,1,1,12,0,30,3,2,2,48,1,high,1.0,
29633,483092,1,3,12,1,75,2,1,1,48,0,low,0.3333333333333333,
29634,483093,1,1,12,0,70,2,1,1,48,0,high,1.0,
29635,483094,1,1,12,0,60,2,2,2,48,1,high,1.0,
29636,483095,1,1,12,0,55,2,1,2,48,0,high,1.0,
29637,483096,1,6,12,0,30,2,1,1,48,0,low,0.16666666666666666,
29638,483097,1,2,12,6,0,2,1,0,48,0,low,0.5,
29639,483098,2,3,12,6,98,1,1,98,48,0,high,0.6666666666666666,
29640,483099,1,1,12,0,40,9,1,1,48,1,high,1.0,
29641,483100,1,1,12,0,60,2,1,1,48,0,high,1.0,
29642,483101,1,1,5,0,30,2,10,1,48,0,high,1.0,
29643,483102,1,2,5,0,30,3,1,1,48,0,low,0.5,
29644,483103,1,3,6,2,65,3,1,1,48,1,low,0.3333333333333333,
29645,483104,1,3,7,0,30,3,1,1,48,1,low,0.3333333333333333,
29646,483105,1,1,8,0,30,1,1,1,48,1,high,1.0,
29647,483106,2,1,8,0,30,1,1,1,48,0,high,2.0,
29648,483107,1,2,11,1,75,2,1,1,48,0,low,0.5,
29649,483108,1,1,11,0,40,1,1,1,48,0,high,1.0,
29650,483109,1,1,11,0,30,3,1,1,48,1,high,1.0,
29651,483110,1,1,11,0,75,2,1,1,48,0,high,1.0,
29652,483111,1,2,11,11,40,1,10,1,48,0,low,0.5,
29653,483112,1,3,11,6,70,1,2,2,48,0,low,0.3333333333333333,
29654,483113,1,2,12,6,80,1,1,1,48,0,low,0.5,
29655,483114,1,3,12,6,99,1,1,1,48,0,low,0.3333333333333333,
29656,483115,1,1,12,0,99,6,1,1,48,0,high,1.0,
29657,483116,1,2,12,6,35,3,1,1,48,0,low,0.5,
29658,483118,1,2,12,6,55,2,2,2,48,0,low,0.5,
29659,483119,1,1,12,0,60,2,1,1,48,0,high,1.0,
29660,483120,1,2,12,1,60,3,5,2,48,0,low,0.5,
29661,483121,1,1,12,0,40,2,10,1,48,1,high,1.0,
29662,483122,1,1,12,0,65,1,1,1,48,0,high,1.0,
29663,483123,1,1,12,0,30,3,2,2,48,0,high,1.0,
29664,483124,1,3,12,0,70,2,10,1,48,0,low,0.3333333333333333,
29665,483125,2,8,12,1,55,1,2,2,48,0,low,0.25,
29666,483126,1,2,12,0,35,2,10,1,48,0,low,0.5,
29667,483127,1,1,12,0,60,2,1,4,48,0,high,1.0,
29668,483128,1,1,12,0,70,2,10,1,48,0,high,1.0,
29669,483129,1,4,12,2,75,1,10,1,48,0,low,0.25,
29670,483130,1,2,12,7,60,3,1,1,48,1,low,0.5,
29671,483131,1,1,12,0,75,2,5,4,48,1,high,1.0,
29672,483132,1,2,12,6,45,3,1,1,48,1,low,0.5,
29673,483133,1,3,12,6,55,1,1,1,48,0,low,0.3333333333333333,
29674,483134,1,2,12,1,35,3,1,1,48,1,low,0.5,
29675,483135,1,4,8,6,0,1,1,0,48,0,low,0.25,
29676,483136,1,2,12,2,98,1,1,1,48,0,low,0.5,
29677,483137,1,1,12,0,0,1,10,0,48,0,high,1.0,
29678,483138,1,1,12,0,99,1,1,1,48,0,high,1.0,
29679,483139,1,1,12,0,35,3,2,2,48,1,high,1.0,
29680,483140,1,1,12,0,55,2,2,2,48,0,high,1.0,
29681,483141,1,3,6,6,45,3,1,1,48,0,low,0.3333333333333333,
29682,483142,1,2,9,0,60,1,1,1,48,0,low,0.5,
29683,483143,1,5,9,6,45,3,1,1,48,0,low,0.2,
29684,483144,1,3,11,6,98,1,10,1,48,0,low,0.3333333333333333,
29685,483145,1,7,11,0,45,2,1,1,48,0,low,0.14285714285714285,
29686,483146,1,2,11,6,0,1,10,0,48,0,low,0.5,
29687,483147,1,3,11,0,40,2,10,2,48,0,low,0.3333333333333333,
29688,483148,1,2,11,0,30,2,2,2,48,1,low,0.5,
29689,483149,1,1,11,0,60,1,2,2,48,0,high,1.0,
29690,483150,1,2,12,6,55,1,1,1,48,0,low,0.5,
29691,483151,1,1,12,0,30,1,1,1,48,0,high,1.0,
29692,483152,1,2,12,6,98,1,1,1,48,0,low,0.5,
29693,483153,1,2,12,7,40,3,1,1,48,1,low,0.5,
29694,483154,1,2,12,0,35,3,1,1,48,1,low,0.5,
29695,483155,1,2,12,1,75,1,1,1,48,0,low,0.5,
29696,483156,1,2,12,0,75,2,10,1,48,0,low,0.5,
29697,483157,1,2,12,2,55,3,1,1,48,0,low,0.5,
29698,483158,1,1,12,0,30,2,1,1,48,1,high,1.0,
29699,483159,1,1,12,0,55,2,10,2,48,0,high,1.0,
29700,483160,1,3,12,7,65,5,1,1,48,0,low,0.3333333333333333,
29701,483161,1,3,12,0,55,2,1,1,48,0,low,0.3333333333333333,
29702,483162,1,6,12,6,98,2,2,2,48,1,low,0.16666666666666666,
29703,483163,1,2,12,6,70,1,1,1,48,0,low,0.5,
29704,483164,1,11,12,0,75,2,2,2,48,0,low,0.09090909090909091,
29705,483165,1,5,12,2,60,2,1,1,48,0,low,0.2,
29706,483166,1,5,12,1,45,1,1,1,48,0,low,0.2,
29707,483167,1,5,12,6,98,2,1,98,48,0,low,0.2,
29708,483168,1,2,12,6,98,3,1,98,48,1,low,0.5,
29709,483169,1,1,12,0,30,2,1,1,48,1,high,1.0,
29710,483170,1,1,12,0,80,1,4,4,48,0,high,1.0,
29711,483172,1,1,7,0,65,2,1,1,48,0,high,1.0,
29712,483173,1,2,7,6,35,1,1,1,48,0,low,0.5,
29713,483174,1,1,11,0,99,1,1,1,48,0,high,1.0,
29714,483175,1,1,12,0,50,3,2,2,48,0,high,1.0,
29715,483176,1,2,12,1,65,2,1,1,48,1,low,0.5,
29716,483177,1,3,12,6,99,3,1,1,48,0,low,0.3333333333333333,
29717,483178,1,2,11,0,75,2,10,1,48,0,low,0.5,
29718,483179,1,2,12,7,75,2,1,1,48,1,low,0.5,
29719,483180,1,2,12,6,50,3,1,1,48,0,low,0.5,
29720,483181,1,1,4,0,30,3,10,1,48,0,high,1.0,
29721,483182,1,1,5,0,30,2,2,6,48,0,high,1.0,
29722,483183,1,2,10,6,99,1,2,2,48,0,low,0.5,
29723,483184,1,8,10,2,60,1,1,1,48,0,low,0.125,
29724,483185,1,2,4,0,40,2,1,1,48,0,low,0.5,
29725,483186,1,6,10,6,98,1,1,98,48,0,low,0.16666666666666666,
29726,483187,3,4,2,2,70,1,1,1,48,0,high,0.75,
29727,483188,1,1,11,0,45,2,10,1,48,0,high,1.0,
29728,483189,1,1,12,0,40,3,1,1,48,0,high,1.0,
29729,483190,1,3,12,6,50,3,1,1,48,2,low,0.3333333333333333,
29730,483191,1,2,9,2,75,2,1,1,48,0,low,0.5,
29731,483192,1,4,11,8,55,2,1,2,48,0,low,0.25,
29732,483193,1,2,12,0,50,3,1,2,48,0,low,0.5,
29733,483194,1,4,12,6,70,2,10,1,48,1,low,0.25,
29734,483195,1,1,12,0,40,2,1,1,48,0,high,1.0,
29735,490001,1,2,1,2,99,1,1,1,49,0,low,0.5,
29736,490002,1,2,1,0,40,3,2,2,49,0,low,0.5,
29737,490003,1,2,1,6,35,1,10,1,49,0,low,0.5,
29738,490004,1,3,1,0,35,3,1,1,49,0,low,0.3333333333333333,
29739,490005,1,2,1,1,50,2,10,1,49,0,low,0.5,
29740,490006,1,2,1,0,30,2,2,2,49,0,low,0.5,
29741,490007,1,3,1,6,55,1,1,1,49,0,low,0.3333333333333333,
29742,490008,1,5,1,2,45,2,1,1,49,0,low,0.2,
29743,490009,1,1,1,0,35,3,1,1,49,0,high,1.0,
29744,490010,1,1,1,0,98,1,1,4,49,0,high,1.0,
29745,490011,1,10,2,6,25,1,2,2,49,0,low,0.1,
29746,490012,1,2,2,2,55,2,2,2,49,0,low,0.5,
29747,490013,1,1,2,0,25,2,1,1,49,0,high,1.0,
29748,490014,1,1,2,0,45,2,1,1,49,0,high,1.0,
29749,490015,1,2,2,0,40,3,1,1,49,0,low,0.5,
29750,490016,1,3,2,0,25,1,1,1,49,0,low,0.3333333333333333,
29751,490017,1,2,1,6,45,3,1,1,49,0,low,0.5,
29752,490018,1,1,2,0,45,2,10,2,49,1,high,1.0,
29753,490019,1,1,2,0,45,2,1,1,49,1,high,1.0,
29754,490020,1,1,1,0,25,3,1,1,49,0,high,1.0,
29755,490021,1,1,2,0,65,2,1,1,49,0,high,1.0,
29756,490022,1,3,2,0,55,2,10,1,49,1,low,0.3333333333333333,
29757,490023,1,1,2,0,65,1,1,1,49,0,high,1.0,
29758,490024,1,1,2,0,30,2,1,1,49,0,high,1.0,
29759,490025,1,3,2,8,65,2,10,1,49,0,low,0.3333333333333333,
29760,490026,1,2,2,6,40,3,1,1,49,0,low,0.5,
29761,490027,1,8,3,0,40,1,1,1,49,1,low,0.125,
29762,490028,1,1,3,0,35,1,1,1,49,0,high,1.0,
29763,490029,1,1,2,0,80,2,1,1,49,1,high,1.0,
29764,490030,1,2,3,0,40,9,1,1,49,1,low,0.5,
29765,490031,1,1,1,0,35,9,1,1,49,0,high,1.0,
29766,490032,1,2,3,2,65,2,1,1,49,0,low,0.5,
29767,490033,1,1,3,0,65,1,10,1,49,0,high,1.0,
29768,490034,1,1,3,0,50,1,1,1,49,0,high,1.0,
29769,490035,1,1,3,0,25,1,1,1,49,0,high,1.0,
29770,490036,1,6,3,2,40,3,1,1,49,0,low,0.16666666666666666,
29771,490037,1,1,3,0,25,1,1,1,49,0,high,1.0,
29772,490038,1,4,3,6,45,4,1,1,49,0,low,0.25,
29773,490039,1,2,3,0,55,1,1,1,49,1,low,0.5,
29774,490040,1,2,1,6,40,3,10,2,49,1,low,0.5,
29775,490042,2,3,3,6,65,1,1,1,49,1,high,0.6666666666666666,
29776,490043,1,6,3,6,40,3,1,1,49,0,low,0.16666666666666666,
29777,490045,1,5,3,0,80,1,1,1,49,0,low,0.2,
29778,490046,2,5,3,2,70,2,1,1,49,1,low,0.4,