,ST_CASE,FATALS,PERSONS,MONTH,MAN_COLL,VSPD_LIM,LGT_COND,WEATHER,VSURCOND,STATE,DRUNK_DR,rate,rate_numerical,arrival_time
31375,540108,1,1,6,0,55,4,1,1,54,0,high,1.0,
31376,540109,1,3,5,0,70,1,1,1,54,0,low,0.3333333333333333,
31377,540110,1,3,6,8,40,4,1,1,54,1,low,0.3333333333333333,
31378,540111,1,6,6,6,40,1,1,1,54,0,low,0.16666666666666666,
31379,540112,2,4,6,6,55,1,1,1,54,0,low,0.5,
31380,540113,1,3,7,2,55,1,1,1,54,0,low,0.3333333333333333,
31381,540114,1,1,7,0,55,2,1,1,54,1,high,1.0,
31382,540115,1,1,7,0,70,1,2,2,54,0,high,1.0,
31383,540116,1,1,7,0,70,5,2,6,54,0,high,1.0,
31384,540117,1,1,7,0,55,2,1,1,54,1,high,1.0,
31385,540118,1,1,7,0,45,2,1,1,54,1,high,1.0,
31386,540119,1,1,7,0,98,1,1,1,54,0,high,1.0,
31387,540120,1,1,7,0,55,1,1,1,54,0,high,1.0,
31388,540121,1,3,7,2,55,1,1,1,54,0,low,0.3333333333333333,
31389,540122,1,1,7,0,35,2,1,1,54,1,high,1.0,
31390,540123,1,1,7,0,55,1,1,1,54,1,high,1.0,
31391,540124,1,1,7,0,35,2,1,1,54,0,high,1.0,
31392,540125,1,1,7,0,35,1,1,1,54,0,high,1.0,
31393,540126,1,1,7,0,55,2,1,1,54,1,high,1.0,
31394,540127,1,5,7,1,25,1,1,1,54,0,low,0.2,
31395,540128,1,3,7,8,45,1,10,2,54,1,low,0.3333333333333333,
31396,540129,1,2,7,6,55,1,1,1,54,1,low,0.5,
31397,540130,1,3,7,1,55,2,1,1,54,1,low,0.3333333333333333,
31398,540131,1,2,7,6,40,1,10,1,54,0,low,0.5,
31399,540132,2,6,7,1,45,2,1,1,54,1,low,0.3333333333333333,
31400,540133,1,3,7,0,55,1,1,1,54,0,low,0.3333333333333333,
31401,540135,2,8,7,1,55,1,1,1,54,0,low,0.25,
31402,540136,1,4,7,6,35,1,1,1,54,0,low,0.25,
31403,540137,1,2,7,6,45,1,1,1,54,0,low,0.5,
31404,540138,1,2,7,7,70,1,1,1,54,1,low,0.5,
31405,540140,1,3,8,0,55,5,1,1,54,0,low,0.3333333333333333,
31406,540141,1,1,8,0,55,1,1,1,54,1,high,1.0,
31407,540142,1,1,8,0,45,2,10,1,54,0,high,1.0,
31408,540143,1,1,8,0,35,2,5,1,54,1,high,1.0,
31409,540144,2,4,8,0,55,2,1,1,54,1,low,0.5,
31410,540145,1,1,8,0,45,2,1,1,54,1,high,1.0,
31411,540146,1,2,8,0,30,2,1,1,54,1,low,0.5,
31412,540147,1,1,8,0,35,2,2,2,54,0,high,1.0,
31413,540148,1,7,6,1,50,1,1,1,54,0,low,0.14285714285714285,
31414,540149,1,1,8,0,25,1,1,1,54,0,high,1.0,
31415,540150,1,2,8,0,45,1,1,1,54,1,low,0.5,
31416,540151,1,1,8,0,55,4,1,1,54,0,high,1.0,
31417,540152,1,1,8,0,35,2,1,1,54,1,high,1.0,
31418,540153,1,1,8,0,55,1,1,1,54,0,high,1.0,
31419,540154,1,1,8,0,40,1,1,1,54,0,high,1.0,
31420,540155,1,1,8,0,30,1,1,1,54,1,high,1.0,
31421,540156,1,2,8,6,35,5,1,1,54,1,low,0.5,
31422,540157,1,2,8,6,45,1,1,1,54,0,low,0.5,
31423,540158,1,6,8,6,55,2,1,1,54,0,low,0.16666666666666666,
31424,540159,2,3,8,6,45,1,1,1,54,1,high,0.6666666666666666,
31425,540160,1,2,8,2,45,1,1,1,54,0,low,0.5,
31426,540161,1,1,8,0,20,2,1,1,54,1,high,1.0,
31427,540162,1,2,8,6,70,1,1,1,54,0,low,0.5,
31428,540163,2,3,8,2,65,2,1,1,54,0,high,0.6666666666666666,
31429,540164,1,3,8,2,55,2,1,1,54,1,low,0.3333333333333333,
31430,540165,1,1,8,0,55,2,1,1,54,1,high,1.0,
31431,540166,1,4,8,7,55,1,10,1,54,0,low,0.25,
31432,540167,1,5,8,6,55,1,1,1,54,1,low,0.2,
31433,540168,1,4,8,2,40,1,1,1,54,0,low,0.25,
31434,540169,1,2,8,1,45,5,1,1,54,1,low,0.5,
31435,540170,1,2,8,6,35,1,1,1,54,0,low,0.5,
31436,540171,1,1,9,0,40,1,1,1,54,0,high,1.0,
31437,540172,1,3,9,0,35,1,1,1,54,0,low,0.3333333333333333,
31438,540173,1,1,9,0,55,1,1,1,54,1,high,1.0,
31439,540174,1,1,9,0,55,3,10,1,54,0,high,1.0,
31440,540175,1,1,9,0,0,1,1,2,54,0,high,1.0,
31441,540176,1,2,9,0,30,2,1,1,54,1,low,0.5,
31442,540177,1,1,9,0,55,2,5,1,54,0,high,1.0,
31443,540178,1,4,9,0,40,3,2,2,54,0,low,0.25,
31444,540179,1,1,9,0,55,2,2,2,54,0,high,1.0,
31445,540181,1,2,9,2,55,1,1,1,54,0,low,0.5,
31446,540182,1,3,9,6,55,1,1,1,54,0,low,0.3333333333333333,
31447,540183,1,5,9,0,45,1,1,1,54,0,low,0.2,
31448,540184,1,3,9,6,40,1,1,1,54,0,low,0.3333333333333333,
31449,540185,1,3,9,2,50,1,1,1,54,1,low,0.3333333333333333,
31450,540186,1,7,9,6,55,1,2,2,54,0,low,0.14285714285714285,
31451,540187,2,3,10,0,35,1,2,2,54,0,high,0.6666666666666666,
31452,540188,1,3,10,0,35,2,10,1,54,0,low,0.3333333333333333,
31453,540189,1,3,10,0,55,2,1,1,54,0,low,0.3333333333333333,
31454,540190,1,1,10,0,60,3,10,2,54,0,high,1.0,
31455,540191,1,1,10,0,55,1,1,1,54,0,high,1.0,
31456,540192,1,1,10,0,55,1,1,1,54,1,high,1.0,
31457,540193,2,2,10,0,35,1,1,1,54,0,high,1.0,
31458,540194,1,1,10,0,70,6,1,1,54,0,high,1.0,
31459,540195,1,3,10,0,55,1,1,1,54,0,low,0.3333333333333333,
31460,540196,1,1,10,0,65,2,1,1,54,0,high,1.0,
31461,540197,1,1,10,0,45,1,1,2,54,0,high,1.0,
31462,540198,1,1,10,0,55,1,10,1,54,0,high,1.0,
31463,540199,1,1,10,0,25,1,1,1,54,0,high,1.0,
31464,540200,1,1,10,0,40,2,1,1,54,0,high,1.0,
31465,540201,1,1,10,0,35,2,1,1,54,1,high,1.0,
31466,540202,1,3,9,1,55,2,2,2,54,0,low,0.3333333333333333,
31467,540203,1,1,9,0,25,1,10,1,54,1,high,1.0,
31468,540204,1,2,10,6,55,2,1,1,54,0,low,0.5,
31469,540205,1,2,10,7,70,1,1,1,54,0,low,0.5,
31470,540206,1,3,8,0,35,2,1,1,54,1,low,0.3333333333333333,
31471,540207,1,1,8,0,35,2,2,2,54,1,high,1.0,
31472,540208,1,2,10,0,65,2,1,1,54,0,low,0.5,
31473,540209,3,4,10,1,70,1,1,1,54,0,high,0.75,
31474,540210,1,2,10,2,30,2,1,1,54,1,low,0.5,
31475,540211,3,6,10,2,55,1,1,1,54,0,low,0.5,
31476,540212,1,3,10,2,35,1,1,1,54,0,low,0.3333333333333333,
31477,540213,1,2,10,2,55,1,1,1,54,0,low,0.5,
31478,540214,1,2,10,6,25,3,2,2,54,0,low,0.5,
31479,540215,2,4,10,0,70,2,2,2,54,0,low,0.5,
31480,540216,1,2,10,6,65,1,2,2,54,0,low,0.5,
31481,540217,1,1,11,0,55,2,1,1,54,1,high,1.0,
31482,540218,1,1,11,0,35,2,1,1,54,1,high,1.0,
31483,540219,1,1,11,0,55,1,10,1,54,0,high,1.0,
31484,540220,1,1,11,0,55,1,1,1,54,0,high,1.0,
31485,540221,1,1,11,0,45,1,1,1,54,0,high,1.0,
31486,540222,1,1,11,0,35,2,10,1,54,0,high,1.0,
31487,540223,1,1,11,0,35,1,1,1,54,0,high,1.0,
31488,540224,1,8,11,1,55,2,1,1,54,0,low,0.125,
31489,540225,1,3,11,6,35,4,5,1,54,0,low,0.3333333333333333,
31490,540226,1,3,11,6,45,1,1,1,54,0,low,0.3333333333333333,
31491,540227,1,3,11,6,70,2,2,2,54,0,low,0.3333333333333333,
31492,540228,1,3,11,0,30,1,1,1,54,0,low,0.3333333333333333,
31493,540229,1,2,11,2,55,1,1,1,54,1,low,0.5,
31494,540230,1,6,11,8,45,1,1,1,54,0,low,0.16666666666666666,
31495,540231,1,1,11,0,40,1,1,2,54,0,high,1.0,
31496,540232,1,1,11,0,30,2,2,2,54,1,high,1.0,
31497,540233,1,1,12,0,55,2,1,1,54,0,high,1.0,
31498,540234,1,1,11,0,45,1,1,1,54,0,high,1.0,
31499,540235,1,2,11,0,25,2,10,1,54,0,low,0.5,
31500,540236,1,1,12,0,35,2,1,1,54,1,high,1.0,
31501,540237,1,1,12,0,45,1,1,1,54,0,high,1.0,
31502,540238,1,1,12,0,30,4,1,1,54,1,high,1.0,
31503,540239,1,1,12,0,55,2,1,1,54,0,high,1.0,
31504,540240,1,2,12,0,65,1,1,1,54,0,low,0.5,
31505,540241,1,1,12,0,55,2,2,2,54,1,high,1.0,
31506,540242,1,2,12,0,55,1,2,2,54,0,low,0.5,
31507,540243,1,6,12,6,55,2,2,2,54,0,low,0.16666666666666666,
31508,540244,2,2,12,2,55,1,1,1,54,0,high,1.0,
31509,540245,1,3,12,6,55,2,10,1,54,0,low,0.3333333333333333,
31510,540246,3,3,12,2,55,1,1,1,54,0,high,1.0,
31511,540247,1,2,12,6,70,2,11,4,54,0,low,0.5,
31512,540248,1,2,12,6,35,2,1,1,54,0,low,0.5,
31513,540249,1,3,12,2,55,1,10,1,54,0,low,0.3333333333333333,
31514,550001,1,1,1,0,45,2,1,1,55,1,high,1.0,
31515,550002,1,3,1,1,55,3,1,1,55,0,low,0.3333333333333333,
31516,550003,1,3,1,1,65,3,10,1,55,0,low,0.3333333333333333,
31517,550004,1,2,1,0,65,1,4,3,55,0,low,0.5,
31518,550005,1,5,1,6,55,2,10,4,55,0,low,0.2,
31519,550006,1,1,1,0,55,2,10,3,55,1,high,1.0,
31520,550007,1,1,1,0,25,1,10,3,55,0,high,1.0,
31521,550008,1,2,1,0,65,1,11,4,55,0,low,0.5,
31522,550009,2,3,1,2,55,2,10,1,55,0,high,0.6666666666666666,
31523,550010,1,3,1,6,55,1,1,4,55,0,low,0.3333333333333333,
31524,550011,1,4,1,6,55,1,11,4,55,0,low,0.25,
31525,550012,1,2,1,6,45,1,10,3,55,0,low,0.5,
31526,550013,1,1,1,0,55,1,1,3,55,0,high,1.0,
31527,550014,1,1,1,0,0,1,10,0,55,0,high,1.0,
31528,550015,1,1,1,0,55,1,1,3,55,0,high,1.0,
31529,550016,1,1,1,0,98,4,10,3,55,0,high,1.0,
31530,550017,1,2,1,6,55,2,1,1,55,1,low,0.5,
31531,550018,1,2,1,6,55,2,12,4,55,0,low,0.5,
31532,550019,2,5,1,8,55,1,1,1,55,0,low,0.4,
31533,550020,1,2,1,0,40,2,1,1,55,1,low,0.5,
31534,550021,1,2,1,6,25,1,10,1,55,0,low,0.5,
31535,550022,1,1,1,0,35,3,10,2,55,1,high,1.0,
31536,550023,2,3,1,0,55,2,10,2,55,0,high,0.6666666666666666,
31537,550024,1,1,1,0,0,3,1,0,55,0,high,1.0,
31538,550025,1,3,1,2,55,1,10,1,55,0,low,0.3333333333333333,
31539,550026,1,2,1,2,55,2,10,3,55,0,low,0.5,
31540,550027,1,4,1,11,55,2,1,2,55,0,low,0.25,
31541,550028,1,1,1,0,55,2,3,2,55,0,high,1.0,
31542,550029,1,1,1,0,45,2,10,1,55,1,high,1.0,
31543,550030,1,3,1,0,45,5,1,4,55,0,low,0.3333333333333333,
31544,550031,2,2,2,2,55,1,1,1,55,0,high,1.0,
31545,550032,1,2,1,0,25,3,1,3,55,0,low,0.5,
31546,550033,1,2,2,6,55,1,1,3,55,0,low,0.5,
31547,550034,1,3,2,2,55,1,1,1,55,0,low,0.3333333333333333,
31548,550035,3,3,2,6,55,1,1,1,55,1,high,1.0,
31549,550036,1,3,2,0,55,2,4,3,55,0,low,0.3333333333333333,
31550,550037,1,2,2,6,55,1,3,10,55,0,low,0.5,
31551,550039,2,12,2,6,25,1,1,1,55,0,low,0.16666666666666666,
31552,550040,1,4,2,6,55,1,10,1,55,0,low,0.25,
31553,550041,1,2,2,6,55,1,4,3,55,0,low,0.5,
31554,550043,1,1,2,0,45,1,1,4,55,0,high,1.0,
31555,550044,1,1,2,0,45,2,1,1,55,0,high,1.0,
31556,550045,1,3,2,2,55,1,1,1,55,0,low,0.3333333333333333,
31557,550046,1,3,2,6,55,1,1,1,55,0,low,0.3333333333333333,
31558,550047,1,3,2,1,55,1,1,1,55,0,low,0.3333333333333333,
31559,550048,1,9,1,2,50,3,10,1,55,1,low,0.1111111111111111,
31560,550049,1,1,2,0,25,3,1,1,55,1,high,1.0,
31561,550050,1,1,2,0,55,9,99,1,55,1,high,1.0,
31562,550051,1,1,2,0,55,9,99,1,55,1,high,1.0,
31563,550052,1,2,2,0,30,3,1,1,55,0,low,0.5,
31564,550053,1,2,2,2,55,2,1,1,55,2,low,0.5,
31565,550054,1,6,2,6,55,2,1,1,55,0,low,0.16666666666666666,
31566,550055,1,2,2,0,45,2,1,1,55,1,low,0.5,
31567,550056,1,2,3,6,65,1,4,3,55,0,low,0.5,
31568,550057,1,1,3,0,55,1,1,3,55,0,high,1.0,
31569,550058,1,2,3,1,65,1,1,1,55,0,low,0.5,
31570,550059,1,2,3,0,55,1,1,1,55,0,low,0.5,
31571,550060,1,2,3,6,45,1,10,1,55,0,low,0.5,
31572,550061,1,1,3,0,55,2,1,1,55,1,high,1.0,
31573,550062,1,2,3,0,65,5,1,1,55,0,low,0.5,
31574,550063,1,2,3,0,45,1,1,1,55,1,low,0.5,
31575,550064,1,2,3,0,55,1,1,1,55,1,low,0.5,
31576,550065,1,2,3,0,45,5,10,1,55,1,low,0.5,
31577,550066,1,1,3,0,55,2,10,1,55,1,high,1.0,
31578,550067,1,2,3,2,55,2,1,1,55,1,low,0.5,
31579,550068,1,1,3,0,55,1,10,1,55,1,high,1.0,
31580,550069,1,2,3,6,55,1,10,1,55,0,low,0.5,
31581,550070,1,1,3,0,55,2,1,1,55,0,high,1.0,
31582,550071,1,1,3,0,55,2,1,1,55,1,high,1.0,
31583,550072,1,2,3,0,35,3,1,1,55,1,low,0.5,
31584,550073,1,1,3,0,35,2,1,1,55,1,high,1.0,
31585,550074,1,1,3,0,45,1,1,1,55,0,high,1.0,
31586,550075,1,2,3,0,65,3,1,1,55,0,low,0.5,
31587,550076,1,2,3,6,55,1,1,1,55,1,low,0.5,
31588,550077,1,3,3,0,99,3,1,1,55,0,low,0.3333333333333333,
31589,550078,1,3,3,6,30,3,10,1,55,0,low,0.3333333333333333,
31590,550079,1,1,3,0,55,4,10,1,55,0,high,1.0,
31591,550080,1,1,3,0,55,2,10,2,55,1,high,1.0,
31592,550081,1,1,3,0,35,3,2,2,55,0,high,1.0,
31593,550082,1,2,3,2,55,1,10,3,55,0,low,0.5,
31594,550083,2,5,3,6,25,1,1,1,55,0,low,0.4,
31595,550084,1,2,3,6,35,3,1,1,55,1,low,0.5,
31596,550085,1,2,3,1,55,1,1,1,55,0,low,0.5,
31597,550086,2,1,3,0,55,4,1,1,55,0,high,2.0,
31598,550087,1,4,3,6,55,1,2,4,55,0,low,0.25,
31599,550088,1,2,3,0,45,1,4,3,55,0,low,0.5,
31600,550089,1,3,3,6,55,1,1,1,55,0,low,0.3333333333333333,
31601,550090,1,3,3,6,25,1,1,1,55,0,low,0.3333333333333333,
31602,550091,1,2,3,1,35,1,1,1,55,0,low,0.5,
31603,550092,1,1,3,0,35,5,10,1,55,1,high,1.0,
31604,550093,1,1,3,0,55,1,4,3,55,0,high,1.0,
31605,550094,1,1,4,0,55,2,10,1,55,1,high,1.0,
31606,550095,1,3,4,2,55,1,10,1,55,1,low,0.3333333333333333,
31607,550096,1,2,4,0,55,1,1,1,55,0,low,0.5,
31608,550097,1,5,4,6,55,2,1,1,55,0,low,0.2,
31609,550098,1,1,4,0,25,2,10,1,55,1,high,1.0,
31610,550099,1,1,4,0,35,3,2,2,55,0,high,1.0,
31611,550100,1,1,4,0,55,2,10,1,55,0,high,1.0,
31612,550101,1,2,4,0,55,4,10,1,55,0,low,0.5,
31613,550102,1,1,4,0,55,4,10,1,55,0,high,1.0,
31614,550103,1,1,4,0,55,1,1,1,55,1,high,1.0,
31615,550104,1,7,4,7,55,2,1,1,55,2,low,0.14285714285714285,
31616,550105,1,3,4,6,35,3,1,1,55,0,low,0.3333333333333333,
31617,550106,1,4,4,6,40,1,1,1,55,0,low,0.25,
31618,550107,1,1,4,0,25,1,1,1,55,0,high,1.0,
31619,550108,1,5,4,2,55,2,1,1,55,0,low,0.2,
31620,550109,1,2,4,6,45,1,1,1,55,0,low,0.5,
31621,550110,1,7,4,0,25,1,1,1,55,0,low,0.14285714285714285,
31622,550111,1,1,4,0,55,1,1,1,55,0,high,1.0,
31623,550112,1,5,4,6,25,3,2,2,55,0,low,0.2,
31624,550113,1,5,4,2,30,3,1,1,55,1,low,0.2,
31625,550114,1,1,4,0,55,2,10,1,55,1,high,1.0,
31626,550115,1,3,4,6,45,2,10,1,55,1,low,0.3333333333333333,
31627,550116,2,2,4,0,35,3,1,1,55,1,high,1.0,
31628,550117,1,1,4,0,65,1,10,1,55,0,high,1.0,
31629,550118,1,1,4,0,30,5,1,1,55,1,high,1.0,
31630,550119,1,1,4,0,55,2,10,1,55,1,high,1.0,
31631,550120,1,10,4,0,55,2,1,1,55,0,low,0.1,
31632,550121,1,5,4,6,25,1,10,1,55,0,low,0.2,
31633,550122,1,3,4,0,55,2,1,1,55,1,low,0.3333333333333333,
31634,550123,1,2,4,6,25,1,1,1,55,0,low,0.5,
31635,550124,1,1,4,0,99,1,1,1,55,0,high,1.0,
31636,550125,2,2,4,1,55,1,1,1,55,0,high,1.0,
31637,550126,1,2,4,2,55,1,1,1,55,0,low,0.5,
31638,550127,1,1,4,0,55,2,99,99,55,1,high,1.0,
31639,550128,1,1,4,0,40,1,1,1,55,0,high,1.0,
31640,550129,1,1,4,0,45,2,1,1,55,1,high,1.0,
31641,550130,1,2,4,0,0,1,1,0,55,0,low,0.5,
31642,550131,1,2,4,0,55,1,1,1,55,0,low,0.5,
31643,550132,1,4,5,6,35,1,1,1,55,0,low,0.25,
31644,550133,1,2,5,0,25,1,10,1,55,0,low,0.5,
31645,550134,1,6,4,1,65,1,1,1,55,0,low,0.16666666666666666,
31646,550135,1,2,4,6,25,1,1,1,55,0,low,0.5,
31647,550136,1,2,5,6,30,1,1,1,55,1,low,0.5,
31648,550137,1,1,4,0,30,3,1,1,55,0,high,1.0,
31649,550138,1,1,5,0,45,1,1,11,55,0,high,1.0,
31650,550139,1,2,4,6,15,1,1,1,55,0,low,0.5,
31651,550140,1,1,4,0,40,1,1,1,55,0,high,1.0,
31652,550141,1,1,5,0,65,2,10,1,55,1,high,1.0,
31653,550142,1,1,5,0,55,2,10,1,55,1,high,1.0,
31654,550143,1,2,5,0,55,5,1,1,55,0,low,0.5,
31655,550144,1,1,4,0,25,1,1,1,55,0,high,1.0,
31656,550145,1,2,5,0,45,1,10,1,55,1,low,0.5,
31657,550146,1,1,5,0,55,2,1,1,55,0,high,1.0,
31658,550147,1,2,5,6,55,2,1,1,55,0,low,0.5,
31659,550148,1,2,5,6,35,1,1,1,55,0,low,0.5,
31660,550149,1,1,5,0,45,1,10,1,55,0,high,1.0,
31661,550150,1,2,5,0,30,2,10,1,55,1,low,0.5,
31662,550151,1,5,5,6,45,1,10,1,55,0,low,0.2,
31663,550152,1,1,5,0,30,3,2,2,55,1,high,1.0,
31664,550153,1,3,5,6,35,1,10,1,55,0,low,0.3333333333333333,
31665,550154,2,4,5,6,55,1,10,1,55,1,low,0.5,
31666,550155,2,2,5,0,55,2,1,1,55,0,high,1.0,
31667,550156,1,2,5,0,55,1,10,1,55,0,low,0.5,
31668,550157,1,2,5,6,98,1,1,1,55,1,low,0.5,
31669,550158,1,3,5,6,55,1,1,1,55,0,low,0.3333333333333333,
31670,550159,1,2,5,6,55,1,10,1,55,0,low,0.5,
31671,550160,1,3,5,0,55,2,1,1,55,1,low,0.3333333333333333,
31672,550161,1,1,5,0,30,3,1,1,55,1,high,1.0,
31673,550163,1,6,5,6,35,3,1,1,55,0,low,0.16666666666666666,
31674,550164,1,4,5,0,55,1,1,1,55,0,low,0.25,
31675,550165,1,3,5,6,30,1,1,1,55,0,low,0.3333333333333333,
31676,550166,2,3,5,6,30,3,1,1,55,2,high,0.6666666666666666,
31677,550167,1,3,5,2,55,4,10,1,55,0,low,0.3333333333333333,
31678,550168,1,3,5,6,55,1,10,1,55,0,low,0.3333333333333333,
31679,550169,1,1,5,0,55,4,1,1,55,1,high,1.0,
31680,550170,1,1,5,0,55,1,10,1,55,0,high,1.0,
31681,550171,1,1,5,0,55,5,1,1,55,1,high,1.0,
31682,550172,1,1,5,0,25,1,1,1,55,0,high,1.0,
31683,550173,1,2,5,2,55,2,1,1,55,1,low,0.5,
31684,550174,1,3,5,1,25,1,10,1,55,0,low,0.3333333333333333,
31685,550175,1,2,5,2,55,1,1,1,55,0,low,0.5,
31686,550176,1,1,5,0,55,1,1,1,55,0,high,1.0,
31687,550177,1,1,5,0,25,1,1,1,55,0,high,1.0,
31688,550178,1,3,5,6,35,1,1,1,55,1,low,0.3333333333333333,
31689,550179,1,4,5,6,25,3,1,1,55,0,low,0.25,
31690,550180,1,4,5,2,55,1,1,1,55,0,low,0.25,
31691,550182,3,3,5,1,55,1,2,2,55,0,high,1.0,
31692,550183,1,2,5,6,25,1,10,1,55,0,low,0.5,
31693,550184,1,1,5,0,35,1,10,1,55,1,high,1.0,
31694,550185,1,2,5,6,45,1,10,1,55,0,low,0.5,
31695,550186,1,0,5,0,55,1,10,1,55,0,high,inf,
31696,550187,1,2,5,0,30,3,2,2,55,0,low,0.5,
31697,550188,1,4,5,6,30,1,1,1,55,0,low,0.25,
31698,550189,1,2,6,0,30,3,10,1,55,0,low,0.5,
31699,550190,1,1,6,0,35,1,1,1,55,1,high,1.0,
31700,550191,1,2,6,6,98,1,1,1,55,0,low,0.5,
31701,550192,1,3,6,6,98,1,1,1,55,0,low,0.3333333333333333,
31702,550193,2,3,6,0,55,1,10,1,55,1,high,0.6666666666666666,
31703,550194,1,3,6,6,30,1,10,1,55,0,low,0.3333333333333333,
31704,550195,1,3,6,0,55,2,10,1,55,0,low,0.3333333333333333,
31705,550196,1,2,6,2,55,1,2,2,55,0,low,0.5,
31706,550197,1,3,6,6,45,1,1,1,55,0,low,0.3333333333333333,
31707,550198,1,4,6,1,65,2,10,1,55,0,low,0.25,
31708,550199,1,2,6,6,65,1,2,6,55,0,low,0.5,
31709,550200,1,2,6,6,40,1,1,1,55,0,low,0.5,
31710,550201,1,2,6,0,40,1,1,1,55,1,low,0.5,
31711,550202,1,2,6,6,55,1,1,1,55,0,low,0.5,
31712,550203,1,1,6,0,45,1,1,1,55,0,high,1.0,
31713,550204,1,3,6,6,55,1,1,1,55,0,low,0.3333333333333333,
31714,550205,1,2,6,0,35,1,1,1,55,0,low,0.5,
31715,550206,1,1,6,0,45,2,10,1,55,1,high,1.0,
31716,550207,1,1,6,0,45,1,1,1,55,1,high,1.0,
31717,550208,1,1,6,0,55,1,1,1,55,0,high,1.0,
31718,550209,1,1,6,0,45,2,1,1,55,1,high,1.0,
31719,550210,1,3,6,7,65,1,1,1,55,0,low,0.3333333333333333,
31720,550211,1,1,6,0,55,1,10,1,55,1,high,1.0,
31721,550212,2,4,6,6,25,1,10,1,55,1,low,0.5,
31722,550213,2,5,6,6,25,3,1,1,55,2,low,0.4,
31723,550214,1,6,6,2,55,1,1,1,55,0,low,0.16666666666666666,
31724,550215,1,2,6,0,70,1,10,1,55,0,low,0.5,
31725,550216,1,1,6,0,70,1,10,1,55,0,high,1.0,
31726,550217,1,3,6,2,55,1,1,1,55,0,low,0.3333333333333333,
31727,550218,1,2,6,0,55,1,10,1,55,1,low,0.5,
31728,550219,1,1,6,0,55,2,2,2,55,0,high,1.0,
31729,550220,1,2,6,6,45,1,10,1,55,0,low,0.5,
31730,550221,1,1,6,0,50,1,10,1,55,0,high,1.0,
31731,550222,1,2,6,0,70,1,1,1,55,0,low,0.5,
31732,550223,1,1,6,0,55,1,1,1,55,0,high,1.0,
31733,550224,1,2,6,0,55,5,1,1,55,1,low,0.5,
31734,550225,1,1,6,0,35,1,10,1,55,0,high,1.0,
31735,550226,1,3,6,6,30,3,1,1,55,1,low,0.3333333333333333,
31736,550227,1,2,7,6,55,1,1,1,55,0,low,0.5,
31737,550228,1,3,7,0,70,1,10,1,55,0,low,0.3333333333333333,
31738,550229,1,1,7,0,55,2,1,1,55,0,high,1.0,
31739,550230,1,2,7,8,55,2,1,1,55,0,low,0.5,
31740,550231,1,2,7,0,30,3,1,1,55,1,low,0.5,
31741,550232,1,1,7,0,98,2,1,1,55,1,high,1.0,
31742,550233,1,1,7,0,55,2,1,1,55,1,high,1.0,
31743,550234,1,4,7,2,55,2,10,1,55,0,low,0.25,
31744,550235,1,1,7,0,55,1,10,1,55,0,high,1.0,
31745,550236,1,7,7,8,35,1,1,1,55,1,low,0.14285714285714285,
31746,550237,1,8,7,6,35,1,1,1,55,1,low,0.125,
31747,550238,1,1,7,0,35,1,1,1,55,0,high,1.0,
31748,550239,1,5,7,6,55,1,1,1,55,1,low,0.2,
31749,550240,1,4,7,2,70,2,1,1,55,0,low,0.25,
31750,550241,1,1,7,0,40,1,10,1,55,0,high,1.0,
31751,550242,1,1,7,0,55,1,1,1,55,0,high,1.0,
31752,550243,1,2,7,0,35,3,1,1,55,1,low,0.5,
31753,550244,1,1,7,0,55,2,10,1,55,1,high,1.0,
31754,550245,1,2,7,2,35,1,1,1,55,0,low,0.5,
31755,550246,1,2,7,2,55,1,1,1,55,1,low,0.5,
31756,550247,1,2,7,1,55,2,10,1,55,1,low,0.5,
31757,550248,1,1,7,0,55,2,1,1,55,1,high,1.0,
31758,550249,1,1,7,0,25,1,1,1,55,1,high,1.0,
31759,550250,1,2,7,0,65,1,1,1,55,0,low,0.5,
31760,550251,2,2,7,0,45,1,10,1,55,0,high,1.0,
31761,550252,1,2,7,6,55,1,1,1,55,0,low,0.5,
31762,550253,1,1,7,0,65,2,10,1,55,1,high,1.0,
31763,550254,1,2,7,0,30,1,1,1,55,1,low,0.5,
31764,550255,1,6,7,2,55,1,10,1,55,0,low,0.16666666666666666,
31765,550256,1,3,7,6,55,1,1,1,55,0,low,0.3333333333333333,
31766,550257,1,1,7,0,25,1,10,1,55,0,high,1.0,
31767,550258,1,1,7,0,35,2,1,1,55,1,high,1.0,
31768,550259,1,2,7,6,55,1,1,1,55,0,low,0.5,