,ST_CASE,FATALS,PERSONS,MONTH,MAN_COLL,VSPD_LIM,LGT_COND,WEATHER,VSURCOND,STATE,DRUNK_DR,rate,rate_numerical,arrival_time
31769,550260,2,1,8,0,35,3,1,1,55,1,high,2.0,
31770,550261,1,1,8,0,30,3,1,1,55,1,high,1.0,
31771,550262,2,5,8,6,55,1,1,1,55,0,low,0.4,
31772,550263,1,2,8,0,55,2,1,1,55,0,low,0.5,
31773,550264,1,1,8,0,45,2,1,1,55,1,high,1.0,
31774,550265,1,1,8,0,25,5,1,1,55,1,high,1.0,
31775,550266,1,2,8,6,55,1,1,1,55,0,low,0.5,
31776,550267,1,2,8,0,55,1,1,1,55,0,low,0.5,
31777,550268,1,1,8,0,55,2,1,1,55,1,high,1.0,
31778,550269,1,2,8,0,45,4,1,1,55,1,low,0.5,
31779,550270,1,2,6,1,35,1,1,1,55,0,low,0.5,
31780,550271,1,1,7,0,55,2,1,1,55,1,high,1.0,
31781,550272,1,2,7,2,55,1,1,1,55,0,low,0.5,
31782,550273,1,1,7,0,5,1,1,1,55,0,high,1.0,
31783,550274,1,1,7,0,55,1,10,1,55,0,high,1.0,
31784,550275,1,2,8,1,70,2,2,2,55,0,low,0.5,
31785,550276,2,2,8,0,50,1,10,1,55,0,high,1.0,
31786,550277,1,3,8,1,70,1,2,2,55,0,low,0.3333333333333333,
31787,550278,1,1,8,0,35,1,10,1,55,1,high,1.0,
31788,550279,1,1,8,0,55,2,5,1,55,1,high,1.0,
31789,550280,1,4,8,2,55,1,10,1,55,0,low,0.25,
31790,550281,1,1,8,0,55,1,1,1,55,0,high,1.0,
31791,550282,2,5,8,2,55,2,10,1,55,1,low,0.4,
31792,550283,1,2,8,0,55,2,10,1,55,1,low,0.5,
31793,550284,1,2,8,6,45,1,1,1,55,0,low,0.5,
31794,550285,1,1,8,0,55,2,10,1,55,1,high,1.0,
31795,550286,1,1,8,0,55,2,1,1,55,1,high,1.0,
31796,550287,1,1,8,0,45,2,1,1,55,1,high,1.0,
31797,550288,1,2,8,1,65,1,1,1,55,0,low,0.5,
31798,550289,1,1,8,0,55,2,1,1,55,0,high,1.0,
31799,550290,1,1,8,0,30,3,1,1,55,0,high,1.0,
31800,550291,1,3,4,6,30,3,1,1,55,2,low,0.3333333333333333,
31801,550292,2,2,8,0,55,2,10,1,55,0,high,1.0,
31802,550293,1,2,8,2,55,1,10,1,55,0,low,0.5,
31803,550294,1,2,8,6,55,2,3,2,55,0,low,0.5,
31804,550295,1,1,8,0,30,3,1,1,55,0,high,1.0,
31805,550296,1,1,8,0,55,1,1,1,55,0,high,1.0,
31806,550297,1,3,8,6,35,1,10,1,55,0,low,0.3333333333333333,
31807,550298,1,2,8,6,65,1,10,1,55,0,low,0.5,
31808,550299,1,1,8,0,45,2,1,1,55,1,high,1.0,
31809,550300,1,4,8,1,55,1,1,1,55,0,low,0.25,
31810,550301,1,1,8,0,55,2,10,1,55,1,high,1.0,
31811,550302,1,1,8,0,55,4,1,1,55,0,high,1.0,
31812,550303,2,17,8,6,55,1,1,1,55,0,low,0.11764705882352941,
31813,550304,1,1,8,0,25,3,1,1,55,0,high,1.0,
31814,550305,1,1,8,0,55,2,10,1,55,0,high,1.0,
31815,550306,1,1,8,0,25,3,10,1,55,1,high,1.0,
31816,550308,1,3,8,1,70,1,10,1,55,0,low,0.3333333333333333,
31817,550309,1,5,8,6,70,1,10,1,55,0,low,0.2,
31818,550310,1,1,8,0,35,1,1,1,55,0,high,1.0,
31819,550311,1,3,8,2,55,1,10,1,55,0,low,0.3333333333333333,
31820,550312,1,1,8,0,55,2,10,1,55,0,high,1.0,
31821,550313,2,2,8,8,55,1,10,1,55,0,high,1.0,
31822,550314,1,1,8,0,40,2,2,2,55,1,high,1.0,
31823,550315,1,1,8,0,55,1,1,1,55,0,high,1.0,
31824,550316,2,2,8,0,30,2,1,1,55,1,high,1.0,
31825,550317,1,3,8,6,55,1,10,1,55,0,low,0.3333333333333333,
31826,550318,1,2,8,0,35,1,1,1,55,1,low,0.5,
31827,550319,1,2,8,7,30,1,1,1,55,1,low,0.5,
31828,550320,1,1,8,0,55,2,1,1,55,1,high,1.0,
31829,550321,1,1,8,0,45,2,10,1,55,0,high,1.0,
31830,550322,1,2,8,6,55,1,1,1,55,0,low,0.5,
31831,550323,1,1,8,0,98,2,1,1,55,1,high,1.0,
31832,550324,1,1,6,0,98,1,1,1,55,0,high,1.0,
31833,550325,1,1,10,0,98,1,1,1,55,1,high,1.0,
31834,550326,1,1,2,0,98,2,1,4,55,1,high,1.0,
31835,550327,1,1,7,0,98,1,1,1,55,1,high,1.0,
31836,550328,1,1,5,0,25,2,1,1,55,1,high,1.0,
31837,550329,1,1,1,0,25,2,1,3,55,0,high,1.0,
31838,550330,1,1,11,0,0,1,10,0,55,0,high,1.0,
31839,550331,1,1,11,0,98,1,10,99,55,0,high,1.0,
31840,550332,2,3,11,2,55,2,1,1,55,1,high,0.6666666666666666,
31841,550333,1,1,11,0,55,2,10,2,55,1,high,1.0,
31842,550335,1,5,11,0,30,1,1,1,55,0,low,0.2,
31843,550336,1,2,11,6,55,2,1,1,55,0,low,0.5,
31844,550337,1,1,11,0,30,3,1,1,55,0,high,1.0,
31845,550338,1,2,9,6,45,1,10,1,55,0,low,0.5,
31846,550339,1,3,11,6,35,3,1,1,55,1,low,0.3333333333333333,
31847,550340,1,3,11,0,25,3,10,1,55,0,low,0.3333333333333333,
31848,550341,1,2,11,0,55,2,1,1,55,1,low,0.5,
31849,550342,1,2,10,0,25,1,1,1,55,0,low,0.5,
31850,550343,1,1,6,0,55,2,1,1,55,1,high,1.0,
31851,550344,1,3,9,6,55,1,1,1,55,0,low,0.3333333333333333,
31852,550345,1,1,9,0,45,2,1,1,55,1,high,1.0,
31853,550346,1,2,9,0,55,1,1,1,55,0,low,0.5,
31854,550347,2,2,9,0,35,1,1,1,55,0,high,1.0,
31855,550348,1,2,9,6,55,1,1,1,55,0,low,0.5,
31856,550349,1,1,9,0,98,2,10,1,55,0,high,1.0,
31857,550350,1,3,9,0,70,2,10,1,55,0,low,0.3333333333333333,
31858,550351,1,3,9,1,65,1,1,1,55,0,low,0.3333333333333333,
31859,550352,1,1,10,0,55,1,2,2,55,0,high,1.0,
31860,550353,1,2,10,6,35,5,1,1,55,1,low,0.5,
31861,550354,1,1,11,0,25,3,10,2,55,1,high,1.0,
31862,550355,1,2,9,6,70,1,1,1,55,0,low,0.5,
31863,550356,1,4,9,6,55,1,1,1,55,0,low,0.25,
31864,550357,1,2,9,2,65,1,1,1,55,0,low,0.5,
31865,550358,1,1,9,0,35,9,2,2,55,1,high,1.0,
31866,550359,1,3,9,6,30,3,1,1,55,1,low,0.3333333333333333,
31867,550360,1,3,11,6,55,1,10,1,55,0,low,0.3333333333333333,
31868,550361,1,1,9,0,65,1,10,1,55,0,high,1.0,
31869,550362,1,4,11,2,30,3,1,1,55,2,low,0.25,
31870,550363,1,1,9,0,25,4,1,1,55,0,high,1.0,
31871,550364,1,1,11,0,70,1,1,1,55,0,high,1.0,
31872,550365,2,3,9,6,55,1,1,1,55,0,high,0.6666666666666666,
31873,550366,1,2,9,0,55,1,1,1,55,0,low,0.5,
31874,550367,1,3,11,2,55,1,1,1,55,0,low,0.3333333333333333,
31875,550368,1,4,11,2,45,1,1,1,55,0,low,0.25,
31876,550369,1,3,11,2,55,1,1,1,55,0,low,0.3333333333333333,
31877,550370,1,3,11,6,55,1,1,1,55,0,low,0.3333333333333333,
31878,550371,1,1,9,0,55,2,1,1,55,1,high,1.0,
31879,550372,1,1,11,0,35,3,10,2,55,0,high,1.0,
31880,550373,1,1,9,0,45,1,1,1,55,1,high,1.0,
31881,550374,2,4,9,0,70,1,1,1,55,0,low,0.5,
31882,550375,1,1,9,0,50,2,1,1,55,1,high,1.0,
31883,550376,1,1,9,0,55,2,1,1,55,1,high,1.0,
31884,550377,1,3,11,6,65,2,1,1,55,1,low,0.3333333333333333,
31885,550378,2,3,9,8,55,1,1,1,55,1,high,0.6666666666666666,
31886,550379,1,4,9,0,30,1,1,1,55,1,low,0.25,
31887,550380,1,3,11,0,65,2,1,1,55,0,low,0.3333333333333333,
31888,550381,1,2,11,2,65,2,1,1,55,0,low,0.5,
31889,550382,1,3,11,6,55,1,1,1,55,0,low,0.3333333333333333,
31890,550383,1,4,9,0,55,2,1,1,55,0,low,0.25,
31891,550384,1,3,9,0,55,2,1,1,55,0,low,0.3333333333333333,
31892,550385,1,2,11,6,50,1,1,1,55,0,low,0.5,
31893,550386,1,2,11,6,55,1,10,1,55,0,low,0.5,
31894,550387,1,2,11,6,55,1,1,1,55,0,low,0.5,
31895,550388,1,1,9,0,40,2,1,1,55,0,high,1.0,
31896,550389,1,4,9,2,70,1,2,2,55,0,low,0.25,
31897,550390,1,2,9,8,55,1,1,1,55,1,low,0.5,
31898,550391,1,3,9,2,55,1,2,2,55,0,low,0.3333333333333333,
31899,550392,1,9,10,2,65,2,1,1,55,1,low,0.1111111111111111,
31900,550393,2,4,11,6,55,2,10,1,55,0,low,0.5,
31901,550394,1,2,9,1,45,1,1,1,55,0,low,0.5,
31902,550395,1,2,9,0,30,3,1,1,55,0,low,0.5,
31903,550396,1,3,9,2,50,1,1,2,55,0,low,0.3333333333333333,
31904,550397,1,4,9,2,30,1,1,1,55,1,low,0.25,
31905,550398,1,1,10,0,55,2,1,1,55,1,high,1.0,
31906,550399,1,1,9,0,55,1,1,1,55,0,high,1.0,
31907,550400,1,1,9,0,55,1,1,1,55,0,high,1.0,
31908,550401,1,1,11,0,55,1,10,1,55,1,high,1.0,
31909,550402,1,2,11,0,45,2,1,1,55,1,low,0.5,
31910,550403,1,1,10,0,45,1,10,1,55,1,high,1.0,
31911,550404,1,5,9,6,45,1,1,1,55,0,low,0.2,
31912,550405,1,4,9,6,45,1,1,1,55,1,low,0.25,
31913,550406,1,1,5,0,35,1,10,1,55,0,high,1.0,
31914,550407,1,1,9,0,30,2,1,1,55,0,high,1.0,
31915,550408,1,3,10,7,30,3,1,1,55,2,low,0.3333333333333333,
31916,550409,2,1,11,0,55,2,1,1,55,1,high,2.0,
31917,550410,1,1,11,0,55,1,1,1,55,0,high,1.0,
31918,550411,1,3,11,2,55,1,1,1,55,0,low,0.3333333333333333,
31919,550412,2,5,10,0,25,3,10,1,55,1,low,0.4,
31920,550413,1,1,9,0,55,1,1,1,55,1,high,1.0,
31921,550414,1,2,9,1,55,1,1,1,55,0,low,0.5,
31922,550415,2,4,9,8,55,2,2,2,55,1,low,0.5,
31923,550416,1,6,9,6,25,1,1,1,55,0,low,0.16666666666666666,
31924,550417,1,1,9,0,55,2,10,1,55,1,high,1.0,
31925,550418,1,1,9,0,55,1,1,1,55,0,high,1.0,
31926,550419,1,3,10,0,25,3,10,2,55,1,low,0.3333333333333333,
31927,550420,1,2,11,6,55,1,1,10,55,0,low,0.5,
31928,550421,1,4,11,0,30,3,4,3,55,0,low,0.25,
31929,550422,1,2,10,0,55,1,10,1,55,0,low,0.5,
31930,550423,1,3,10,0,65,1,1,1,55,0,low,0.3333333333333333,
31931,550424,1,5,11,1,70,1,1,1,55,0,low,0.2,
31932,550425,1,1,11,0,55,3,1,10,55,1,high,1.0,
31933,550426,1,1,11,0,30,3,10,2,55,1,high,1.0,
31934,550427,1,3,11,2,55,1,2,2,55,0,low,0.3333333333333333,
31935,550428,1,3,11,0,70,2,1,1,55,1,low,0.3333333333333333,
31936,550429,1,2,10,6,35,1,1,1,55,0,low,0.5,
31937,550430,1,2,11,0,45,2,1,1,55,1,low,0.5,
31938,550431,1,1,11,0,40,2,10,1,55,0,high,1.0,
31939,550432,1,1,11,0,55,2,10,2,55,0,high,1.0,
31940,550433,1,1,11,0,45,2,2,2,55,0,high,1.0,
31941,550434,1,3,11,2,25,3,1,1,55,0,low,0.3333333333333333,
31942,550435,1,4,11,0,30,3,10,1,55,0,low,0.25,
31943,550436,1,1,10,0,35,3,10,1,55,0,high,1.0,
31944,550437,1,1,10,0,55,1,1,1,55,0,high,1.0,
31945,550438,1,2,10,0,30,2,1,1,55,1,low,0.5,
31946,550439,1,1,11,0,30,3,2,2,55,0,high,1.0,
31947,550440,1,2,9,6,55,1,1,1,55,0,low,0.5,
31948,550441,1,1,10,0,40,2,1,1,55,1,high,1.0,
31949,550442,1,6,10,2,55,5,10,1,55,0,low,0.16666666666666666,
31950,550443,1,1,10,0,55,1,10,1,55,0,high,1.0,
31951,550444,1,5,10,7,55,1,1,1,55,0,low,0.2,
31952,550445,1,2,10,1,65,2,1,1,55,0,low,0.5,
31953,550446,1,1,10,0,50,3,1,1,55,0,high,1.0,
31954,550447,1,3,10,1,50,3,1,1,55,1,low,0.3333333333333333,
31955,550448,1,4,10,1,55,2,1,1,55,0,low,0.25,
31956,550449,1,1,10,0,30,3,1,1,55,0,high,1.0,
31957,550450,1,2,9,6,55,1,1,1,55,0,low,0.5,
31958,550451,1,10,10,8,55,1,1,1,55,0,low,0.1,
31959,550452,1,5,10,0,35,1,1,1,55,1,low,0.2,
31960,550453,3,9,10,6,55,2,10,1,55,0,low,0.3333333333333333,
31961,550454,1,1,10,0,50,2,1,1,55,1,high,1.0,
31962,550455,1,1,10,0,25,1,1,1,55,0,high,1.0,
31963,550456,1,2,11,6,45,1,1,1,55,0,low,0.5,
31964,550457,1,3,10,6,55,2,1,1,55,0,low,0.3333333333333333,
31965,550458,1,1,10,0,25,3,1,1,55,0,high,1.0,
31966,550459,1,3,10,1,70,2,2,2,55,1,low,0.3333333333333333,
31967,550460,1,2,11,6,35,3,1,1,55,0,low,0.5,
31968,550461,1,2,9,6,55,1,1,1,55,1,low,0.5,
31969,550462,1,1,12,0,70,2,3,3,55,0,high,1.0,
31970,550463,1,2,10,2,55,2,1,1,55,0,low,0.5,
31971,550464,1,1,12,0,65,2,10,4,55,0,high,1.0,
31972,550465,1,2,10,2,30,3,2,2,55,0,low,0.5,
31973,550466,1,2,10,1,55,2,2,2,55,0,low,0.5,
31974,550467,1,2,10,0,65,2,1,1,55,1,low,0.5,
31975,550468,1,2,10,0,40,2,2,2,55,0,low,0.5,
31976,550469,1,2,9,6,45,1,10,1,55,0,low,0.5,
31977,550470,1,2,10,6,55,1,2,2,55,0,low,0.5,
31978,550471,1,1,9,0,65,2,10,1,55,1,high,1.0,
31979,550472,1,2,10,6,15,3,1,1,55,0,low,0.5,
31980,550473,1,1,9,0,55,1,10,1,55,1,high,1.0,
31981,550474,1,2,9,0,45,5,1,1,55,1,low,0.5,
31982,550475,1,1,10,0,45,2,1,1,55,1,high,1.0,
31983,550476,1,4,9,0,55,1,1,1,55,0,low,0.25,
31984,550477,1,1,12,0,55,2,1,1,55,0,high,1.0,
31985,550478,1,1,9,0,55,2,1,1,55,1,high,1.0,
31986,550479,1,1,12,0,55,4,1,4,55,0,high,1.0,
31987,550480,1,2,12,6,45,1,1,2,55,0,low,0.5,
31988,550481,1,1,9,0,65,2,1,1,55,1,high,1.0,
31989,550482,1,2,9,2,55,2,1,1,55,1,low,0.5,
31990,550483,1,1,12,0,55,1,10,1,55,0,high,1.0,
31991,550484,1,3,12,6,55,1,1,1,55,0,low,0.3333333333333333,
31992,550485,1,1,12,0,70,5,10,1,55,0,high,1.0,
31993,550486,1,1,9,0,55,2,1,1,55,0,high,1.0,
31994,550487,1,2,12,2,55,1,10,1,55,0,low,0.5,
31995,550488,2,2,12,0,55,2,1,2,55,1,high,1.0,
31996,550489,1,1,12,0,25,3,10,1,55,1,high,1.0,
31997,550490,1,1,10,0,55,1,99,99,55,0,high,1.0,
31998,550491,1,2,12,0,55,1,10,1,55,0,low,0.5,
31999,550492,1,1,9,0,55,2,1,1,55,0,high,1.0,
32000,550493,1,3,10,6,55,2,1,1,55,0,low,0.3333333333333333,
32001,550494,1,1,12,0,55,2,2,2,55,1,high,1.0,
32002,550495,1,1,12,0,0,1,10,0,55,0,high,1.0,
32003,550496,1,1,9,0,55,1,2,2,55,1,high,1.0,
32004,550497,1,2,9,6,55,2,1,1,55,1,low,0.5,
32005,550498,1,1,10,0,25,1,1,1,55,0,high,1.0,
32006,550499,1,2,11,6,55,1,2,2,55,0,low,0.5,
32007,550500,1,1,12,0,25,3,1,1,55,0,high,1.0,
32008,550501,1,1,9,0,55,2,10,1,55,0,high,1.0,
32009,550502,1,3,12,8,55,1,3,3,55,0,low,0.3333333333333333,
32010,550503,1,1,12,0,98,9,99,2,55,0,high,1.0,
32011,550504,1,2,12,6,55,1,4,3,55,0,low,0.5,
32012,550505,1,3,12,1,40,1,10,2,55,0,low,0.3333333333333333,
32013,550506,1,1,12,0,45,1,10,2,55,1,high,1.0,
32014,550507,1,1,12,0,55,2,4,3,55,0,high,1.0,
32015,550508,1,1,12,0,25,4,10,3,55,0,high,1.0,
32016,550509,1,3,12,6,65,2,10,1,55,0,low,0.3333333333333333,
32017,550510,1,2,12,0,25,3,1,1,55,1,low,0.5,
32018,550511,1,1,12,0,55,1,1,1,55,0,high,1.0,
32019,550512,1,2,12,0,55,1,10,1,55,0,low,0.5,
32020,550513,1,2,12,0,35,3,2,2,55,1,low,0.5,
32021,550514,2,4,12,6,30,1,10,2,55,0,low,0.5,
32022,550515,1,2,12,2,25,1,10,2,55,0,low,0.5,
32023,550516,3,4,12,6,55,5,1,3,55,1,high,0.75,
32024,550517,1,1,12,0,45,1,10,2,55,0,high,1.0,
32025,550518,1,1,12,0,55,2,10,2,55,1,high,1.0,
32026,550519,1,3,12,0,35,3,1,1,55,0,low,0.3333333333333333,
32027,550520,1,1,12,0,45,1,10,4,55,0,high,1.0,
32028,550521,1,6,8,0,98,2,10,1,55,1,low,0.16666666666666666,
32029,550522,1,6,7,2,55,2,1,8,55,1,low,0.16666666666666666,
32030,550523,1,1,7,0,98,2,1,1,55,0,high,1.0,
32031,550524,1,1,11,0,55,2,10,1,55,1,high,1.0,
32032,550525,1,3,9,1,25,3,1,1,55,0,low,0.3333333333333333,
32033,550526,1,2,5,6,25,1,10,2,55,0,low,0.5,
32034,550527,1,3,5,6,35,1,1,1,55,0,low,0.3333333333333333,
32035,550528,1,6,4,6,35,3,1,1,55,0,low,0.16666666666666666,
32036,550529,1,9,6,2,65,2,2,2,55,1,low,0.1111111111111111,
32037,560001,1,1,1,0,65,9,99,1,56,1,high,1.0,
32038,560002,2,9,1,2,65,1,11,4,56,0,low,0.2222222222222222,
32039,560003,1,5,1,0,80,1,11,4,56,0,low,0.2,
32040,560004,1,4,1,0,45,2,1,4,56,0,low,0.25,
32041,560005,1,2,1,0,65,2,4,4,56,0,low,0.5,
32042,560006,1,1,1,0,65,1,1,1,56,0,high,1.0,
32043,560007,1,1,1,0,80,1,1,2,56,0,high,1.0,
32044,560008,1,1,1,0,55,2,1,1,56,1,high,1.0,
32045,560009,1,5,1,0,55,2,1,4,56,1,low,0.2,
32046,560010,1,4,2,6,65,1,1,1,56,1,low,0.25,
32047,560011,1,1,2,0,65,1,1,1,56,1,high,1.0,
32048,560012,1,3,2,0,60,2,4,3,56,1,low,0.3333333333333333,
32049,560013,1,1,2,0,45,3,10,1,56,1,high,1.0,
32050,560014,3,6,3,6,65,2,4,3,56,0,low,0.5,
32051,560015,1,1,3,0,55,2,1,1,56,1,high,1.0,
32052,560016,1,1,3,0,65,1,1,1,56,1,high,1.0,
32053,560017,1,3,3,6,30,1,1,1,56,0,low,0.3333333333333333,
32054,560018,1,1,3,0,80,2,1,1,56,1,high,1.0,
32055,560019,1,2,3,6,55,1,6,1,56,0,low,0.5,
32056,560020,1,5,3,2,55,1,1,1,56,1,low,0.2,
32057,560021,1,2,4,0,80,2,1,1,56,0,low,0.5,
32058,560022,1,1,4,0,65,1,1,1,56,0,high,1.0,
32059,560023,1,1,4,0,55,1,1,1,56,1,high,1.0,
32060,560024,1,2,4,0,65,2,1,1,56,1,low,0.5,
32061,560025,1,1,4,0,30,3,1,1,56,0,high,1.0,
32062,560026,1,1,4,0,40,1,1,1,56,1,high,1.0,
32063,560027,1,1,4,0,65,1,1,1,56,0,high,1.0,
32064,560028,1,3,4,0,80,1,1,1,56,0,low,0.3333333333333333,
32065,560029,1,1,4,0,65,1,10,1,56,0,high,1.0,
32066,560030,1,1,4,0,65,2,1,1,56,1,high,1.0,
32067,560031,2,27,4,6,75,1,4,4,56,0,low,0.07407407407407407,
32068,560032,1,2,4,0,40,2,1,1,56,1,low,0.5,
32069,560033,1,2,4,0,0,1,1,1,56,0,low,0.5,
32070,560034,1,1,5,0,55,2,1,99,56,1,high,1.0,
32071,560035,1,2,5,0,75,2,1,1,56,1,low,0.5,
32072,560036,1,3,5,2,65,1,1,1,56,0,low,0.3333333333333333,
32073,560037,1,2,5,1,80,2,1,1,56,0,low,0.5,
32074,560038,2,2,5,0,45,1,10,2,56,0,high,1.0,
32075,560039,1,2,5,6,65,1,1,1,56,0,low,0.5,
32076,560040,1,2,5,1,65,1,1,1,56,0,low,0.5,
32077,560041,1,4,5,6,65,1,2,2,56,0,low,0.25,
32078,560042,1,1,5,0,30,1,1,1,56,0,high,1.0,
32079,560043,1,1,5,0,65,1,1,1,56,0,high,1.0,
32080,560044,1,3,5,0,80,2,1,1,56,0,low,0.3333333333333333,
32081,560045,1,1,5,0,30,4,1,1,56,0,high,1.0,
32082,560047,2,2,6,0,65,1,1,1,56,1,high,1.0,
32083,560048,1,1,6,0,65,2,1,1,56,1,high,1.0,
32084,560049,1,7,6,6,65,2,5,2,56,0,low,0.14285714285714285,
32085,560050,1,2,6,7,75,1,1,1,56,0,low,0.5,
32086,560051,1,2,6,6,30,1,2,2,56,0,low,0.5,
32087,560052,1,2,6,0,55,1,1,1,56,1,low,0.5,
32088,560053,1,1,6,0,65,1,1,11,56,0,high,1.0,
32089,560054,1,2,6,0,65,1,1,1,56,1,low,0.5,
32090,560055,3,5,6,1,80,1,1,1,56,0,high,0.6,
32091,560056,1,1,6,0,30,1,1,1,56,0,high,1.0,
32092,560057,1,1,6,0,80,1,1,1,56,0,high,1.0,
32093,560058,1,1,6,0,65,2,1,1,56,1,high,1.0,
32094,560059,1,2,6,0,55,1,1,11,56,0,low,0.5,
32095,560060,1,3,7,6,65,1,2,2,56,0,low,0.3333333333333333,
32096,560061,1,1,7,0,65,2,1,1,56,0,high,1.0,
32097,560062,1,2,7,0,65,1,1,1,56,0,low,0.5,
32098,560063,1,2,7,0,65,3,1,1,56,1,low,0.5,
32099,560064,1,2,7,6,55,5,1,1,56,0,low,0.5,
32100,560065,1,2,7,0,55,1,1,1,56,1,low,0.5,
32101,560066,1,2,7,6,65,1,2,2,56,0,low,0.5,
32102,560067,1,1,7,0,65,1,1,1,56,0,high,1.0,
32103,560068,1,2,7,6,30,1,1,1,56,0,low,0.5,
32104,560069,1,5,7,0,65,1,1,1,56,0,low,0.2,
32105,560070,1,2,7,1,75,2,1,1,56,0,low,0.5,
32106,560071,1,3,7,0,55,1,1,1,56,1,low,0.3333333333333333,
32107,560072,1,8,7,11,65,1,1,1,56,0,low,0.125,
32108,560073,1,2,7,1,45,3,1,1,56,0,low,0.5,
32109,560074,1,12,7,0,65,1,1,1,56,1,low,0.08333333333333333,
32110,560075,1,5,7,0,80,2,1,1,56,0,low,0.2,
32111,560076,1,2,7,0,65,1,1,1,56,0,low,0.5,
32112,560077,1,1,7,0,30,5,1,1,56,1,high,1.0,
32113,560078,1,2,8,0,30,3,1,1,56,1,low,0.5,
32114,560079,1,1,8,0,55,1,1,1,56,1,high,1.0,
32115,560080,1,3,8,6,45,1,1,1,56,0,low,0.3333333333333333,
32116,560081,2,6,8,2,65,1,1,1,56,0,low,0.3333333333333333,
32117,560082,1,3,8,6,65,1,1,1,56,0,low,0.3333333333333333,
32118,560083,1,1,8,0,80,1,1,1,56,0,high,1.0,
32119,560084,1,1,8,0,55,2,1,1,56,1,high,1.0,
32120,560085,1,2,8,0,65,1,4,2,56,0,low,0.5,
32121,560086,1,1,8,0,75,1,1,1,56,0,high,1.0,
32122,560087,1,1,8,0,65,1,1,1,56,1,high,1.0,
32123,560088,1,1,8,0,55,1,1,1,56,0,high,1.0,
32124,560089,2,3,8,2,65,1,10,1,56,0,high,0.6666666666666666,
32125,560090,2,3,8,2,65,1,1,1,56,0,high,0.6666666666666666,
32126,560091,1,7,8,0,65,5,1,1,56,1,low,0.14285714285714285,
32127,560092,1,2,8,6,45,1,1,1,56,0,low,0.5,
32128,560093,2,2,8,2,65,2,1,1,56,1,high,1.0,
32129,560094,1,1,8,0,45,2,1,1,56,1,high,1.0,
32130,560095,1,1,8,0,30,2,2,2,56,1,high,1.0,
32131,560096,1,4,9,6,65,1,1,1,56,1,low,0.25,
32132,560097,1,1,9,0,55,1,1,1,56,0,high,1.0,
32133,560098,1,3,9,0,55,2,1,1,56,1,low,0.3333333333333333,
32134,560099,1,1,9,0,80,1,1,1,56,0,high,1.0,
32135,560100,1,2,9,0,80,1,1,1,56,0,low,0.5,
32136,560101,1,2,9,2,65,2,1,1,56,2,low,0.5,
32137,560102,1,2,9,0,65,1,1,1,56,1,low,0.5,
32138,560103,1,1,9,0,30,1,1,1,56,1,high,1.0,
32139,560104,1,2,10,0,80,2,10,1,56,1,low,0.5,
32140,560105,1,1,10,0,65,1,1,1,56,0,high,1.0,
32141,560106,1,1,10,0,65,2,1,1,56,1,high,1.0,
32142,560107,1,1,10,0,65,2,1,1,56,1,high,1.0,
32143,560108,1,1,10,0,65,1,1,1,56,1,high,1.0,
32144,560109,1,2,10,2,65,1,10,1,56,0,low,0.5,
32145,560110,1,2,10,0,65,1,1,1,56,0,low,0.5,
32146,560111,1,1,10,0,65,1,1,1,56,1,high,1.0,
32147,560112,1,2,10,0,65,2,1,1,56,1,low,0.5,
32148,560113,1,1,10,0,55,2,2,2,56,0,high,1.0,
32149,560114,1,2,11,0,65,2,99,2,56,0,low,0.5,
32150,560115,2,3,11,0,55,1,1,1,56,1,high,0.6666666666666666,
32151,560116,2,2,11,0,30,2,10,1,56,0,high,1.0,
32152,560117,2,2,11,0,65,2,1,1,56,1,high,1.0,
32153,560118,1,1,11,0,80,2,1,1,56,0,high,1.0,
32154,560119,1,2,11,2,65,1,1,1,56,1,low,0.5,
32155,560120,1,2,11,0,35,2,1,1,56,1,low,0.5,
32156,560121,1,2,11,6,30,2,1,1,56,0,low,0.5,
32157,560122,1,2,11,7,75,1,1,1,56,1,low,0.5,
32158,560123,1,2,11,0,55,2,1,1,56,0,low,0.5,
32159,560124,1,5,11,0,75,2,1,1,56,0,low,0.2,
32160,560125,1,2,12,2,65,2,1,1,56,0,low,0.5,
32161,560126,2,2,12,2,65,4,1,1,56,0,high,1.0,
32162,560127,1,3,12,0,40,3,1,1,56,1,low,0.3333333333333333,
32163,560128,1,2,12,6,55,1,1,10,56,0,low,0.5,
32164,560129,1,4,12,6,65,2,4,2,56,0,low,0.25,
32165,560130,1,1,12,0,40,2,1,1,56,0,high,1.0,