,ST_CASE,FATALS,PERSONS,MONTH,MAN_COLL,VSPD_LIM,LGT_COND,WEATHER,VSURCOND,STATE,DRUNK_DR,rate,rate_numerical,arrival_time
2494,60371,1,8,2,6,35,3,2,2,6,0,low,0.125,10.0
2495,60372,1,1,3,0,65,1,1,1,6,0,high,1.0,6.0
2496,60373,1,2,3,0,45,3,1,1,6,1,low,0.5,8.0
2497,60374,1,1,2,0,35,3,1,1,6,0,high,1.0,12.0
2498,60375,1,2,2,2,50,2,10,1,6,1,low,0.5,9.0
2499,60376,1,1,3,0,35,1,1,1,6,0,high,1.0,49.0
2500,60377,1,5,2,0,65,2,10,2,6,0,low,0.2,15.0
2501,60378,1,1,3,0,65,2,1,1,6,1,high,1.0,5.0
2502,60379,1,3,2,0,35,3,1,1,6,1,low,0.3333333333333333,9.0
2503,60380,3,4,1,2,65,3,1,1,6,2,high,0.75,7.0
2504,60381,1,4,3,0,65,2,1,1,6,0,low,0.25,5.0
2505,60382,4,8,3,2,45,3,1,1,6,1,low,0.5,4.0
2506,60383,1,2,3,6,45,1,1,1,6,0,low,0.5,9.0
2507,60384,1,1,3,0,25,4,1,1,6,0,high,1.0,0.0
2508,60385,1,2,3,1,65,3,1,1,6,1,low,0.5,2.0
2509,60386,1,1,3,0,25,3,1,1,6,0,high,1.0,14.0
2510,60387,1,1,1,0,40,1,1,1,6,0,high,1.0,2.0
2511,60388,1,2,3,0,55,1,1,1,6,1,low,0.5,7.0
2512,60389,1,1,3,0,40,4,10,2,6,0,high,1.0,10.0
2513,60390,1,1,3,0,70,3,1,1,6,0,high,1.0,10.0
2514,60391,1,2,3,6,55,5,1,1,6,0,low,0.5,13.0
2515,60392,1,1,3,0,50,3,1,1,6,0,high,1.0,7.0
2516,60393,2,2,3,2,55,1,1,1,6,0,high,1.0,16.0
2517,60394,1,2,3,0,40,2,1,1,6,0,low,0.5,6.0
2518,60395,1,1,3,0,65,3,1,1,6,1,high,1.0,10.0
2519,60396,1,1,3,0,50,2,1,98,6,0,high,1.0,9.0
2520,60397,1,1,3,0,15,3,1,1,6,0,high,1.0,10.0
2521,60398,1,1,2,0,55,3,10,2,6,0,high,1.0,51.0
2522,60399,1,1,3,0,55,1,1,1,6,0,high,1.0,8.0
2523,60400,1,2,3,1,65,2,2,2,6,1,low,0.5,12.0
2524,60401,1,1,3,0,35,1,1,1,6,0,high,1.0,10.0
2525,60402,1,2,3,0,65,2,1,1,6,0,low,0.5,8.0
2526,60403,1,1,1,0,40,3,1,1,6,0,high,1.0,37.0
2527,60404,1,1,3,0,35,3,1,1,6,0,high,1.0,15.0
2528,60405,1,1,3,0,55,1,10,1,6,0,high,1.0,16.0
2529,60406,1,5,3,0,35,3,1,1,6,0,low,0.2,6.0
2530,60407,1,1,3,6,65,2,10,2,6,0,high,1.0,3.0
2531,60408,1,2,2,0,45,5,1,1,6,0,low,0.5,57.0
2532,60409,1,2,3,0,30,1,1,1,6,0,low,0.5,6.0
2533,60410,1,1,3,0,25,1,1,1,6,0,high,1.0,17.0
2534,60411,1,1,3,0,65,2,10,1,6,1,high,1.0,8.0
2535,60412,1,3,3,0,30,1,1,1,6,0,low,0.3333333333333333,2.0
2536,60413,1,1,3,0,40,5,2,2,6,0,high,1.0,6.0
2537,60414,2,3,3,6,50,3,1,1,6,2,high,0.6666666666666666,5.0
2538,60415,1,1,3,0,40,1,10,2,6,0,high,1.0,5.0
2539,60416,1,1,3,0,55,2,1,1,6,0,high,1.0,3.0
2540,60417,1,2,3,2,55,5,10,1,6,0,low,0.5,8.0
2541,60418,1,1,2,0,45,2,1,1,6,0,high,1.0,15.0
2542,60419,1,1,3,0,55,1,1,2,6,0,high,1.0,28.0
2543,60420,1,6,3,6,55,1,1,1,6,0,low,0.16666666666666666,54.0
2544,60421,1,2,3,0,65,2,1,1,6,0,low,0.5,7.0
2545,60422,1,1,3,0,35,1,1,1,6,0,high,1.0,6.0
2546,60423,1,3,2,1,65,1,1,1,6,0,low,0.3333333333333333,5.0
2547,60424,1,1,3,0,70,1,1,1,6,0,high,1.0,14.0
2548,60425,1,2,3,0,35,2,1,1,6,0,low,0.5,7.0
2549,60426,1,1,3,0,35,2,1,1,6,1,high,1.0,8.0
2550,60427,1,4,3,6,40,1,1,1,6,0,low,0.25,8.0
2551,60428,1,3,3,0,40,1,1,1,6,0,low,0.3333333333333333,8.0
2552,60429,1,2,3,2,55,2,5,1,6,0,low,0.5,8.0
2553,60430,1,4,3,0,25,1,1,1,6,0,low,0.25,9.0
2554,60431,1,1,3,0,35,3,1,1,6,0,high,1.0,4.0
2555,60432,1,2,2,2,55,1,5,1,6,0,low,0.5,22.0
2556,60433,1,2,3,0,60,3,1,1,6,0,low,0.5,5.0
2557,60435,1,4,3,0,40,3,1,1,6,0,low,0.25,15.0
2558,60436,1,1,2,0,45,3,1,1,6,0,high,1.0,25.0
2559,60437,1,2,3,2,55,3,1,1,6,1,low,0.5,17.0
2560,60438,1,1,3,0,50,3,1,1,6,0,high,1.0,11.0
2561,60439,1,1,3,0,25,3,1,1,6,0,high,1.0,5.0
2562,60440,1,1,3,0,45,1,1,1,6,1,high,1.0,7.0
2563,60441,1,1,3,0,25,1,1,1,6,0,high,1.0,3.0
2564,60442,1,2,2,2,55,1,1,1,6,0,low,0.5,14.0
2565,60443,1,1,3,0,45,2,1,1,6,0,high,1.0,6.0
2566,60444,1,4,3,6,55,1,1,1,6,0,low,0.25,14.0
2567,60445,1,2,3,0,50,2,1,1,6,1,low,0.5,3.0
2568,60446,1,5,3,9,55,1,1,1,6,0,low,0.2,15.0
2569,60447,1,2,3,6,30,1,1,1,6,1,low,0.5,11.0
2570,60448,2,3,2,2,65,1,1,1,6,1,high,0.6666666666666666,22.0
2571,60449,1,1,3,0,65,3,2,2,6,0,high,1.0,9.0
2572,60450,1,1,3,0,30,3,1,1,6,0,high,1.0,2.0
2573,60451,1,1,3,0,55,1,10,1,6,0,high,1.0,8.0
2574,60452,2,8,3,0,35,3,1,1,6,1,low,0.25,4.0
2575,60453,1,3,3,0,35,6,1,1,6,0,low,0.3333333333333333,11.0
2576,60454,1,1,3,0,98,3,1,1,6,1,high,1.0,28.0
2577,60455,1,3,2,6,55,1,1,1,6,0,low,0.3333333333333333,19.0
2578,60456,1,2,2,2,45,2,1,1,6,1,low,0.5,55.0
2579,60457,1,1,3,0,65,2,1,1,6,0,high,1.0,16.0
2580,60458,2,1,2,0,55,2,1,1,6,0,high,2.0,8.0
2581,60459,1,3,3,2,55,2,1,1,6,1,low,0.3333333333333333,18.0
2582,60460,1,8,2,1,50,1,10,1,6,0,low,0.125,10.0
2583,60461,1,3,3,0,65,3,1,1,6,0,low,0.3333333333333333,54.0
2584,60462,1,2,2,98,98,3,1,1,6,0,low,0.5,5.0
2585,60463,1,1,3,0,65,2,1,1,6,0,high,1.0,15.0
2586,60464,1,1,3,0,55,2,10,1,6,0,high,1.0,13.0
2587,60465,1,2,3,1,65,3,1,1,6,0,low,0.5,3.0
2588,60466,1,3,3,1,65,3,1,1,6,2,low,0.3333333333333333,23.0
2589,60467,1,1,3,0,35,4,1,1,6,0,high,1.0,5.0
2590,60468,1,1,2,0,35,1,1,1,6,0,high,1.0,14.0
2591,60469,1,6,3,1,60,2,1,1,6,0,low,0.16666666666666666,6.0
2592,60470,1,2,3,2,35,3,1,1,6,1,low,0.5,6.0
2593,60471,1,1,3,0,65,1,1,1,6,0,high,1.0,7.0
2594,60472,1,2,2,0,35,1,1,1,6,0,low,0.5,8.0
2595,60473,1,1,3,0,35,3,1,1,6,0,high,1.0,4.0
2596,60474,1,3,3,6,40,1,1,1,6,0,low,0.3333333333333333,6.0
2597,60475,1,2,3,0,55,1,1,1,6,0,low,0.5,9.0
2598,60476,2,5,3,2,55,1,1,1,6,0,low,0.4,18.0
2599,60477,1,1,3,0,25,1,1,1,6,1,high,1.0,10.0
2600,60478,1,4,3,8,55,1,1,1,6,0,low,0.25,7.0
2601,60479,1,2,3,6,25,1,1,1,6,0,low,0.5,11.0
2602,60480,1,2,3,0,65,2,1,1,6,0,low,0.5,7.0
2603,60481,1,8,3,1,65,1,1,1,6,0,low,0.125,11.0
2604,60482,1,6,3,6,35,3,1,1,6,1,low,0.16666666666666666,7.0
2605,60483,1,2,3,1,65,1,1,1,6,0,low,0.5,49.0
2606,60484,1,2,3,6,35,1,1,1,6,0,low,0.5,9.0
2607,60485,1,2,3,7,35,1,10,1,6,0,low,0.5,15.0
2608,60486,1,3,3,2,65,1,1,1,6,0,low,0.3333333333333333,11.0
2609,60487,1,2,3,0,35,1,1,1,6,0,low,0.5,11.0
2610,60488,1,3,3,1,35,1,1,1,6,0,low,0.3333333333333333,13.0
2611,60489,1,2,3,6,35,1,1,1,6,0,low,0.5,8.0
2612,60490,1,3,3,0,65,3,1,1,6,1,low,0.3333333333333333,1.0
2613,60491,1,3,3,8,45,1,1,1,6,1,low,0.3333333333333333,17.0
2614,60492,1,1,3,0,45,2,98,98,6,0,high,1.0,24.0
2615,60493,1,6,3,0,65,2,1,1,6,0,low,0.16666666666666666,31.0
2616,60494,1,1,3,0,40,3,1,1,6,0,high,1.0,11.0
2617,60495,1,3,3,6,35,3,1,1,6,1,low,0.3333333333333333,11.0
2618,60496,1,1,3,0,55,1,1,1,6,0,high,1.0,4.0
2619,60497,1,3,3,6,40,8,1,1,6,0,low,0.3333333333333333,34.0
2620,60498,2,2,3,1,70,2,1,1,6,0,high,1.0,5.0
2621,60499,1,1,3,0,65,1,1,1,6,0,high,1.0,4.0
2622,60500,1,1,3,0,45,3,1,1,6,0,high,1.0,15.0
2623,60501,1,2,3,0,55,1,1,1,6,1,low,0.5,7.0
2624,60502,1,1,3,0,45,3,1,1,6,1,high,1.0,7.0
2625,60503,1,2,3,6,65,1,1,1,6,1,low,0.5,8.0
2626,60504,1,2,3,6,35,3,1,1,6,0,low,0.5,15.0
2627,60505,1,2,3,0,45,2,1,1,6,0,low,0.5,4.0
2628,60506,1,3,3,6,55,1,1,1,6,0,low,0.3333333333333333,11.0
2629,60507,1,3,3,6,0,1,1,0,6,0,low,0.3333333333333333,8.0
2630,60508,1,1,3,0,35,3,1,1,6,0,high,1.0,27.0
2631,60509,1,3,3,2,55,1,1,1,6,0,low,0.3333333333333333,10.0
2632,60510,1,1,3,0,65,1,1,1,6,0,high,1.0,7.0
2633,60511,1,3,3,0,45,1,1,1,6,0,low,0.3333333333333333,8.0
2634,60512,1,27,3,1,55,1,1,1,6,0,low,0.037037037037037035,15.0
2635,60513,1,5,3,0,30,5,10,1,6,0,low,0.2,29.0
2636,60514,1,1,3,6,65,3,10,1,6,0,high,1.0,6.0
2637,60515,1,5,3,6,40,3,1,1,6,0,low,0.2,3.0
2638,60516,1,1,3,0,35,3,1,1,6,0,high,1.0,9.0
2639,60517,1,1,3,0,40,3,1,1,6,0,high,1.0,9.0
2640,60518,1,2,3,6,55,1,1,1,6,0,low,0.5,7.0
2641,60519,1,2,3,0,45,1,1,1,6,0,low,0.5,2.0
2642,60520,1,1,3,0,55,2,10,1,6,1,high,1.0,13.0
2643,60521,1,1,3,0,35,3,1,1,6,0,high,1.0,7.0
2644,60522,1,2,3,1,65,2,1,1,6,0,low,0.5,3.0
2645,60523,4,10,1,6,55,2,1,1,6,0,low,0.4,3.0
2646,60524,1,2,3,2,65,2,1,1,6,1,low,0.5,1.0
2647,60525,1,2,3,0,50,1,1,1,6,0,low,0.5,2.0
2648,60526,2,2,3,0,40,1,1,1,6,1,high,1.0,18.0
2649,60527,1,2,3,6,55,1,1,1,6,0,low,0.5,32.0
2650,60528,1,1,3,0,65,1,1,1,6,0,high,1.0,4.0
2651,60529,1,4,3,2,55,2,1,1,6,1,low,0.25,17.0
2652,60530,1,1,3,0,40,1,1,1,6,0,high,1.0,10.0
2653,60531,1,3,3,7,65,3,1,1,6,0,low,0.3333333333333333,13.0
2654,60532,1,1,3,0,55,2,10,1,6,1,high,1.0,5.0
2655,60533,1,3,3,0,55,2,1,1,6,1,low,0.3333333333333333,26.0
2656,60534,1,3,3,2,45,1,1,1,6,0,low,0.3333333333333333,4.0
2657,60535,1,1,3,0,55,1,1,1,6,0,high,1.0,34.0
2658,60536,1,1,3,0,55,3,1,1,6,0,high,1.0,12.0
2659,60537,1,4,3,0,35,2,1,1,6,0,low,0.25,15.0
2660,60538,1,1,3,0,35,3,1,1,6,0,high,1.0,5.0
2661,60539,1,2,3,2,50,3,1,1,6,1,low,0.5,20.0
2662,60540,1,1,3,0,45,3,1,1,6,1,high,1.0,9.0
2663,60541,1,1,3,0,35,3,1,1,6,0,high,1.0,4.0
2664,60542,1,5,3,0,65,6,1,1,6,1,low,0.2,6.0
2665,60543,1,2,3,0,55,2,1,1,6,0,low,0.5,12.0
2666,60544,1,3,3,0,65,2,1,1,6,0,low,0.3333333333333333,7.0
2667,60545,1,11,3,0,70,2,1,1,6,0,low,0.09090909090909091,4.0
2668,60546,1,2,3,2,45,1,1,1,6,1,low,0.5,7.0
2669,60547,1,2,3,0,55,2,1,1,6,0,low,0.5,6.0
2670,60548,1,1,3,1,65,2,5,2,6,0,high,1.0,23.0
2671,60549,1,2,3,0,65,2,1,1,6,0,low,0.5,6.0
2672,60550,1,1,3,0,55,1,1,1,6,0,high,1.0,3.0
2673,60551,1,4,3,7,70,1,1,1,6,0,low,0.25,10.0
2674,60552,1,4,3,6,45,1,1,1,6,0,low,0.25,16.0
2675,60553,1,1,3,0,35,2,1,1,6,1,high,1.0,13.0
2676,60554,1,3,3,6,70,3,1,1,6,0,low,0.3333333333333333,24.0
2677,60555,1,1,3,0,55,2,1,1,6,0,high,1.0,4.0
2678,60556,1,3,3,2,55,1,1,1,6,0,low,0.3333333333333333,19.0
2679,60557,1,1,3,0,50,2,1,1,6,1,high,1.0,4.0
2680,60558,2,3,3,2,55,1,5,1,6,1,high,0.6666666666666666,9.0
2681,60559,1,1,3,0,55,2,1,1,6,0,high,1.0,13.0
2682,60560,1,1,3,0,65,3,1,1,6,1,high,1.0,3.0
2683,60561,1,3,3,6,55,1,1,1,6,0,low,0.3333333333333333,15.0
2684,60562,1,2,3,0,65,3,1,1,6,0,low,0.5,5.0
2685,60563,1,1,3,0,65,3,1,1,6,0,high,1.0,1.0
2686,60564,1,1,3,0,35,3,1,1,6,0,high,1.0,36.0
2687,60565,1,2,3,0,30,1,1,1,6,0,low,0.5,0.0
2688,60566,1,2,3,6,40,1,1,1,6,0,low,0.5,21.0
2689,60567,1,1,3,0,65,2,1,1,6,0,high,1.0,4.0
2690,60568,1,3,3,2,55,1,1,1,6,0,low,0.3333333333333333,14.0
2691,60569,1,2,3,0,65,1,1,1,6,0,low,0.5,33.0
2692,60570,1,1,3,0,30,1,1,1,6,0,high,1.0,5.0
2693,60571,1,2,3,0,45,3,1,1,6,0,low,0.5,7.0
2694,60572,1,1,3,0,55,1,1,1,6,0,high,1.0,6.0
2695,60573,1,1,3,0,50,2,1,1,6,0,high,1.0,13.0
2696,60574,1,4,3,2,70,2,1,1,6,0,low,0.25,20.0
2697,60575,2,5,3,0,65,1,1,1,6,0,low,0.4,6.0
2698,60576,1,1,4,0,70,3,1,1,6,0,high,1.0,24.0
2699,60577,1,1,4,0,65,1,1,1,6,0,high,1.0,40.0
2700,60578,1,2,3,0,35,2,1,1,6,0,low,0.5,7.0
2701,60579,1,3,3,6,35,1,1,1,6,0,low,0.3333333333333333,7.0
2702,60580,1,2,4,2,55,1,1,1,6,0,low,0.5,20.0
2703,60581,1,3,4,1,65,1,1,1,6,0,low,0.3333333333333333,2.0
2704,60582,1,2,1,0,55,1,1,1,6,0,low,0.5,15.0
2705,60583,1,2,4,7,65,3,1,1,6,1,low,0.5,20.0
2706,60584,1,2,1,0,35,3,1,1,6,0,low,0.5,5.0
2707,60585,1,3,4,0,25,1,1,1,6,0,low,0.3333333333333333,10.0
2708,60586,1,2,4,0,45,1,10,1,6,0,low,0.5,10.0
2709,60587,1,1,1,0,25,1,1,1,6,0,high,1.0,7.0
2710,60588,1,1,1,0,45,1,1,1,6,0,high,1.0,11.0
2711,60589,1,2,4,1,50,3,1,1,6,1,low,0.5,6.0
2712,60590,1,1,3,0,65,4,1,1,6,1,high,1.0,18.0
2713,60591,1,1,3,0,65,1,1,1,6,0,high,1.0,9.0
2714,60592,1,4,3,0,70,3,1,1,6,0,low,0.25,8.0
2715,60593,1,1,3,0,55,1,1,1,6,1,high,1.0,7.0
2716,60594,1,1,3,0,35,1,1,1,6,0,high,1.0,6.0
2717,60595,1,1,3,0,65,1,1,1,6,0,high,1.0,5.0
2718,60596,1,1,3,0,40,1,1,1,6,0,high,1.0,7.0
2719,60597,1,1,3,0,35,1,1,1,6,0,high,1.0,9.0
2720,60598,1,1,3,0,45,3,1,1,6,0,high,1.0,2.0
2721,60599,1,1,2,0,45,3,1,1,6,0,high,1.0,12.0
2722,60600,1,1,3,0,35,3,1,1,6,0,high,1.0,16.0
2723,60601,1,3,3,0,55,1,1,1,6,0,low,0.3333333333333333,6.0
2724,60602,1,1,3,0,30,1,10,1,6,0,high,1.0,7.0
2725,60603,1,3,3,6,45,1,1,1,6,0,low,0.3333333333333333,12.0
2726,60604,1,2,3,0,55,2,1,1,6,1,low,0.5,7.0
2727,60605,1,6,3,6,40,1,1,1,6,0,low,0.16666666666666666,4.0
2728,60606,1,1,3,0,45,2,1,1,6,1,high,1.0,7.0
2729,60607,2,3,3,0,65,1,1,1,6,0,high,0.6666666666666666,3.0
2730,60608,1,1,3,0,55,1,1,1,6,0,high,1.0,6.0
2731,60609,1,1,3,0,50,3,1,1,6,1,high,1.0,8.0
2732,60610,1,1,4,0,55,5,1,1,6,1,high,1.0,12.0
2733,60611,1,6,3,2,55,1,1,1,6,0,low,0.16666666666666666,5.0
2734,60612,1,7,3,2,45,1,1,1,6,0,low,0.14285714285714285,2.0
2735,60613,1,1,3,0,25,3,1,1,6,1,high,1.0,11.0
2736,60614,1,1,3,0,55,1,1,1,6,0,high,1.0,6.0
2737,60615,1,2,3,0,40,3,1,1,6,0,low,0.5,8.0
2738,60616,1,1,4,0,25,1,1,1,6,0,high,1.0,11.0
2739,60617,1,1,3,0,25,3,1,1,6,1,high,1.0,3.0
2740,60618,1,1,4,0,45,1,1,1,6,0,high,1.0,8.0
2741,60619,1,1,3,0,40,3,1,1,6,0,high,1.0,10.0
2742,60620,1,1,3,0,65,1,1,1,6,0,high,1.0,4.0
2743,60621,1,2,3,0,50,1,1,1,6,0,low,0.5,26.0
2744,60622,1,1,3,9,65,2,1,1,6,0,high,1.0,18.0
2745,60623,1,2,4,0,65,3,1,1,6,1,low,0.5,11.0
2746,60624,1,2,3,6,35,1,1,1,6,2,low,0.5,8.0
2747,60625,1,1,4,0,40,1,1,1,6,1,high,1.0,3.0
2748,60626,1,5,4,1,25,3,1,1,6,1,low,0.2,4.0
2749,60627,1,1,4,0,25,3,1,1,6,0,high,1.0,5.0
2750,60628,1,2,4,6,55,2,1,1,6,0,low,0.5,18.0
2751,60629,1,1,4,0,65,1,10,1,6,0,high,1.0,7.0
2752,60630,1,1,4,0,45,3,1,1,6,0,high,1.0,2.0
2753,60631,1,1,4,0,40,2,1,1,6,0,high,1.0,8.0
2754,60632,1,3,4,6,55,1,10,1,6,0,low,0.3333333333333333,9.0
2755,60633,1,1,4,0,25,1,1,1,6,0,high,1.0,11.0
2756,60634,1,2,4,0,35,1,1,1,6,0,low,0.5,1.0
2757,60635,1,1,4,0,45,1,1,1,6,1,high,1.0,3.0
2758,60636,1,7,4,1,60,2,1,1,6,0,low,0.14285714285714285,34.0
2759,60637,1,1,4,0,65,1,1,1,6,0,high,1.0,11.0
2760,60638,1,1,4,0,35,3,10,1,6,0,high,1.0,7.0
2761,60639,1,1,4,0,45,1,10,1,6,0,high,1.0,20.0
2762,60640,1,3,4,0,60,1,1,1,6,0,low,0.3333333333333333,4.0
2763,60641,1,3,4,1,65,2,10,1,6,1,low,0.3333333333333333,12.0
2764,60642,1,1,4,0,25,3,1,1,6,0,high,1.0,7.0
2765,60643,1,1,2,0,30,3,5,2,6,1,high,1.0,9.0
2766,60644,1,3,4,0,65,2,1,1,6,0,low,0.3333333333333333,12.0
2767,60645,1,1,1,0,55,2,10,1,6,0,high,1.0,3.0
2768,60646,1,1,2,0,30,1,1,1,6,0,high,1.0,6.0
2769,60647,1,2,4,0,65,3,1,1,6,0,low,0.5,18.0
2770,60648,1,1,1,0,55,2,1,1,6,0,high,1.0,8.0
2771,60649,1,4,4,2,55,1,1,1,6,0,low,0.25,21.0
2772,60650,1,3,1,0,50,3,2,2,6,0,low,0.3333333333333333,3.0
2773,60651,1,1,4,0,30,3,1,1,6,1,high,1.0,6.0
2774,60652,1,3,3,0,65,1,1,1,6,0,low,0.3333333333333333,12.0
2775,60653,1,4,2,0,55,2,1,1,6,1,low,0.25,10.0
2776,60654,1,1,4,0,55,2,1,1,6,0,high,1.0,8.0
2777,60655,1,1,4,0,65,1,1,1,6,0,high,1.0,12.0
2778,60656,1,1,2,0,55,2,1,1,6,1,high,1.0,8.0
2779,60657,1,1,3,0,25,3,1,1,6,0,high,1.0,7.0
2780,60658,1,1,4,0,40,5,1,1,6,0,high,1.0,14.0
2781,60659,1,1,4,0,55,2,10,1,6,0,high,1.0,5.0
2782,60660,2,4,2,0,55,2,1,1,6,1,low,0.5,6.0
2783,60661,1,2,4,0,55,2,1,1,6,0,low,0.5,14.0
2784,60662,1,2,4,2,55,2,1,1,6,1,low,0.5,7.0
2785,60663,1,3,4,0,65,2,1,1,6,0,low,0.3333333333333333,25.0
2786,60664,1,4,4,0,40,3,1,1,6,0,low,0.25,5.0
2787,60665,1,1,4,0,45,3,1,1,6,1,high,1.0,13.0
2788,60666,1,3,3,6,40,1,1,1,6,0,low,0.3333333333333333,14.0
2789,60667,1,1,4,0,35,1,1,1,6,0,high,1.0,22.0
2790,60668,1,1,4,0,55,2,1,1,6,0,high,1.0,3.0
2791,60669,1,2,4,2,55,4,1,1,6,0,low,0.5,6.0
2792,60670,2,3,4,0,40,3,10,1,6,1,high,0.6666666666666666,7.0
2793,60671,1,1,4,0,55,1,1,1,6,0,high,1.0,5.0
2794,60672,1,3,4,7,65,1,1,1,6,0,low,0.3333333333333333,3.0
2795,60673,1,1,4,0,40,1,1,1,6,0,high,1.0,18.0
2796,60674,1,2,4,0,35,1,2,2,6,0,low,0.5,0.0
2797,60675,1,1,4,0,45,2,1,1,6,1,high,1.0,8.0
2798,60676,1,1,4,0,65,3,1,1,6,1,high,1.0,2.0
2799,60677,1,1,4,0,55,2,1,1,6,1,high,1.0,10.0
2800,60678,1,1,4,0,55,3,1,1,6,0,high,1.0,11.0
2801,60679,1,1,4,0,40,3,1,1,6,0,high,1.0,1.0
2802,60680,1,2,4,0,55,2,1,1,6,1,low,0.5,17.0
2803,60681,1,1,4,0,35,1,6,1,6,0,high,1.0,7.0
2804,60682,1,1,4,0,65,2,1,1,6,0,high,1.0,9.0
2805,60683,1,1,4,0,55,1,1,1,6,0,high,1.0,20.0
2806,60684,1,1,4,0,50,3,10,1,6,0,high,1.0,13.0
2807,60685,2,2,4,0,40,3,1,1,6,0,high,1.0,8.0
2808,60686,1,1,4,0,65,3,1,1,6,1,high,1.0,5.0
2809,60687,1,2,4,0,55,1,1,1,6,0,low,0.5,18.0
2810,60688,1,1,4,0,50,5,1,1,6,1,high,1.0,4.0
2811,60689,1,1,4,0,70,2,1,1,6,1,high,1.0,6.0
2812,60690,2,2,4,0,55,1,1,1,6,0,high,1.0,16.0
2813,60691,1,1,4,0,55,1,1,1,6,0,high,1.0,13.0
2814,60692,1,2,4,0,55,2,1,1,6,1,low,0.5,26.0
2815,60693,1,5,4,0,45,1,1,1,6,1,low,0.2,10.0
2816,60694,1,1,4,0,50,5,1,1,6,0,high,1.0,12.0
2817,60695,1,1,4,0,65,1,1,1,6,1,high,1.0,21.0
2818,60696,1,1,4,0,35,3,2,2,6,1,high,1.0,18.0
2819,60697,1,1,4,0,55,1,1,1,6,0,high,1.0,4.0
2820,60698,1,2,4,0,55,1,1,1,6,1,low,0.5,5.0
2821,60699,1,1,4,0,45,2,1,1,6,1,high,1.0,9.0
2822,60700,1,2,4,0,65,1,1,1,6,0,low,0.5,5.0
2823,60701,1,1,4,0,45,1,1,1,6,0,high,1.0,69.0
2824,60702,2,2,4,0,55,1,10,1,6,0,high,1.0,9.0
2825,60703,1,1,4,0,55,1,1,1,6,0,high,1.0,11.0
2826,60704,1,1,4,0,55,3,1,1,6,1,high,1.0,13.0
2827,60705,1,1,4,0,35,2,1,1,6,1,high,1.0,21.0
2828,60706,1,1,4,0,55,1,1,1,6,0,high,1.0,10.0
2829,60707,3,4,5,0,98,3,1,1,6,0,high,0.75,19.0
2830,60708,1,4,5,0,65,2,1,1,6,0,low,0.25,9.0
2831,60709,1,1,4,0,35,2,1,1,6,1,high,1.0,20.0
2832,60710,1,2,4,0,35,3,1,1,6,0,low,0.5,8.0
2833,60711,1,4,5,0,70,2,1,1,6,0,low,0.25,5.0
2834,60712,1,1,5,0,65,2,10,1,6,1,high,1.0,16.0
2835,60713,1,2,5,0,55,3,1,1,6,1,low,0.5,5.0
2836,60714,1,1,5,0,25,2,1,1,6,0,high,1.0,9.0
2837,60715,1,2,4,6,55,1,1,1,6,0,low,0.5,13.0
2838,60716,1,1,5,0,35,3,1,1,6,1,high,1.0,8.0
2839,60717,1,2,5,0,50,1,10,2,6,1,low,0.5,26.0
2840,60718,1,1,4,0,98,3,1,1,6,0,high,1.0,6.0
2841,60719,1,1,4,0,55,1,1,1,6,0,high,1.0,23.0
2842,60720,1,2,5,0,55,2,1,1,6,0,low,0.5,13.0
2843,60721,1,1,5,0,45,4,10,1,6,0,high,1.0,28.0
2844,60722,1,3,4,0,65,3,10,1,6,0,low,0.3333333333333333,21.0
2845,60723,1,8,4,6,40,1,1,1,6,1,low,0.125,24.0
2846,60724,1,1,5,0,65,1,1,1,6,0,high,1.0,9.0
2847,60725,1,1,5,0,55,2,1,1,6,1,high,1.0,11.0
2848,60726,1,3,5,0,65,2,1,1,6,0,low,0.3333333333333333,24.0
2849,60727,1,1,5,0,65,1,10,1,6,0,high,1.0,73.0
2850,60728,1,3,4,6,65,2,1,1,6,0,low,0.3333333333333333,8.0
2851,60729,1,1,5,0,55,1,10,2,6,0,high,1.0,13.0
2852,60730,1,1,5,0,55,1,1,1,6,0,high,1.0,18.0
2853,60731,1,1,5,0,65,2,1,1,6,1,high,1.0,7.0
2854,60732,1,1,5,0,50,1,1,1,6,1,high,1.0,5.0
2855,60733,1,1,5,0,25,3,2,2,6,1,high,1.0,3.0
2856,60734,1,1,5,0,98,1,1,1,6,1,high,1.0,6.0
2857,60735,1,1,5,0,55,4,1,1,6,1,high,1.0,22.0
2858,60736,1,2,5,0,55,1,1,1,6,1,low,0.5,13.0
2859,60737,1,2,5,0,55,3,10,1,6,1,low,0.5,2.0
2860,60738,1,2,5,0,45,2,1,1,6,1,low,0.5,13.0
2861,60739,1,3,3,1,65,1,1,1,6,0,low,0.3333333333333333,13.0
2862,60740,1,2,5,0,55,2,10,1,6,1,low,0.5,31.0
2863,60741,1,1,5,0,65,1,10,1,6,0,high,1.0,12.0
2864,60742,1,2,5,0,70,3,1,1,6,1,low,0.5,7.0